Info: Thread 0 pc = 0
Info: imem file = array.obj
Info: dmem file = data.map
Info: results file = array.result
Info: Init: IMEM[0] = 0xd41c0400
Info: Init: IMEM[1] = 0x541b7ff8
Info: Init: IMEM[2] = 0xe8000000
Info: Init: IMEM[3] = 0x68000000
Info: Init: IMEM[4] = 0x909a001b
Info: Init: IMEM[5] = 0x10980401
Info: Init: IMEM[6] = 0x1099040a
Info: Init: IMEM[7] = 0x68000000
Info: Init: IMEM[8] = 0x90990414
Info: Init: IMEM[9] = 0x68000000
Info: Init: IMEM[10] = 0x68000000
Info: Init: IMEM[11] = 0x68000000
Info: Init: IMEM[12] = 0x5099e400
Info: Init: IMEM[13] = 0x68000000
Info: Init: IMEM[14] = 0x68000000
Info: Init: IMEM[15] = 0x68000000
Info: Init: IMEM[16] = 0x9099041e
Info: Init: IMEM[17] = 0x68000000
Info: Init: IMEM[18] = 0x68000000
Info: Init: IMEM[19] = 0x68000000
Info: Init: IMEM[20] = 0x5099e408
Info: Init: IMEM[21] = 0x68000000
Info: Init: IMEM[22] = 0x68000000
Info: Init: IMEM[23] = 0x68000000
Info: Init: IMEM[24] = 0x90990428
Info: Init: IMEM[25] = 0x68000000
Info: Init: IMEM[26] = 0x68000000
Info: Init: IMEM[27] = 0x68000000
Info: Init: IMEM[28] = 0x5099e410
Info: Init: IMEM[29] = 0x68000000
Info: Init: IMEM[30] = 0x68000000
Info: Init: IMEM[31] = 0x68000000
Info: Init: IMEM[32] = 0x90990432
Info: Init: IMEM[33] = 0x68000000
Info: Init: IMEM[34] = 0x68000000
Info: Init: IMEM[35] = 0x68000000
Info: Init: IMEM[36] = 0x5099e418
Info: Init: IMEM[37] = 0x68000000
Info: Init: IMEM[38] = 0x68000000
Info: Init: IMEM[39] = 0x68000000
Info: Init: IMEM[40] = 0x90990400
Info: Init: IMEM[41] = 0x68000000
Info: Init: IMEM[42] = 0x68000000
Info: Init: IMEM[43] = 0x68000000
Info: Init: IMEM[44] = 0x5099e420
Info: Init: IMEM[45] = 0x68000000
Info: Init: IMEM[46] = 0x68000000
Info: Init: IMEM[47] = 0x68000000
Info: Init: IMEM[48] = 0x86000010
Info: Init: IMEM[49] = 0x68000000
Info: Init: IMEM[50] = 0x68000000
Info: Init: IMEM[51] = 0x68000000
Info: Init: IMEM[52] = 0x5099e428
Info: Init: IMEM[53] = 0x68000000
Info: Init: IMEM[54] = 0x68000000
Info: Init: IMEM[55] = 0x68000000
Info: Init: IMEM[56] = 0xec000000
Info: Init: IMEM[57] = 0xe8000000
Info: Init: IMEM[58] = 0xe8000000
Info: Init: IMEM[59] = 0x68000000
Info: Init: IMEM[60] = 0xe8000000
Info: Init: IMEM[61] = 0x68000000
Info: Init: IMEM[62] = 0x68000000
Info: Init: IMEM[63] = 0x68000000
Info: Init: IMEM[64] = 0x909a001b
Info: Init: IMEM[65] = 0x149bdc94
Info: Init: IMEM[66] = 0x10980401
Info: Init: IMEM[67] = 0x68000000
Info: Init: IMEM[68] = 0x509adc00
Info: Init: IMEM[69] = 0x68000000
Info: Init: IMEM[70] = 0x68000000
Info: Init: IMEM[71] = 0x68000000
Info: Init: IMEM[72] = 0x9086d7f8
Info: Init: IMEM[73] = 0x10990400
Info: Init: IMEM[74] = 0x90970019
Info: Init: IMEM[75] = 0xe8000000
Info: Init: IMEM[76] = 0xe8000000
Info: Init: IMEM[77] = 0x68000000
Info: Init: IMEM[78] = 0x68000000
Info: Init: IMEM[79] = 0x68000000
Info: Init: IMEM[80] = 0xe8000000
Info: Init: IMEM[81] = 0x68000000
Info: Init: IMEM[82] = 0x68000000
Info: Init: IMEM[83] = 0x68000000
Info: Init: IMEM[84] = 0x50973400
Info: Init: IMEM[85] = 0x68000000
Info: Init: IMEM[86] = 0x68000000
Info: Init: IMEM[87] = 0x68000000
Info: Init: IMEM[88] = 0x9087d7f8
Info: Init: IMEM[89] = 0xe8000000
Info: Init: IMEM[90] = 0xe8000000
Info: Init: IMEM[91] = 0x68000000
Info: Init: IMEM[92] = 0xe8000000
Info: Init: IMEM[93] = 0x68000000
Info: Init: IMEM[94] = 0x68000000
Info: Init: IMEM[95] = 0x68000000
Info: Init: IMEM[96] = 0x90990405
Info: Init: IMEM[97] = 0x68000000
Info: Init: IMEM[98] = 0x68000000
Info: Init: IMEM[99] = 0x68000000
Info: Init: IMEM[100] = 0x4c883c00
Info: Init: IMEM[101] = 0x68000000
Info: Init: IMEM[102] = 0x68000000
Info: Init: IMEM[103] = 0x68000000
Info: Init: IMEM[104] = 0x9499c808
Info: Init: IMEM[105] = 0xe8000000
Info: Init: IMEM[106] = 0xe8000000
Info: Init: IMEM[107] = 0x68000000
Info: Init: IMEM[108] = 0xe8000000
Info: Init: IMEM[109] = 0x68000000
Info: Init: IMEM[110] = 0x68000000
Info: Init: IMEM[111] = 0x68000000
Info: Init: IMEM[112] = 0x89100219
Info: Init: IMEM[113] = 0x68000000
Info: Init: IMEM[114] = 0x68000000
Info: Init: IMEM[115] = 0x68000000
Info: Init: IMEM[116] = 0x68000000
Info: Init: IMEM[117] = 0x68000000
Info: Init: IMEM[118] = 0x68000000
Info: Init: IMEM[119] = 0x68000000
Info: Init: IMEM[120] = 0x89100b18
Info: Init: IMEM[121] = 0x68000000
Info: Init: IMEM[122] = 0x68000000
Info: Init: IMEM[123] = 0x68000000
Info: Init: IMEM[124] = 0x68000000
Info: Init: IMEM[125] = 0x68000000
Info: Init: IMEM[126] = 0x68000000
Info: Init: IMEM[127] = 0x68000000
Info: Init: IMEM[128] = 0x908ad7f8
Info: Init: IMEM[129] = 0x68000000
Info: Init: IMEM[130] = 0x68000000
Info: Init: IMEM[131] = 0x68000000
Info: Init: IMEM[132] = 0x4c89e428
Info: Init: IMEM[133] = 0x68000000
Info: Init: IMEM[134] = 0x68000000
Info: Init: IMEM[135] = 0x68000000
Info: Init: IMEM[136] = 0xe8000000
Info: Init: IMEM[137] = 0x68000000
Info: Init: IMEM[138] = 0x68000000
Info: Init: IMEM[139] = 0x68000000
Info: Init: IMEM[140] = 0x4c8b5400
Info: Init: IMEM[141] = 0x68000000
Info: Init: IMEM[142] = 0x68000000
Info: Init: IMEM[143] = 0x68000000
Info: Init: IMEM[144] = 0x988c5c08
Info: Init: IMEM[145] = 0x108de400
Info: Init: IMEM[146] = 0x90996400
Info: Init: IMEM[147] = 0x9099e019
Info: Init: IMEM[148] = 0xe8000000
Info: Init: IMEM[149] = 0x68000000
Info: Init: IMEM[150] = 0x68000000
Info: Init: IMEM[151] = 0x68000000
Info: Init: IMEM[152] = 0xe8000000
Info: Init: IMEM[153] = 0x68000000
Info: Init: IMEM[154] = 0x68000000
Info: Init: IMEM[155] = 0x68000000
Info: Init: IMEM[156] = 0x4c8ecc00
Info: Init: IMEM[157] = 0x68000000
Info: Init: IMEM[158] = 0x68000000
Info: Init: IMEM[159] = 0x68000000
Info: Init: IMEM[160] = 0x908f480e
Info: Init: IMEM[161] = 0xe8000000
Info: Init: IMEM[162] = 0xe8000000
Info: Init: IMEM[163] = 0x68000000
Info: Init: IMEM[164] = 0xe8000000
Info: Init: IMEM[165] = 0x68000000
Info: Init: IMEM[166] = 0x68000000
Info: Init: IMEM[167] = 0x68000000
Info: Init: IMEM[168] = 0xe8000000
Info: Init: IMEM[169] = 0x68000000
Info: Init: IMEM[170] = 0x68000000
Info: Init: IMEM[171] = 0x68000000
Info: Init: IMEM[172] = 0x508fe428
Info: Init: IMEM[173] = 0x68000000
Info: Init: IMEM[174] = 0x68000000
Info: Init: IMEM[175] = 0x68000000
Info: Init: IMEM[176] = 0x9090d7f8
Info: Init: IMEM[177] = 0xe8000000
Info: Init: IMEM[178] = 0xe8000000
Info: Init: IMEM[179] = 0x68000000
Info: Init: IMEM[180] = 0xe8000000
Info: Init: IMEM[181] = 0x68000000
Info: Init: IMEM[182] = 0x68000000
Info: Init: IMEM[183] = 0x68000000
Info: Init: IMEM[184] = 0xe8000000
Info: Init: IMEM[185] = 0x68000000
Info: Init: IMEM[186] = 0x68000000
Info: Init: IMEM[187] = 0x68000000
Info: Init: IMEM[188] = 0x4c918400
Info: Init: IMEM[189] = 0x68000000
Info: Init: IMEM[190] = 0x68000000
Info: Init: IMEM[191] = 0x68000000
Info: Init: IMEM[192] = 0x90920011
Info: Init: IMEM[193] = 0x10938c01
Info: Init: IMEM[194] = 0x1094d7f8
Info: Init: IMEM[195] = 0x68000000
Info: Init: IMEM[196] = 0xe8000000
Info: Init: IMEM[197] = 0x68000000
Info: Init: IMEM[198] = 0x68000000
Info: Init: IMEM[199] = 0x68000000
Info: Init: IMEM[200] = 0x8911f218
Info: Init: IMEM[201] = 0x68000000
Info: Init: IMEM[202] = 0x68000000
Info: Init: IMEM[203] = 0x68000000
Info: Init: IMEM[204] = 0x5093a400
Info: Init: IMEM[205] = 0x68000000
Info: Init: IMEM[206] = 0x68000000
Info: Init: IMEM[207] = 0x68000000
Info: Init: IMEM[208] = 0xe8000000
Info: Init: IMEM[209] = 0x68000000
Info: Init: IMEM[210] = 0x68000000
Info: Init: IMEM[211] = 0x68000000
Info: Init: IMEM[212] = 0x4c95e428
Info: Init: IMEM[213] = 0x68000000
Info: Init: IMEM[214] = 0x68000000
Info: Init: IMEM[215] = 0x68000000
Info: Init: IMEM[216] = 0x89100118
Info: Init: IMEM[217] = 0x10810015
Info: Init: IMEM[218] = 0x68000000
Info: Init: IMEM[219] = 0x68000000
Info: Init: IMEM[220] = 0x68000000
Info: Init: IMEM[221] = 0x68000000
Info: Init: IMEM[222] = 0x68000000
Info: Init: IMEM[223] = 0x68000000
Info: Init: IMEM[224] = 0x909b001a
Info: Init: IMEM[225] = 0xe8000000
Info: Init: IMEM[226] = 0xe8000000
Info: Init: IMEM[227] = 0x68000000
Info: Init: IMEM[228] = 0xe8000000
Info: Init: IMEM[229] = 0x68000000
Info: Init: IMEM[230] = 0x68000000
Info: Init: IMEM[231] = 0x68000000
Info: Init: IMEM[232] = 0x8c000000
Info: Init: IMEM[233] = 0x68000000
Info: Init: IMEM[234] = 0x68000000
Info: Init: IMEM[235] = 0x68000000
Info: Init: IMEM[236] = 0x4c9adc00
Info: Init: IMEM[237] = 0x68000000
Info: Init: IMEM[238] = 0x68000000
Info: Init: IMEM[239] = 0x68000000
Info: Loaded 240 instructions to i-mem
Info: Init: DMEM[0] = 0x0
Info: Init: DMEM[128] = 0xa
Info: Init: DMEM[129] = 0x14
Info: Init: DMEM[130] = 0x1e
Info: Init: DMEM[131] = 0x28
Info: Init: DMEM[132] = 0x32
Info: Init: DMEM[133] = 0x0
Info: Loaded 7 words to d-mem
Info: Info: activate thread 0 to pc 0
Info: Tick on thread 0
Info: McodeAccelerator:: 0xd41c0400 = IMEM[0x0]
Info: McodeAccelerator:: 0x541b7ff8 = IMEM[0x1]
Info: McodeAccelerator:: 0xe8000000 = IMEM[0x2]
Info: McodeAccelerator:: 0x68000000 = IMEM[0x3]
Info: McodeAccelerator:: 0x909a001b = IMEM[0x4]
Info: McodeAccelerator:: 0x10980401 = IMEM[0x5]
Info: McodeAccelerator:: 0x1099040a = IMEM[0x6]
Info: McodeAccelerator:: 0x68000000 = IMEM[0x7]
Info: McodeMachine:Run_Machine PC=0x0
Info: McodeMachine:Run_Machine: new bundle pc=0x0 (size=2)
LOG:Get_Operands: 0x0  McodeSetInstruction
LOG:Get_Operands: 0x1  McodeSetInstruction
Info: 0: Set!
LOG:Execute     : 0x0  McodeSetInstruction
Info: 1: Set!
LOG:Execute     : 0x1  McodeSetInstruction
Info: RunLog[0]: Set_Register(28, 0x400)
LOG:Set_Results  : 0x0  McodeSetInstruction
Info: RunLog[0]: Set_Register(27, 0x7ff8)
LOG:Set_Results  : 0x1  McodeSetInstruction
RunLog[0]: l_0 pc=0x0  McodeInstructionBundle
RunLog[0]: 0x0 $set        0x400     -> 0x400    
RunLog[0]: 0x1 $set        0x7ff8     -> 0x7ff8    
Info: Tick on thread 0
Info: McodeMachine:Run_Machine PC=0x2
Info: McodeMachine:Run_Machine: new bundle pc=0x2 (size=2)
LOG:Get_Operands: 0x2  McodeNullInstruction
LOG:Get_Operands: 0x3  McodeNullInstruction
Info: 2: Null!
LOG:Execute     : 0x2  McodeNullInstruction
Info: 3: Null!
LOG:Execute     : 0x3  McodeNullInstruction
LOG:Set_Results  : 0x2  McodeNullInstruction
LOG:Set_Results  : 0x3  McodeNullInstruction
RunLog[0]: l_2 pc=0x2  McodeInstructionBundle
RunLog[0]: 0x2 $null        -> 
RunLog[0]: 0x3 $null        -> 
Info: Tick on thread 0
Info: McodeMachine:Run_Machine PC=0x4
Info: McodeMachine:Run_Machine: new bundle pc=0x4 (size=4)
Info: RunLog[0]: 0x0 = Get_Register(0)

Info: RunLog[0]: 0x7ff8 = Get_Register(27)

LOG:Get_Operands: 0x4  McodeAluInstruction
Info: RunLog[0]: 0x0 = Get_Register(0)

LOG:Get_Operands: 0x5  McodeAluInstruction
Info: RunLog[0]: 0x0 = Get_Register(0)

LOG:Get_Operands: 0x6  McodeAluInstruction
LOG:Get_Operands: 0x7  McodeNullInstruction
Info: ___execute_alu_operation___
Info: 4: Alu!
LOG:Execute     : 0x4  McodeAluInstruction
Info: ___execute_alu_operation___
Info: 5: Alu!
LOG:Execute     : 0x5  McodeAluInstruction
Info: ___execute_alu_operation___
Info: 6: Alu!
LOG:Execute     : 0x6  McodeAluInstruction
Info: 7: Null!
LOG:Execute     : 0x7  McodeNullInstruction
Info: RunLog[0]: Set_Register(26, 0x7ff8)
LOG:Set_Results  : 0x4  McodeAluInstruction
Info: RunLog[0]: Set_Register(24, 0x1)
LOG:Set_Results  : 0x5  McodeAluInstruction
Info: RunLog[0]: Set_Register(25, 0xa)
LOG:Set_Results  : 0x6  McodeAluInstruction
LOG:Set_Results  : 0x7  McodeNullInstruction
RunLog[0]: l_4 pc=0x4  McodeInstructionBundle
RunLog[0]: 0x4 +           0x0    0x7ff8     -> 0x7ff8    
RunLog[0]: 0x5 +           0x0    0x1     -> 0x1    
RunLog[0]: 0x6 +           0x0    0xa     -> 0xa    
RunLog[0]: 0x7 $null        -> 
Info: Tick on thread 0
Info: McodeAccelerator:: 0x90990414 = IMEM[0x8]
Info: McodeAccelerator:: 0x68000000 = IMEM[0x9]
Info: McodeAccelerator:: 0x68000000 = IMEM[0xa]
Info: McodeAccelerator:: 0x68000000 = IMEM[0xb]
Info: McodeAccelerator:: 0x5099e400 = IMEM[0xc]
Info: McodeAccelerator:: 0x68000000 = IMEM[0xd]
Info: McodeAccelerator:: 0x68000000 = IMEM[0xe]
Info: McodeAccelerator:: 0x68000000 = IMEM[0xf]
Info: McodeMachine:Run_Machine PC=0x8
Info: McodeMachine:Run_Machine: new bundle pc=0x8 (size=8)
Info: RunLog[0]: 0x0 = Get_Register(0)

LOG:Get_Operands: 0x8  McodeAluInstruction
LOG:Get_Operands: 0x9  McodeNullInstruction
LOG:Get_Operands: 0xa  McodeNullInstruction
LOG:Get_Operands: 0xb  McodeNullInstruction
Info: RunLog[0]: 0x400 = Get_Register(28)

Info: RunLog[0]: 0xa = Get_Register(25)

LOG:Get_Operands: 0xc  McodeStoreInstruction
LOG:Get_Operands: 0xd  McodeNullInstruction
LOG:Get_Operands: 0xe  McodeNullInstruction
LOG:Get_Operands: 0xf  McodeNullInstruction
Info: ___execute_alu_operation___
Info: 8: Alu!
LOG:Execute     : 0x8  McodeAluInstruction
Info: 9: Null!
LOG:Execute     : 0x9  McodeNullInstruction
Info: 10: Null!
LOG:Execute     : 0xa  McodeNullInstruction
Info: 11: Null!
LOG:Execute     : 0xb  McodeNullInstruction
Info: McodeAccelerator:: DMEM[0x80] = 0xa

Info: ___execute_store_operation___ 
Info: 12: Store!
LOG:Execute     : 0xc  McodeStoreInstruction
Info: 13: Null!
LOG:Execute     : 0xd  McodeNullInstruction
Info: 14: Null!
LOG:Execute     : 0xe  McodeNullInstruction
Info: 15: Null!
LOG:Execute     : 0xf  McodeNullInstruction
Info: RunLog[0]: Set_Register(25, 0x14)
LOG:Set_Results  : 0x8  McodeAluInstruction
LOG:Set_Results  : 0x9  McodeNullInstruction
LOG:Set_Results  : 0xa  McodeNullInstruction
LOG:Set_Results  : 0xb  McodeNullInstruction
LOG:Set_Results  : 0xc  McodeStoreInstruction
LOG:Set_Results  : 0xd  McodeNullInstruction
LOG:Set_Results  : 0xe  McodeNullInstruction
LOG:Set_Results  : 0xf  McodeNullInstruction
RunLog[0]: l_8 pc=0x8  McodeInstructionBundle
RunLog[0]: 0x8 +           0x0    0x14     -> 0x14    
RunLog[0]: 0x9 $null        -> 
RunLog[0]: 0xa $null        -> 
RunLog[0]: 0xb $null        -> 
RunLog[0]: 0xc $st         0x400    0x0    0xa     -> 
RunLog[0]: 0xd $null        -> 
RunLog[0]: 0xe $null        -> 
RunLog[0]: 0xf $null        -> 
Info: Tick on thread 0
Info: McodeAccelerator:: 0x9099041e = IMEM[0x10]
Info: McodeAccelerator:: 0x68000000 = IMEM[0x11]
Info: McodeAccelerator:: 0x68000000 = IMEM[0x12]
Info: McodeAccelerator:: 0x68000000 = IMEM[0x13]
Info: McodeAccelerator:: 0x5099e408 = IMEM[0x14]
Info: McodeAccelerator:: 0x68000000 = IMEM[0x15]
Info: McodeAccelerator:: 0x68000000 = IMEM[0x16]
Info: McodeAccelerator:: 0x68000000 = IMEM[0x17]
Info: McodeMachine:Run_Machine PC=0x10
Info: McodeMachine:Run_Machine: new bundle pc=0x10 (size=8)
Info: RunLog[0]: 0x0 = Get_Register(0)

LOG:Get_Operands: 0x10  McodeAluInstruction
LOG:Get_Operands: 0x11  McodeNullInstruction
LOG:Get_Operands: 0x12  McodeNullInstruction
LOG:Get_Operands: 0x13  McodeNullInstruction
Info: RunLog[0]: 0x400 = Get_Register(28)

Info: RunLog[0]: 0x14 = Get_Register(25)

LOG:Get_Operands: 0x14  McodeStoreInstruction
LOG:Get_Operands: 0x15  McodeNullInstruction
LOG:Get_Operands: 0x16  McodeNullInstruction
LOG:Get_Operands: 0x17  McodeNullInstruction
Info: ___execute_alu_operation___
Info: 16: Alu!
LOG:Execute     : 0x10  McodeAluInstruction
Info: 17: Null!
LOG:Execute     : 0x11  McodeNullInstruction
Info: 18: Null!
LOG:Execute     : 0x12  McodeNullInstruction
Info: 19: Null!
LOG:Execute     : 0x13  McodeNullInstruction
Info: McodeAccelerator:: DMEM[0x81] = 0x14

Info: ___execute_store_operation___ 
Info: 20: Store!
LOG:Execute     : 0x14  McodeStoreInstruction
Info: 21: Null!
LOG:Execute     : 0x15  McodeNullInstruction
Info: 22: Null!
LOG:Execute     : 0x16  McodeNullInstruction
Info: 23: Null!
LOG:Execute     : 0x17  McodeNullInstruction
Info: RunLog[0]: Set_Register(25, 0x1e)
LOG:Set_Results  : 0x10  McodeAluInstruction
LOG:Set_Results  : 0x11  McodeNullInstruction
LOG:Set_Results  : 0x12  McodeNullInstruction
LOG:Set_Results  : 0x13  McodeNullInstruction
LOG:Set_Results  : 0x14  McodeStoreInstruction
LOG:Set_Results  : 0x15  McodeNullInstruction
LOG:Set_Results  : 0x16  McodeNullInstruction
LOG:Set_Results  : 0x17  McodeNullInstruction
RunLog[0]: l_16 pc=0x10  McodeInstructionBundle
RunLog[0]: 0x10 +           0x0    0x1e     -> 0x1e    
RunLog[0]: 0x11 $null        -> 
RunLog[0]: 0x12 $null        -> 
RunLog[0]: 0x13 $null        -> 
RunLog[0]: 0x14 $st         0x400    0x8    0x14     -> 
RunLog[0]: 0x15 $null        -> 
RunLog[0]: 0x16 $null        -> 
RunLog[0]: 0x17 $null        -> 
Info: Tick on thread 0
Info: McodeAccelerator:: 0x90990428 = IMEM[0x18]
Info: McodeAccelerator:: 0x68000000 = IMEM[0x19]
Info: McodeAccelerator:: 0x68000000 = IMEM[0x1a]
Info: McodeAccelerator:: 0x68000000 = IMEM[0x1b]
Info: McodeAccelerator:: 0x5099e410 = IMEM[0x1c]
Info: McodeAccelerator:: 0x68000000 = IMEM[0x1d]
Info: McodeAccelerator:: 0x68000000 = IMEM[0x1e]
Info: McodeAccelerator:: 0x68000000 = IMEM[0x1f]
Info: McodeMachine:Run_Machine PC=0x18
Info: McodeMachine:Run_Machine: new bundle pc=0x18 (size=8)
Info: RunLog[0]: 0x0 = Get_Register(0)

LOG:Get_Operands: 0x18  McodeAluInstruction
LOG:Get_Operands: 0x19  McodeNullInstruction
LOG:Get_Operands: 0x1a  McodeNullInstruction
LOG:Get_Operands: 0x1b  McodeNullInstruction
Info: RunLog[0]: 0x400 = Get_Register(28)

Info: RunLog[0]: 0x1e = Get_Register(25)

LOG:Get_Operands: 0x1c  McodeStoreInstruction
LOG:Get_Operands: 0x1d  McodeNullInstruction
LOG:Get_Operands: 0x1e  McodeNullInstruction
LOG:Get_Operands: 0x1f  McodeNullInstruction
Info: ___execute_alu_operation___
Info: 24: Alu!
LOG:Execute     : 0x18  McodeAluInstruction
Info: 25: Null!
LOG:Execute     : 0x19  McodeNullInstruction
Info: 26: Null!
LOG:Execute     : 0x1a  McodeNullInstruction
Info: 27: Null!
LOG:Execute     : 0x1b  McodeNullInstruction
Info: McodeAccelerator:: DMEM[0x82] = 0x1e

Info: ___execute_store_operation___ 
Info: 28: Store!
LOG:Execute     : 0x1c  McodeStoreInstruction
Info: 29: Null!
LOG:Execute     : 0x1d  McodeNullInstruction
Info: 30: Null!
LOG:Execute     : 0x1e  McodeNullInstruction
Info: 31: Null!
LOG:Execute     : 0x1f  McodeNullInstruction
Info: RunLog[0]: Set_Register(25, 0x28)
LOG:Set_Results  : 0x18  McodeAluInstruction
LOG:Set_Results  : 0x19  McodeNullInstruction
LOG:Set_Results  : 0x1a  McodeNullInstruction
LOG:Set_Results  : 0x1b  McodeNullInstruction
LOG:Set_Results  : 0x1c  McodeStoreInstruction
LOG:Set_Results  : 0x1d  McodeNullInstruction
LOG:Set_Results  : 0x1e  McodeNullInstruction
LOG:Set_Results  : 0x1f  McodeNullInstruction
RunLog[0]: l_24 pc=0x18  McodeInstructionBundle
RunLog[0]: 0x18 +           0x0    0x28     -> 0x28    
RunLog[0]: 0x19 $null        -> 
RunLog[0]: 0x1a $null        -> 
RunLog[0]: 0x1b $null        -> 
RunLog[0]: 0x1c $st         0x400    0x10    0x1e     -> 
RunLog[0]: 0x1d $null        -> 
RunLog[0]: 0x1e $null        -> 
RunLog[0]: 0x1f $null        -> 
Info: Tick on thread 0
Info: McodeAccelerator:: 0x90990432 = IMEM[0x20]
Info: McodeAccelerator:: 0x68000000 = IMEM[0x21]
Info: McodeAccelerator:: 0x68000000 = IMEM[0x22]
Info: McodeAccelerator:: 0x68000000 = IMEM[0x23]
Info: McodeAccelerator:: 0x5099e418 = IMEM[0x24]
Info: McodeAccelerator:: 0x68000000 = IMEM[0x25]
Info: McodeAccelerator:: 0x68000000 = IMEM[0x26]
Info: McodeAccelerator:: 0x68000000 = IMEM[0x27]
Info: McodeMachine:Run_Machine PC=0x20
Info: McodeMachine:Run_Machine: new bundle pc=0x20 (size=8)
Info: RunLog[0]: 0x0 = Get_Register(0)

LOG:Get_Operands: 0x20  McodeAluInstruction
LOG:Get_Operands: 0x21  McodeNullInstruction
LOG:Get_Operands: 0x22  McodeNullInstruction
LOG:Get_Operands: 0x23  McodeNullInstruction
Info: RunLog[0]: 0x400 = Get_Register(28)

Info: RunLog[0]: 0x28 = Get_Register(25)

LOG:Get_Operands: 0x24  McodeStoreInstruction
LOG:Get_Operands: 0x25  McodeNullInstruction
LOG:Get_Operands: 0x26  McodeNullInstruction
LOG:Get_Operands: 0x27  McodeNullInstruction
Info: ___execute_alu_operation___
Info: 32: Alu!
LOG:Execute     : 0x20  McodeAluInstruction
Info: 33: Null!
LOG:Execute     : 0x21  McodeNullInstruction
Info: 34: Null!
LOG:Execute     : 0x22  McodeNullInstruction
Info: 35: Null!
LOG:Execute     : 0x23  McodeNullInstruction
Info: McodeAccelerator:: DMEM[0x83] = 0x28

Info: ___execute_store_operation___ 
Info: 36: Store!
LOG:Execute     : 0x24  McodeStoreInstruction
Info: 37: Null!
LOG:Execute     : 0x25  McodeNullInstruction
Info: 38: Null!
LOG:Execute     : 0x26  McodeNullInstruction
Info: 39: Null!
LOG:Execute     : 0x27  McodeNullInstruction
Info: RunLog[0]: Set_Register(25, 0x32)
LOG:Set_Results  : 0x20  McodeAluInstruction
LOG:Set_Results  : 0x21  McodeNullInstruction
LOG:Set_Results  : 0x22  McodeNullInstruction
LOG:Set_Results  : 0x23  McodeNullInstruction
LOG:Set_Results  : 0x24  McodeStoreInstruction
LOG:Set_Results  : 0x25  McodeNullInstruction
LOG:Set_Results  : 0x26  McodeNullInstruction
LOG:Set_Results  : 0x27  McodeNullInstruction
RunLog[0]: l_32 pc=0x20  McodeInstructionBundle
RunLog[0]: 0x20 +           0x0    0x32     -> 0x32    
RunLog[0]: 0x21 $null        -> 
RunLog[0]: 0x22 $null        -> 
RunLog[0]: 0x23 $null        -> 
RunLog[0]: 0x24 $st         0x400    0x18    0x28     -> 
RunLog[0]: 0x25 $null        -> 
RunLog[0]: 0x26 $null        -> 
RunLog[0]: 0x27 $null        -> 
Info: Tick on thread 0
Info: McodeAccelerator:: 0x90990400 = IMEM[0x28]
Info: McodeAccelerator:: 0x68000000 = IMEM[0x29]
Info: McodeAccelerator:: 0x68000000 = IMEM[0x2a]
Info: McodeAccelerator:: 0x68000000 = IMEM[0x2b]
Info: McodeAccelerator:: 0x5099e420 = IMEM[0x2c]
Info: McodeAccelerator:: 0x68000000 = IMEM[0x2d]
Info: McodeAccelerator:: 0x68000000 = IMEM[0x2e]
Info: McodeAccelerator:: 0x68000000 = IMEM[0x2f]
Info: McodeMachine:Run_Machine PC=0x28
Info: McodeMachine:Run_Machine: new bundle pc=0x28 (size=8)
Info: RunLog[0]: 0x0 = Get_Register(0)

LOG:Get_Operands: 0x28  McodeAluInstruction
LOG:Get_Operands: 0x29  McodeNullInstruction
LOG:Get_Operands: 0x2a  McodeNullInstruction
LOG:Get_Operands: 0x2b  McodeNullInstruction
Info: RunLog[0]: 0x400 = Get_Register(28)

Info: RunLog[0]: 0x32 = Get_Register(25)

LOG:Get_Operands: 0x2c  McodeStoreInstruction
LOG:Get_Operands: 0x2d  McodeNullInstruction
LOG:Get_Operands: 0x2e  McodeNullInstruction
LOG:Get_Operands: 0x2f  McodeNullInstruction
Info: ___execute_alu_operation___
Info: 40: Alu!
LOG:Execute     : 0x28  McodeAluInstruction
Info: 41: Null!
LOG:Execute     : 0x29  McodeNullInstruction
Info: 42: Null!
LOG:Execute     : 0x2a  McodeNullInstruction
Info: 43: Null!
LOG:Execute     : 0x2b  McodeNullInstruction
Info: McodeAccelerator:: DMEM[0x84] = 0x32

Info: ___execute_store_operation___ 
Info: 44: Store!
LOG:Execute     : 0x2c  McodeStoreInstruction
Info: 45: Null!
LOG:Execute     : 0x2d  McodeNullInstruction
Info: 46: Null!
LOG:Execute     : 0x2e  McodeNullInstruction
Info: 47: Null!
LOG:Execute     : 0x2f  McodeNullInstruction
Info: RunLog[0]: Set_Register(25, 0x0)
LOG:Set_Results  : 0x28  McodeAluInstruction
LOG:Set_Results  : 0x29  McodeNullInstruction
LOG:Set_Results  : 0x2a  McodeNullInstruction
LOG:Set_Results  : 0x2b  McodeNullInstruction
LOG:Set_Results  : 0x2c  McodeStoreInstruction
LOG:Set_Results  : 0x2d  McodeNullInstruction
LOG:Set_Results  : 0x2e  McodeNullInstruction
LOG:Set_Results  : 0x2f  McodeNullInstruction
RunLog[0]: l_40 pc=0x28  McodeInstructionBundle
RunLog[0]: 0x28 +           0x0    0x0     -> 0x0    
RunLog[0]: 0x29 $null        -> 
RunLog[0]: 0x2a $null        -> 
RunLog[0]: 0x2b $null        -> 
RunLog[0]: 0x2c $st         0x400    0x20    0x32     -> 
RunLog[0]: 0x2d $null        -> 
RunLog[0]: 0x2e $null        -> 
RunLog[0]: 0x2f $null        -> 
Info: Tick on thread 0
Info: McodeAccelerator:: 0x86000010 = IMEM[0x30]
Info: McodeAccelerator:: 0x68000000 = IMEM[0x31]
Info: McodeAccelerator:: 0x68000000 = IMEM[0x32]
Info: McodeAccelerator:: 0x68000000 = IMEM[0x33]
Info: McodeAccelerator:: 0x5099e428 = IMEM[0x34]
Info: McodeAccelerator:: 0x68000000 = IMEM[0x35]
Info: McodeAccelerator:: 0x68000000 = IMEM[0x36]
Info: McodeAccelerator:: 0x68000000 = IMEM[0x37]
Info: McodeMachine:Run_Machine PC=0x30
Info: McodeMachine:Run_Machine: new bundle pc=0x30 (size=8)
LOG:Get_Operands: 0x30  McodeCallInstruction
LOG:Get_Operands: 0x31  McodeNullInstruction
LOG:Get_Operands: 0x32  McodeNullInstruction
LOG:Get_Operands: 0x33  McodeNullInstruction
Info: RunLog[0]: 0x400 = Get_Register(28)

Info: RunLog[0]: 0x0 = Get_Register(25)

LOG:Get_Operands: 0x34  McodeStoreInstruction
LOG:Get_Operands: 0x35  McodeNullInstruction
LOG:Get_Operands: 0x36  McodeNullInstruction
LOG:Get_Operands: 0x37  McodeNullInstruction
Info: ___execute_call_operation___ npc = 0x40
Info: 48: Call! npc=0x40
LOG:Execute     : 0x30  McodeCallInstruction
Info: 49: Null!
LOG:Execute     : 0x31  McodeNullInstruction
Info: 50: Null!
LOG:Execute     : 0x32  McodeNullInstruction
Info: 51: Null!
LOG:Execute     : 0x33  McodeNullInstruction
Info: McodeAccelerator:: DMEM[0x85] = 0x0

Info: ___execute_store_operation___ 
Info: 52: Store!
LOG:Execute     : 0x34  McodeStoreInstruction
Info: 53: Null!
LOG:Execute     : 0x35  McodeNullInstruction
Info: 54: Null!
LOG:Execute     : 0x36  McodeNullInstruction
Info: 55: Null!
LOG:Execute     : 0x37  McodeNullInstruction
LOG:Set_Results  : 0x30  McodeCallInstruction
LOG:Set_Results  : 0x31  McodeNullInstruction
LOG:Set_Results  : 0x32  McodeNullInstruction
LOG:Set_Results  : 0x33  McodeNullInstruction
LOG:Set_Results  : 0x34  McodeStoreInstruction
LOG:Set_Results  : 0x35  McodeNullInstruction
LOG:Set_Results  : 0x36  McodeNullInstruction
LOG:Set_Results  : 0x37  McodeNullInstruction
RunLog[0]: l_48 pc=0x30  McodeInstructionBundle
RunLog[0]: 0x30 $call        ->   npc=0x40
RunLog[0]: 0x31 $null        -> 
RunLog[0]: 0x32 $null        -> 
RunLog[0]: 0x33 $null        -> 
RunLog[0]: 0x34 $st         0x400    0x28    0x0     -> 
RunLog[0]: 0x35 $null        -> 
RunLog[0]: 0x36 $null        -> 
RunLog[0]: 0x37 $null        -> 
Info: Tick on thread 0
Info: McodeAccelerator:: 0x909a001b = IMEM[0x40]
Info: McodeAccelerator:: 0x149bdc94 = IMEM[0x41]
Info: McodeAccelerator:: 0x10980401 = IMEM[0x42]
Info: McodeAccelerator:: 0x68000000 = IMEM[0x43]
Info: McodeAccelerator:: 0x509adc00 = IMEM[0x44]
Info: McodeAccelerator:: 0x68000000 = IMEM[0x45]
Info: McodeAccelerator:: 0x68000000 = IMEM[0x46]
Info: McodeAccelerator:: 0x68000000 = IMEM[0x47]
Info: McodeMachine:Run_Machine PC=0x40
Info: McodeMachine:Run_Machine: new bundle pc=0x40 (size=8)
Info: RunLog[0]: 0x0 = Get_Register(0)

Info: RunLog[0]: 0x7ff8 = Get_Register(27)

LOG:Get_Operands: 0x40  McodeAluInstruction
Info: RunLog[0]: 0x7ff8 = Get_Register(27)

LOG:Get_Operands: 0x41  McodeAluInstruction
Info: RunLog[0]: 0x0 = Get_Register(0)

LOG:Get_Operands: 0x42  McodeAluInstruction
LOG:Get_Operands: 0x43  McodeNullInstruction
Info: RunLog[0]: 0x7ff8 = Get_Register(27)

Info: RunLog[0]: 0x7ff8 = Get_Register(26)

LOG:Get_Operands: 0x44  McodeStoreInstruction
LOG:Get_Operands: 0x45  McodeNullInstruction
LOG:Get_Operands: 0x46  McodeNullInstruction
LOG:Get_Operands: 0x47  McodeNullInstruction
Info: ___execute_alu_operation___
Info: 64: Alu!
LOG:Execute     : 0x40  McodeAluInstruction
Info: ___execute_alu_operation___
Info: 65: Alu!
LOG:Execute     : 0x41  McodeAluInstruction
Info: ___execute_alu_operation___
Info: 66: Alu!
LOG:Execute     : 0x42  McodeAluInstruction
Info: 67: Null!
LOG:Execute     : 0x43  McodeNullInstruction
Info: McodeAccelerator:: DMEM[0xfff] = 0x7ff8

Info: ___execute_store_operation___ 
Info: 68: Store!
LOG:Execute     : 0x44  McodeStoreInstruction
Info: 69: Null!
LOG:Execute     : 0x45  McodeNullInstruction
Info: 70: Null!
LOG:Execute     : 0x46  McodeNullInstruction
Info: 71: Null!
LOG:Execute     : 0x47  McodeNullInstruction
Info: RunLog[0]: Set_Register(26, 0x7ff8)
LOG:Set_Results  : 0x40  McodeAluInstruction
Info: RunLog[0]: Set_Register(27, 0x7f64)
LOG:Set_Results  : 0x41  McodeAluInstruction
Info: RunLog[0]: Set_Register(24, 0x1)
LOG:Set_Results  : 0x42  McodeAluInstruction
LOG:Set_Results  : 0x43  McodeNullInstruction
LOG:Set_Results  : 0x44  McodeStoreInstruction
LOG:Set_Results  : 0x45  McodeNullInstruction
LOG:Set_Results  : 0x46  McodeNullInstruction
LOG:Set_Results  : 0x47  McodeNullInstruction
RunLog[0]: l_64 pc=0x40  McodeInstructionBundle
RunLog[0]: 0x40 +           0x0    0x7ff8     -> 0x7ff8    
RunLog[0]: 0x41 -           0x7ff8    0x94     -> 0x7f64    
RunLog[0]: 0x42 +           0x0    0x1     -> 0x1    
RunLog[0]: 0x43 $null        -> 
RunLog[0]: 0x44 $st         0x7ff8    0x0    0x7ff8     -> 
RunLog[0]: 0x45 $null        -> 
RunLog[0]: 0x46 $null        -> 
RunLog[0]: 0x47 $null        -> 
Info: Tick on thread 0
Info: McodeAccelerator:: 0x9086d7f8 = IMEM[0x48]
Info: McodeAccelerator:: 0x10990400 = IMEM[0x49]
Info: McodeAccelerator:: 0x90970019 = IMEM[0x4a]
Info: McodeAccelerator:: 0xe8000000 = IMEM[0x4b]
Info: McodeAccelerator:: 0xe8000000 = IMEM[0x4c]
Info: McodeAccelerator:: 0x68000000 = IMEM[0x4d]
Info: McodeAccelerator:: 0x68000000 = IMEM[0x4e]
Info: McodeAccelerator:: 0x68000000 = IMEM[0x4f]
Info: McodeMachine:Run_Machine PC=0x48
Info: McodeMachine:Run_Machine: new bundle pc=0x48 (size=2)
Info: RunLog[0]: 0x7ff8 = Get_Register(26)

LOG:Get_Operands: 0x48  McodeAluInstruction
Info: RunLog[0]: 0x0 = Get_Register(0)

LOG:Get_Operands: 0x49  McodeAluInstruction
Info: ___execute_alu_operation___
Info: 72: Alu!
LOG:Execute     : 0x48  McodeAluInstruction
Info: ___execute_alu_operation___
Info: 73: Alu!
LOG:Execute     : 0x49  McodeAluInstruction
Info: RunLog[0]: Set_Register(6, 0x7ff0)
LOG:Set_Results  : 0x48  McodeAluInstruction
Info: RunLog[0]: Set_Register(25, 0x0)
LOG:Set_Results  : 0x49  McodeAluInstruction
RunLog[0]: l_72 pc=0x48  McodeInstructionBundle
RunLog[0]: 0x48 +           0x7ff8    0xfffffffffffffff8     -> 0x7ff0    
RunLog[0]: 0x49 +           0x0    0x0     -> 0x0    
Info: Tick on thread 0
Info: McodeMachine:Run_Machine PC=0x4a
Info: McodeMachine:Run_Machine: new bundle pc=0x4a (size=1)
Info: RunLog[0]: 0x0 = Get_Register(0)

Info: RunLog[0]: 0x0 = Get_Register(25)

LOG:Get_Operands: 0x4a  McodeAluInstruction
Info: ___execute_alu_operation___
Info: 74: Alu!
LOG:Execute     : 0x4a  McodeAluInstruction
Info: RunLog[0]: Set_Register(23, 0x0)
LOG:Set_Results  : 0x4a  McodeAluInstruction
RunLog[0]: l_74 pc=0x4a  McodeInstructionBundle
RunLog[0]: 0x4a +           0x0    0x0     -> 0x0    
Info: Tick on thread 0
Info: McodeMachine:Run_Machine PC=0x4b
Info: McodeMachine:Run_Machine: new bundle pc=0x4b (size=1)
LOG:Get_Operands: 0x4b  McodeNullInstruction
Info: 75: Null!
LOG:Execute     : 0x4b  McodeNullInstruction
LOG:Set_Results  : 0x4b  McodeNullInstruction
RunLog[0]: l_75 pc=0x4b  McodeInstructionBundle
RunLog[0]: 0x4b $null        -> 
Info: Tick on thread 0
Info: McodeMachine:Run_Machine PC=0x4c
Info: McodeMachine:Run_Machine: new bundle pc=0x4c (size=4)
LOG:Get_Operands: 0x4c  McodeNullInstruction
LOG:Get_Operands: 0x4d  McodeNullInstruction
LOG:Get_Operands: 0x4e  McodeNullInstruction
LOG:Get_Operands: 0x4f  McodeNullInstruction
Info: 76: Null!
LOG:Execute     : 0x4c  McodeNullInstruction
Info: 77: Null!
LOG:Execute     : 0x4d  McodeNullInstruction
Info: 78: Null!
LOG:Execute     : 0x4e  McodeNullInstruction
Info: 79: Null!
LOG:Execute     : 0x4f  McodeNullInstruction
LOG:Set_Results  : 0x4c  McodeNullInstruction
LOG:Set_Results  : 0x4d  McodeNullInstruction
LOG:Set_Results  : 0x4e  McodeNullInstruction
LOG:Set_Results  : 0x4f  McodeNullInstruction
RunLog[0]: l_76 pc=0x4c  McodeInstructionBundle
RunLog[0]: 0x4c $null        -> 
RunLog[0]: 0x4d $null        -> 
RunLog[0]: 0x4e $null        -> 
RunLog[0]: 0x4f $null        -> 
Info: Tick on thread 0
Info: McodeAccelerator:: 0xe8000000 = IMEM[0x50]
Info: McodeAccelerator:: 0x68000000 = IMEM[0x51]
Info: McodeAccelerator:: 0x68000000 = IMEM[0x52]
Info: McodeAccelerator:: 0x68000000 = IMEM[0x53]
Info: McodeAccelerator:: 0x50973400 = IMEM[0x54]
Info: McodeAccelerator:: 0x68000000 = IMEM[0x55]
Info: McodeAccelerator:: 0x68000000 = IMEM[0x56]
Info: McodeAccelerator:: 0x68000000 = IMEM[0x57]
Info: McodeMachine:Run_Machine PC=0x50
Info: McodeMachine:Run_Machine: new bundle pc=0x50 (size=8)
LOG:Get_Operands: 0x50  McodeNullInstruction
LOG:Get_Operands: 0x51  McodeNullInstruction
LOG:Get_Operands: 0x52  McodeNullInstruction
LOG:Get_Operands: 0x53  McodeNullInstruction
Info: RunLog[0]: 0x7ff0 = Get_Register(6)

Info: RunLog[0]: 0x0 = Get_Register(23)

LOG:Get_Operands: 0x54  McodeStoreInstruction
LOG:Get_Operands: 0x55  McodeNullInstruction
LOG:Get_Operands: 0x56  McodeNullInstruction
LOG:Get_Operands: 0x57  McodeNullInstruction
Info: 80: Null!
LOG:Execute     : 0x50  McodeNullInstruction
Info: 81: Null!
LOG:Execute     : 0x51  McodeNullInstruction
Info: 82: Null!
LOG:Execute     : 0x52  McodeNullInstruction
Info: 83: Null!
LOG:Execute     : 0x53  McodeNullInstruction
Info: McodeAccelerator:: DMEM[0xffe] = 0x0

Info: ___execute_store_operation___ 
Info: 84: Store!
LOG:Execute     : 0x54  McodeStoreInstruction
Info: 85: Null!
LOG:Execute     : 0x55  McodeNullInstruction
Info: 86: Null!
LOG:Execute     : 0x56  McodeNullInstruction
Info: 87: Null!
LOG:Execute     : 0x57  McodeNullInstruction
LOG:Set_Results  : 0x50  McodeNullInstruction
LOG:Set_Results  : 0x51  McodeNullInstruction
LOG:Set_Results  : 0x52  McodeNullInstruction
LOG:Set_Results  : 0x53  McodeNullInstruction
LOG:Set_Results  : 0x54  McodeStoreInstruction
LOG:Set_Results  : 0x55  McodeNullInstruction
LOG:Set_Results  : 0x56  McodeNullInstruction
LOG:Set_Results  : 0x57  McodeNullInstruction
RunLog[0]: l_80 pc=0x50  McodeInstructionBundle
RunLog[0]: 0x50 $null        -> 
RunLog[0]: 0x51 $null        -> 
RunLog[0]: 0x52 $null        -> 
RunLog[0]: 0x53 $null        -> 
RunLog[0]: 0x54 $st         0x7ff0    0x0    0x0     -> 
RunLog[0]: 0x55 $null        -> 
RunLog[0]: 0x56 $null        -> 
RunLog[0]: 0x57 $null        -> 
Info: Tick on thread 0
Info: McodeAccelerator:: 0x9087d7f8 = IMEM[0x58]
Info: McodeAccelerator:: 0xe8000000 = IMEM[0x59]
Info: McodeAccelerator:: 0xe8000000 = IMEM[0x5a]
Info: McodeAccelerator:: 0x68000000 = IMEM[0x5b]
Info: McodeAccelerator:: 0xe8000000 = IMEM[0x5c]
Info: McodeAccelerator:: 0x68000000 = IMEM[0x5d]
Info: McodeAccelerator:: 0x68000000 = IMEM[0x5e]
Info: McodeAccelerator:: 0x68000000 = IMEM[0x5f]
Info: McodeMachine:Run_Machine PC=0x58
Info: McodeMachine:Run_Machine: new bundle pc=0x58 (size=1)
Info: RunLog[0]: 0x7ff8 = Get_Register(26)

LOG:Get_Operands: 0x58  McodeAluInstruction
Info: ___execute_alu_operation___
Info: 88: Alu!
LOG:Execute     : 0x58  McodeAluInstruction
Info: RunLog[0]: Set_Register(7, 0x7ff0)
LOG:Set_Results  : 0x58  McodeAluInstruction
RunLog[0]: l_88 pc=0x58  McodeInstructionBundle
RunLog[0]: 0x58 +           0x7ff8    0xfffffffffffffff8     -> 0x7ff0    
Info: Tick on thread 0
Info: McodeMachine:Run_Machine PC=0x59
Info: McodeMachine:Run_Machine: new bundle pc=0x59 (size=1)
LOG:Get_Operands: 0x59  McodeNullInstruction
Info: 89: Null!
LOG:Execute     : 0x59  McodeNullInstruction
LOG:Set_Results  : 0x59  McodeNullInstruction
RunLog[0]: l_89 pc=0x59  McodeInstructionBundle
RunLog[0]: 0x59 $null        -> 
Info: Tick on thread 0
Info: McodeMachine:Run_Machine PC=0x5a
Info: McodeMachine:Run_Machine: new bundle pc=0x5a (size=2)
LOG:Get_Operands: 0x5a  McodeNullInstruction
LOG:Get_Operands: 0x5b  McodeNullInstruction
Info: 90: Null!
LOG:Execute     : 0x5a  McodeNullInstruction
Info: 91: Null!
LOG:Execute     : 0x5b  McodeNullInstruction
LOG:Set_Results  : 0x5a  McodeNullInstruction
LOG:Set_Results  : 0x5b  McodeNullInstruction
RunLog[0]: l_90 pc=0x5a  McodeInstructionBundle
RunLog[0]: 0x5a $null        -> 
RunLog[0]: 0x5b $null        -> 
Info: Tick on thread 0
Info: McodeMachine:Run_Machine PC=0x5c
Info: McodeMachine:Run_Machine: new bundle pc=0x5c (size=4)
LOG:Get_Operands: 0x5c  McodeNullInstruction
LOG:Get_Operands: 0x5d  McodeNullInstruction
LOG:Get_Operands: 0x5e  McodeNullInstruction
LOG:Get_Operands: 0x5f  McodeNullInstruction
Info: 92: Null!
LOG:Execute     : 0x5c  McodeNullInstruction
Info: 93: Null!
LOG:Execute     : 0x5d  McodeNullInstruction
Info: 94: Null!
LOG:Execute     : 0x5e  McodeNullInstruction
Info: 95: Null!
LOG:Execute     : 0x5f  McodeNullInstruction
LOG:Set_Results  : 0x5c  McodeNullInstruction
LOG:Set_Results  : 0x5d  McodeNullInstruction
LOG:Set_Results  : 0x5e  McodeNullInstruction
LOG:Set_Results  : 0x5f  McodeNullInstruction
RunLog[0]: l_92 pc=0x5c  McodeInstructionBundle
RunLog[0]: 0x5c $null        -> 
RunLog[0]: 0x5d $null        -> 
RunLog[0]: 0x5e $null        -> 
RunLog[0]: 0x5f $null        -> 
Info: Tick on thread 0
Info: McodeAccelerator:: 0x90990405 = IMEM[0x60]
Info: McodeAccelerator:: 0x68000000 = IMEM[0x61]
Info: McodeAccelerator:: 0x68000000 = IMEM[0x62]
Info: McodeAccelerator:: 0x68000000 = IMEM[0x63]
Info: McodeAccelerator:: 0x4c883c00 = IMEM[0x64]
Info: McodeAccelerator:: 0x68000000 = IMEM[0x65]
Info: McodeAccelerator:: 0x68000000 = IMEM[0x66]
Info: McodeAccelerator:: 0x68000000 = IMEM[0x67]
Info: McodeMachine:Run_Machine PC=0x60
Info: McodeMachine:Run_Machine: new bundle pc=0x60 (size=8)
Info: RunLog[0]: 0x0 = Get_Register(0)

LOG:Get_Operands: 0x60  McodeAluInstruction
LOG:Get_Operands: 0x61  McodeNullInstruction
LOG:Get_Operands: 0x62  McodeNullInstruction
LOG:Get_Operands: 0x63  McodeNullInstruction
Info: RunLog[0]: 0x7ff0 = Get_Register(7)

LOG:Get_Operands: 0x64  McodeLoadInstruction
LOG:Get_Operands: 0x65  McodeNullInstruction
LOG:Get_Operands: 0x66  McodeNullInstruction
LOG:Get_Operands: 0x67  McodeNullInstruction
Info: ___execute_alu_operation___
Info: 96: Alu!
LOG:Execute     : 0x60  McodeAluInstruction
Info: 97: Null!
LOG:Execute     : 0x61  McodeNullInstruction
Info: 98: Null!
LOG:Execute     : 0x62  McodeNullInstruction
Info: 99: Null!
LOG:Execute     : 0x63  McodeNullInstruction
Info: McodeAccelerator:: 0x0 = DMEM[0xffe]

Info: ___execute_load_operation___
Info: 100: Load!
LOG:Execute     : 0x64  McodeLoadInstruction
Info: 101: Null!
LOG:Execute     : 0x65  McodeNullInstruction
Info: 102: Null!
LOG:Execute     : 0x66  McodeNullInstruction
Info: 103: Null!
LOG:Execute     : 0x67  McodeNullInstruction
Info: RunLog[0]: Set_Register(25, 0x5)
LOG:Set_Results  : 0x60  McodeAluInstruction
LOG:Set_Results  : 0x61  McodeNullInstruction
LOG:Set_Results  : 0x62  McodeNullInstruction
LOG:Set_Results  : 0x63  McodeNullInstruction
Info: RunLog[0]: Set_Register(8, 0x0)
LOG:Set_Results  : 0x64  McodeLoadInstruction
LOG:Set_Results  : 0x65  McodeNullInstruction
LOG:Set_Results  : 0x66  McodeNullInstruction
LOG:Set_Results  : 0x67  McodeNullInstruction
RunLog[0]: l_96 pc=0x60  McodeInstructionBundle
RunLog[0]: 0x60 +           0x0    0x5     -> 0x5    
RunLog[0]: 0x61 $null        -> 
RunLog[0]: 0x62 $null        -> 
RunLog[0]: 0x63 $null        -> 
RunLog[0]: 0x64 $ld         0x7ff0    0x0     -> 0x0    
RunLog[0]: 0x65 $null        -> 
RunLog[0]: 0x66 $null        -> 
RunLog[0]: 0x67 $null        -> 
Info: Tick on thread 0
Info: McodeAccelerator:: 0x9499c808 = IMEM[0x68]
Info: McodeAccelerator:: 0xe8000000 = IMEM[0x69]
Info: McodeAccelerator:: 0xe8000000 = IMEM[0x6a]
Info: McodeAccelerator:: 0x68000000 = IMEM[0x6b]
Info: McodeAccelerator:: 0xe8000000 = IMEM[0x6c]
Info: McodeAccelerator:: 0x68000000 = IMEM[0x6d]
Info: McodeAccelerator:: 0x68000000 = IMEM[0x6e]
Info: McodeAccelerator:: 0x68000000 = IMEM[0x6f]
Info: McodeMachine:Run_Machine PC=0x68
Info: McodeMachine:Run_Machine: new bundle pc=0x68 (size=1)
Info: RunLog[0]: 0x5 = Get_Register(25)

Info: RunLog[0]: 0x0 = Get_Register(8)

LOG:Get_Operands: 0x68  McodeAluInstruction
Info: ___execute_alu_operation___
Info: 104: Alu!
LOG:Execute     : 0x68  McodeAluInstruction
Info: RunLog[0]: Set_Register(25, 0x5)
LOG:Set_Results  : 0x68  McodeAluInstruction
RunLog[0]: l_104 pc=0x68  McodeInstructionBundle
RunLog[0]: 0x68 -           0x5    0x0     -> 0x5    
Info: Tick on thread 0
Info: McodeMachine:Run_Machine PC=0x69
Info: McodeMachine:Run_Machine: new bundle pc=0x69 (size=1)
LOG:Get_Operands: 0x69  McodeNullInstruction
Info: 105: Null!
LOG:Execute     : 0x69  McodeNullInstruction
LOG:Set_Results  : 0x69  McodeNullInstruction
RunLog[0]: l_105 pc=0x69  McodeInstructionBundle
RunLog[0]: 0x69 $null        -> 
Info: Tick on thread 0
Info: McodeMachine:Run_Machine PC=0x6a
Info: McodeMachine:Run_Machine: new bundle pc=0x6a (size=2)
LOG:Get_Operands: 0x6a  McodeNullInstruction
LOG:Get_Operands: 0x6b  McodeNullInstruction
Info: 106: Null!
LOG:Execute     : 0x6a  McodeNullInstruction
Info: 107: Null!
LOG:Execute     : 0x6b  McodeNullInstruction
LOG:Set_Results  : 0x6a  McodeNullInstruction
LOG:Set_Results  : 0x6b  McodeNullInstruction
RunLog[0]: l_106 pc=0x6a  McodeInstructionBundle
RunLog[0]: 0x6a $null        -> 
RunLog[0]: 0x6b $null        -> 
Info: Tick on thread 0
Info: McodeMachine:Run_Machine PC=0x6c
Info: McodeMachine:Run_Machine: new bundle pc=0x6c (size=4)
LOG:Get_Operands: 0x6c  McodeNullInstruction
LOG:Get_Operands: 0x6d  McodeNullInstruction
LOG:Get_Operands: 0x6e  McodeNullInstruction
LOG:Get_Operands: 0x6f  McodeNullInstruction
Info: 108: Null!
LOG:Execute     : 0x6c  McodeNullInstruction
Info: 109: Null!
LOG:Execute     : 0x6d  McodeNullInstruction
Info: 110: Null!
LOG:Execute     : 0x6e  McodeNullInstruction
Info: 111: Null!
LOG:Execute     : 0x6f  McodeNullInstruction
LOG:Set_Results  : 0x6c  McodeNullInstruction
LOG:Set_Results  : 0x6d  McodeNullInstruction
LOG:Set_Results  : 0x6e  McodeNullInstruction
LOG:Set_Results  : 0x6f  McodeNullInstruction
RunLog[0]: l_108 pc=0x6c  McodeInstructionBundle
RunLog[0]: 0x6c $null        -> 
RunLog[0]: 0x6d $null        -> 
RunLog[0]: 0x6e $null        -> 
RunLog[0]: 0x6f $null        -> 
Info: Tick on thread 0
Info: McodeAccelerator:: 0x89100219 = IMEM[0x70]
Info: McodeAccelerator:: 0x68000000 = IMEM[0x71]
Info: McodeAccelerator:: 0x68000000 = IMEM[0x72]
Info: McodeAccelerator:: 0x68000000 = IMEM[0x73]
Info: McodeAccelerator:: 0x68000000 = IMEM[0x74]
Info: McodeAccelerator:: 0x68000000 = IMEM[0x75]
Info: McodeAccelerator:: 0x68000000 = IMEM[0x76]
Info: McodeAccelerator:: 0x68000000 = IMEM[0x77]
Info: McodeMachine:Run_Machine PC=0x70
Info: McodeMachine:Run_Machine: new bundle pc=0x70 (size=8)
Info: RunLog[0]: 0x5 = Get_Register(25)

LOG:Get_Operands: 0x70  McodeBranchInstruction
LOG:Get_Operands: 0x71  McodeNullInstruction
LOG:Get_Operands: 0x72  McodeNullInstruction
LOG:Get_Operands: 0x73  McodeNullInstruction
LOG:Get_Operands: 0x74  McodeNullInstruction
LOG:Get_Operands: 0x75  McodeNullInstruction
LOG:Get_Operands: 0x76  McodeNullInstruction
LOG:Get_Operands: 0x77  McodeNullInstruction
Info: ___execute_branch_operation___
Info: 112: Branch!
LOG:Execute     : 0x70  McodeBranchInstruction
Info: 113: Null!
LOG:Execute     : 0x71  McodeNullInstruction
Info: 114: Null!
LOG:Execute     : 0x72  McodeNullInstruction
Info: 115: Null!
LOG:Execute     : 0x73  McodeNullInstruction
Info: 116: Null!
LOG:Execute     : 0x74  McodeNullInstruction
Info: 117: Null!
LOG:Execute     : 0x75  McodeNullInstruction
Info: 118: Null!
LOG:Execute     : 0x76  McodeNullInstruction
Info: 119: Null!
LOG:Execute     : 0x77  McodeNullInstruction
LOG:Set_Results  : 0x70  McodeBranchInstruction
LOG:Set_Results  : 0x71  McodeNullInstruction
LOG:Set_Results  : 0x72  McodeNullInstruction
LOG:Set_Results  : 0x73  McodeNullInstruction
LOG:Set_Results  : 0x74  McodeNullInstruction
LOG:Set_Results  : 0x75  McodeNullInstruction
LOG:Set_Results  : 0x76  McodeNullInstruction
LOG:Set_Results  : 0x77  McodeNullInstruction
RunLog[0]: l_112 pc=0x70  McodeInstructionBundle
RunLog[0]: 0x70 $branch     0x5     ->   npc=0x80
RunLog[0]: 0x71 $null        -> 
RunLog[0]: 0x72 $null        -> 
RunLog[0]: 0x73 $null        -> 
RunLog[0]: 0x74 $null        -> 
RunLog[0]: 0x75 $null        -> 
RunLog[0]: 0x76 $null        -> 
RunLog[0]: 0x77 $null        -> 
Info: Tick on thread 0
Info: McodeAccelerator:: 0x908ad7f8 = IMEM[0x80]
Info: McodeAccelerator:: 0x68000000 = IMEM[0x81]
Info: McodeAccelerator:: 0x68000000 = IMEM[0x82]
Info: McodeAccelerator:: 0x68000000 = IMEM[0x83]
Info: McodeAccelerator:: 0x4c89e428 = IMEM[0x84]
Info: McodeAccelerator:: 0x68000000 = IMEM[0x85]
Info: McodeAccelerator:: 0x68000000 = IMEM[0x86]
Info: McodeAccelerator:: 0x68000000 = IMEM[0x87]
Info: McodeMachine:Run_Machine PC=0x80
Info: McodeMachine:Run_Machine: new bundle pc=0x80 (size=8)
Info: RunLog[0]: 0x7ff8 = Get_Register(26)

LOG:Get_Operands: 0x80  McodeAluInstruction
LOG:Get_Operands: 0x81  McodeNullInstruction
LOG:Get_Operands: 0x82  McodeNullInstruction
LOG:Get_Operands: 0x83  McodeNullInstruction
Info: RunLog[0]: 0x400 = Get_Register(28)

LOG:Get_Operands: 0x84  McodeLoadInstruction
LOG:Get_Operands: 0x85  McodeNullInstruction
LOG:Get_Operands: 0x86  McodeNullInstruction
LOG:Get_Operands: 0x87  McodeNullInstruction
Info: ___execute_alu_operation___
Info: 128: Alu!
LOG:Execute     : 0x80  McodeAluInstruction
Info: 129: Null!
LOG:Execute     : 0x81  McodeNullInstruction
Info: 130: Null!
LOG:Execute     : 0x82  McodeNullInstruction
Info: 131: Null!
LOG:Execute     : 0x83  McodeNullInstruction
Info: McodeAccelerator:: 0x0 = DMEM[0x85]

Info: ___execute_load_operation___
Info: 132: Load!
LOG:Execute     : 0x84  McodeLoadInstruction
Info: 133: Null!
LOG:Execute     : 0x85  McodeNullInstruction
Info: 134: Null!
LOG:Execute     : 0x86  McodeNullInstruction
Info: 135: Null!
LOG:Execute     : 0x87  McodeNullInstruction
Info: RunLog[0]: Set_Register(10, 0x7ff0)
LOG:Set_Results  : 0x80  McodeAluInstruction
LOG:Set_Results  : 0x81  McodeNullInstruction
LOG:Set_Results  : 0x82  McodeNullInstruction
LOG:Set_Results  : 0x83  McodeNullInstruction
Info: RunLog[0]: Set_Register(9, 0x0)
LOG:Set_Results  : 0x84  McodeLoadInstruction
LOG:Set_Results  : 0x85  McodeNullInstruction
LOG:Set_Results  : 0x86  McodeNullInstruction
LOG:Set_Results  : 0x87  McodeNullInstruction
RunLog[0]: l_128 pc=0x80  McodeInstructionBundle
RunLog[0]: 0x80 +           0x7ff8    0xfffffffffffffff8     -> 0x7ff0    
RunLog[0]: 0x81 $null        -> 
RunLog[0]: 0x82 $null        -> 
RunLog[0]: 0x83 $null        -> 
RunLog[0]: 0x84 $ld         0x400    0x28     -> 0x0    
RunLog[0]: 0x85 $null        -> 
RunLog[0]: 0x86 $null        -> 
RunLog[0]: 0x87 $null        -> 
Info: Tick on thread 0
Info: McodeAccelerator:: 0xe8000000 = IMEM[0x88]
Info: McodeAccelerator:: 0x68000000 = IMEM[0x89]
Info: McodeAccelerator:: 0x68000000 = IMEM[0x8a]
Info: McodeAccelerator:: 0x68000000 = IMEM[0x8b]
Info: McodeAccelerator:: 0x4c8b5400 = IMEM[0x8c]
Info: McodeAccelerator:: 0x68000000 = IMEM[0x8d]
Info: McodeAccelerator:: 0x68000000 = IMEM[0x8e]
Info: McodeAccelerator:: 0x68000000 = IMEM[0x8f]
Info: McodeMachine:Run_Machine PC=0x88
Info: McodeMachine:Run_Machine: new bundle pc=0x88 (size=8)
LOG:Get_Operands: 0x88  McodeNullInstruction
LOG:Get_Operands: 0x89  McodeNullInstruction
LOG:Get_Operands: 0x8a  McodeNullInstruction
LOG:Get_Operands: 0x8b  McodeNullInstruction
Info: RunLog[0]: 0x7ff0 = Get_Register(10)

LOG:Get_Operands: 0x8c  McodeLoadInstruction
LOG:Get_Operands: 0x8d  McodeNullInstruction
LOG:Get_Operands: 0x8e  McodeNullInstruction
LOG:Get_Operands: 0x8f  McodeNullInstruction
Info: 136: Null!
LOG:Execute     : 0x88  McodeNullInstruction
Info: 137: Null!
LOG:Execute     : 0x89  McodeNullInstruction
Info: 138: Null!
LOG:Execute     : 0x8a  McodeNullInstruction
Info: 139: Null!
LOG:Execute     : 0x8b  McodeNullInstruction
Info: McodeAccelerator:: 0x0 = DMEM[0xffe]

Info: ___execute_load_operation___
Info: 140: Load!
LOG:Execute     : 0x8c  McodeLoadInstruction
Info: 141: Null!
LOG:Execute     : 0x8d  McodeNullInstruction
Info: 142: Null!
LOG:Execute     : 0x8e  McodeNullInstruction
Info: 143: Null!
LOG:Execute     : 0x8f  McodeNullInstruction
LOG:Set_Results  : 0x88  McodeNullInstruction
LOG:Set_Results  : 0x89  McodeNullInstruction
LOG:Set_Results  : 0x8a  McodeNullInstruction
LOG:Set_Results  : 0x8b  McodeNullInstruction
Info: RunLog[0]: Set_Register(11, 0x0)
LOG:Set_Results  : 0x8c  McodeLoadInstruction
LOG:Set_Results  : 0x8d  McodeNullInstruction
LOG:Set_Results  : 0x8e  McodeNullInstruction
LOG:Set_Results  : 0x8f  McodeNullInstruction
RunLog[0]: l_136 pc=0x88  McodeInstructionBundle
RunLog[0]: 0x88 $null        -> 
RunLog[0]: 0x89 $null        -> 
RunLog[0]: 0x8a $null        -> 
RunLog[0]: 0x8b $null        -> 
RunLog[0]: 0x8c $ld         0x7ff0    0x0     -> 0x0    
RunLog[0]: 0x8d $null        -> 
RunLog[0]: 0x8e $null        -> 
RunLog[0]: 0x8f $null        -> 
Info: Tick on thread 0
Info: McodeAccelerator:: 0x988c5c08 = IMEM[0x90]
Info: McodeAccelerator:: 0x108de400 = IMEM[0x91]
Info: McodeAccelerator:: 0x90996400 = IMEM[0x92]
Info: McodeAccelerator:: 0x9099e019 = IMEM[0x93]
Info: McodeAccelerator:: 0xe8000000 = IMEM[0x94]
Info: McodeAccelerator:: 0x68000000 = IMEM[0x95]
Info: McodeAccelerator:: 0x68000000 = IMEM[0x96]
Info: McodeAccelerator:: 0x68000000 = IMEM[0x97]
Info: McodeMachine:Run_Machine PC=0x90
Info: McodeMachine:Run_Machine: new bundle pc=0x90 (size=2)
Info: RunLog[0]: 0x0 = Get_Register(11)

LOG:Get_Operands: 0x90  McodeAluInstruction
Info: RunLog[0]: 0x400 = Get_Register(28)

LOG:Get_Operands: 0x91  McodeAluInstruction
Info: ___execute_alu_operation___
Info: 144: Alu!
LOG:Execute     : 0x90  McodeAluInstruction
Info: ___execute_alu_operation___
Info: 145: Alu!
LOG:Execute     : 0x91  McodeAluInstruction
Info: RunLog[0]: Set_Register(12, 0x0)
LOG:Set_Results  : 0x90  McodeAluInstruction
Info: RunLog[0]: Set_Register(13, 0x400)
LOG:Set_Results  : 0x91  McodeAluInstruction
RunLog[0]: l_144 pc=0x90  McodeInstructionBundle
RunLog[0]: 0x90 *           0x0    0x8     -> 0x0    
RunLog[0]: 0x91 +           0x400    0x0     -> 0x400    
Info: Tick on thread 0
Info: McodeMachine:Run_Machine PC=0x92
Info: McodeMachine:Run_Machine: new bundle pc=0x92 (size=1)
Info: RunLog[0]: 0x0 = Get_Register(12)

LOG:Get_Operands: 0x92  McodeAluInstruction
Info: ___execute_alu_operation___
Info: 146: Alu!
LOG:Execute     : 0x92  McodeAluInstruction
Info: RunLog[0]: Set_Register(25, 0x0)
LOG:Set_Results  : 0x92  McodeAluInstruction
RunLog[0]: l_146 pc=0x92  McodeInstructionBundle
RunLog[0]: 0x92 +           0x0    0x0     -> 0x0    
Info: Tick on thread 0
Info: McodeMachine:Run_Machine PC=0x93
Info: McodeMachine:Run_Machine: new bundle pc=0x93 (size=1)
Info: RunLog[0]: 0x400 = Get_Register(28)

Info: RunLog[0]: 0x0 = Get_Register(25)

LOG:Get_Operands: 0x93  McodeAluInstruction
Info: ___execute_alu_operation___
Info: 147: Alu!
LOG:Execute     : 0x93  McodeAluInstruction
Info: RunLog[0]: Set_Register(25, 0x400)
LOG:Set_Results  : 0x93  McodeAluInstruction
RunLog[0]: l_147 pc=0x93  McodeInstructionBundle
RunLog[0]: 0x93 +           0x400    0x0     -> 0x400    
Info: Tick on thread 0
Info: McodeMachine:Run_Machine PC=0x94
Info: McodeMachine:Run_Machine: new bundle pc=0x94 (size=4)
LOG:Get_Operands: 0x94  McodeNullInstruction
LOG:Get_Operands: 0x95  McodeNullInstruction
LOG:Get_Operands: 0x96  McodeNullInstruction
LOG:Get_Operands: 0x97  McodeNullInstruction
Info: 148: Null!
LOG:Execute     : 0x94  McodeNullInstruction
Info: 149: Null!
LOG:Execute     : 0x95  McodeNullInstruction
Info: 150: Null!
LOG:Execute     : 0x96  McodeNullInstruction
Info: 151: Null!
LOG:Execute     : 0x97  McodeNullInstruction
LOG:Set_Results  : 0x94  McodeNullInstruction
LOG:Set_Results  : 0x95  McodeNullInstruction
LOG:Set_Results  : 0x96  McodeNullInstruction
LOG:Set_Results  : 0x97  McodeNullInstruction
RunLog[0]: l_148 pc=0x94  McodeInstructionBundle
RunLog[0]: 0x94 $null        -> 
RunLog[0]: 0x95 $null        -> 
RunLog[0]: 0x96 $null        -> 
RunLog[0]: 0x97 $null        -> 
Info: Tick on thread 0
Info: McodeAccelerator:: 0xe8000000 = IMEM[0x98]
Info: McodeAccelerator:: 0x68000000 = IMEM[0x99]
Info: McodeAccelerator:: 0x68000000 = IMEM[0x9a]
Info: McodeAccelerator:: 0x68000000 = IMEM[0x9b]
Info: McodeAccelerator:: 0x4c8ecc00 = IMEM[0x9c]
Info: McodeAccelerator:: 0x68000000 = IMEM[0x9d]
Info: McodeAccelerator:: 0x68000000 = IMEM[0x9e]
Info: McodeAccelerator:: 0x68000000 = IMEM[0x9f]
Info: McodeMachine:Run_Machine PC=0x98
Info: McodeMachine:Run_Machine: new bundle pc=0x98 (size=8)
LOG:Get_Operands: 0x98  McodeNullInstruction
LOG:Get_Operands: 0x99  McodeNullInstruction
LOG:Get_Operands: 0x9a  McodeNullInstruction
LOG:Get_Operands: 0x9b  McodeNullInstruction
Info: RunLog[0]: 0x400 = Get_Register(25)

LOG:Get_Operands: 0x9c  McodeLoadInstruction
LOG:Get_Operands: 0x9d  McodeNullInstruction
LOG:Get_Operands: 0x9e  McodeNullInstruction
LOG:Get_Operands: 0x9f  McodeNullInstruction
Info: 152: Null!
LOG:Execute     : 0x98  McodeNullInstruction
Info: 153: Null!
LOG:Execute     : 0x99  McodeNullInstruction
Info: 154: Null!
LOG:Execute     : 0x9a  McodeNullInstruction
Info: 155: Null!
LOG:Execute     : 0x9b  McodeNullInstruction
Info: McodeAccelerator:: 0xa = DMEM[0x80]

Info: ___execute_load_operation___
Info: 156: Load!
LOG:Execute     : 0x9c  McodeLoadInstruction
Info: 157: Null!
LOG:Execute     : 0x9d  McodeNullInstruction
Info: 158: Null!
LOG:Execute     : 0x9e  McodeNullInstruction
Info: 159: Null!
LOG:Execute     : 0x9f  McodeNullInstruction
LOG:Set_Results  : 0x98  McodeNullInstruction
LOG:Set_Results  : 0x99  McodeNullInstruction
LOG:Set_Results  : 0x9a  McodeNullInstruction
LOG:Set_Results  : 0x9b  McodeNullInstruction
Info: RunLog[0]: Set_Register(14, 0xa)
LOG:Set_Results  : 0x9c  McodeLoadInstruction
LOG:Set_Results  : 0x9d  McodeNullInstruction
LOG:Set_Results  : 0x9e  McodeNullInstruction
LOG:Set_Results  : 0x9f  McodeNullInstruction
RunLog[0]: l_152 pc=0x98  McodeInstructionBundle
RunLog[0]: 0x98 $null        -> 
RunLog[0]: 0x99 $null        -> 
RunLog[0]: 0x9a $null        -> 
RunLog[0]: 0x9b $null        -> 
RunLog[0]: 0x9c $ld         0x400    0x0     -> 0xa    
RunLog[0]: 0x9d $null        -> 
RunLog[0]: 0x9e $null        -> 
RunLog[0]: 0x9f $null        -> 
Info: Tick on thread 0
Info: McodeAccelerator:: 0x908f480e = IMEM[0xa0]
Info: McodeAccelerator:: 0xe8000000 = IMEM[0xa1]
Info: McodeAccelerator:: 0xe8000000 = IMEM[0xa2]
Info: McodeAccelerator:: 0x68000000 = IMEM[0xa3]
Info: McodeAccelerator:: 0xe8000000 = IMEM[0xa4]
Info: McodeAccelerator:: 0x68000000 = IMEM[0xa5]
Info: McodeAccelerator:: 0x68000000 = IMEM[0xa6]
Info: McodeAccelerator:: 0x68000000 = IMEM[0xa7]
Info: McodeMachine:Run_Machine PC=0xa0
Info: McodeMachine:Run_Machine: new bundle pc=0xa0 (size=1)
Info: RunLog[0]: 0x0 = Get_Register(9)

Info: RunLog[0]: 0xa = Get_Register(14)

LOG:Get_Operands: 0xa0  McodeAluInstruction
Info: ___execute_alu_operation___
Info: 160: Alu!
LOG:Execute     : 0xa0  McodeAluInstruction
Info: RunLog[0]: Set_Register(15, 0xa)
LOG:Set_Results  : 0xa0  McodeAluInstruction
RunLog[0]: l_160 pc=0xa0  McodeInstructionBundle
RunLog[0]: 0xa0 +           0x0    0xa     -> 0xa    
Info: Tick on thread 0
Info: McodeMachine:Run_Machine PC=0xa1
Info: McodeMachine:Run_Machine: new bundle pc=0xa1 (size=1)
LOG:Get_Operands: 0xa1  McodeNullInstruction
Info: 161: Null!
LOG:Execute     : 0xa1  McodeNullInstruction
LOG:Set_Results  : 0xa1  McodeNullInstruction
RunLog[0]: l_161 pc=0xa1  McodeInstructionBundle
RunLog[0]: 0xa1 $null        -> 
Info: Tick on thread 0
Info: McodeMachine:Run_Machine PC=0xa2
Info: McodeMachine:Run_Machine: new bundle pc=0xa2 (size=2)
LOG:Get_Operands: 0xa2  McodeNullInstruction
LOG:Get_Operands: 0xa3  McodeNullInstruction
Info: 162: Null!
LOG:Execute     : 0xa2  McodeNullInstruction
Info: 163: Null!
LOG:Execute     : 0xa3  McodeNullInstruction
LOG:Set_Results  : 0xa2  McodeNullInstruction
LOG:Set_Results  : 0xa3  McodeNullInstruction
RunLog[0]: l_162 pc=0xa2  McodeInstructionBundle
RunLog[0]: 0xa2 $null        -> 
RunLog[0]: 0xa3 $null        -> 
Info: Tick on thread 0
Info: McodeMachine:Run_Machine PC=0xa4
Info: McodeMachine:Run_Machine: new bundle pc=0xa4 (size=4)
LOG:Get_Operands: 0xa4  McodeNullInstruction
LOG:Get_Operands: 0xa5  McodeNullInstruction
LOG:Get_Operands: 0xa6  McodeNullInstruction
LOG:Get_Operands: 0xa7  McodeNullInstruction
Info: 164: Null!
LOG:Execute     : 0xa4  McodeNullInstruction
Info: 165: Null!
LOG:Execute     : 0xa5  McodeNullInstruction
Info: 166: Null!
LOG:Execute     : 0xa6  McodeNullInstruction
Info: 167: Null!
LOG:Execute     : 0xa7  McodeNullInstruction
LOG:Set_Results  : 0xa4  McodeNullInstruction
LOG:Set_Results  : 0xa5  McodeNullInstruction
LOG:Set_Results  : 0xa6  McodeNullInstruction
LOG:Set_Results  : 0xa7  McodeNullInstruction
RunLog[0]: l_164 pc=0xa4  McodeInstructionBundle
RunLog[0]: 0xa4 $null        -> 
RunLog[0]: 0xa5 $null        -> 
RunLog[0]: 0xa6 $null        -> 
RunLog[0]: 0xa7 $null        -> 
Info: Tick on thread 0
Info: McodeAccelerator:: 0xe8000000 = IMEM[0xa8]
Info: McodeAccelerator:: 0x68000000 = IMEM[0xa9]
Info: McodeAccelerator:: 0x68000000 = IMEM[0xaa]
Info: McodeAccelerator:: 0x68000000 = IMEM[0xab]
Info: McodeAccelerator:: 0x508fe428 = IMEM[0xac]
Info: McodeAccelerator:: 0x68000000 = IMEM[0xad]
Info: McodeAccelerator:: 0x68000000 = IMEM[0xae]
Info: McodeAccelerator:: 0x68000000 = IMEM[0xaf]
Info: McodeMachine:Run_Machine PC=0xa8
Info: McodeMachine:Run_Machine: new bundle pc=0xa8 (size=8)
LOG:Get_Operands: 0xa8  McodeNullInstruction
LOG:Get_Operands: 0xa9  McodeNullInstruction
LOG:Get_Operands: 0xaa  McodeNullInstruction
LOG:Get_Operands: 0xab  McodeNullInstruction
Info: RunLog[0]: 0x400 = Get_Register(28)

Info: RunLog[0]: 0xa = Get_Register(15)

LOG:Get_Operands: 0xac  McodeStoreInstruction
LOG:Get_Operands: 0xad  McodeNullInstruction
LOG:Get_Operands: 0xae  McodeNullInstruction
LOG:Get_Operands: 0xaf  McodeNullInstruction
Info: 168: Null!
LOG:Execute     : 0xa8  McodeNullInstruction
Info: 169: Null!
LOG:Execute     : 0xa9  McodeNullInstruction
Info: 170: Null!
LOG:Execute     : 0xaa  McodeNullInstruction
Info: 171: Null!
LOG:Execute     : 0xab  McodeNullInstruction
Info: McodeAccelerator:: DMEM[0x85] = 0xa

Info: ___execute_store_operation___ 
Info: 172: Store!
LOG:Execute     : 0xac  McodeStoreInstruction
Info: 173: Null!
LOG:Execute     : 0xad  McodeNullInstruction
Info: 174: Null!
LOG:Execute     : 0xae  McodeNullInstruction
Info: 175: Null!
LOG:Execute     : 0xaf  McodeNullInstruction
LOG:Set_Results  : 0xa8  McodeNullInstruction
LOG:Set_Results  : 0xa9  McodeNullInstruction
LOG:Set_Results  : 0xaa  McodeNullInstruction
LOG:Set_Results  : 0xab  McodeNullInstruction
LOG:Set_Results  : 0xac  McodeStoreInstruction
LOG:Set_Results  : 0xad  McodeNullInstruction
LOG:Set_Results  : 0xae  McodeNullInstruction
LOG:Set_Results  : 0xaf  McodeNullInstruction
RunLog[0]: l_168 pc=0xa8  McodeInstructionBundle
RunLog[0]: 0xa8 $null        -> 
RunLog[0]: 0xa9 $null        -> 
RunLog[0]: 0xaa $null        -> 
RunLog[0]: 0xab $null        -> 
RunLog[0]: 0xac $st         0x400    0x28    0xa     -> 
RunLog[0]: 0xad $null        -> 
RunLog[0]: 0xae $null        -> 
RunLog[0]: 0xaf $null        -> 
Info: Tick on thread 0
Info: McodeAccelerator:: 0x9090d7f8 = IMEM[0xb0]
Info: McodeAccelerator:: 0xe8000000 = IMEM[0xb1]
Info: McodeAccelerator:: 0xe8000000 = IMEM[0xb2]
Info: McodeAccelerator:: 0x68000000 = IMEM[0xb3]
Info: McodeAccelerator:: 0xe8000000 = IMEM[0xb4]
Info: McodeAccelerator:: 0x68000000 = IMEM[0xb5]
Info: McodeAccelerator:: 0x68000000 = IMEM[0xb6]
Info: McodeAccelerator:: 0x68000000 = IMEM[0xb7]
Info: McodeMachine:Run_Machine PC=0xb0
Info: McodeMachine:Run_Machine: new bundle pc=0xb0 (size=1)
Info: RunLog[0]: 0x7ff8 = Get_Register(26)

LOG:Get_Operands: 0xb0  McodeAluInstruction
Info: ___execute_alu_operation___
Info: 176: Alu!
LOG:Execute     : 0xb0  McodeAluInstruction
Info: RunLog[0]: Set_Register(16, 0x7ff0)
LOG:Set_Results  : 0xb0  McodeAluInstruction
RunLog[0]: l_176 pc=0xb0  McodeInstructionBundle
RunLog[0]: 0xb0 +           0x7ff8    0xfffffffffffffff8     -> 0x7ff0    
Info: Tick on thread 0
Info: McodeMachine:Run_Machine PC=0xb1
Info: McodeMachine:Run_Machine: new bundle pc=0xb1 (size=1)
LOG:Get_Operands: 0xb1  McodeNullInstruction
Info: 177: Null!
LOG:Execute     : 0xb1  McodeNullInstruction
LOG:Set_Results  : 0xb1  McodeNullInstruction
RunLog[0]: l_177 pc=0xb1  McodeInstructionBundle
RunLog[0]: 0xb1 $null        -> 
Info: Tick on thread 0
Info: McodeMachine:Run_Machine PC=0xb2
Info: McodeMachine:Run_Machine: new bundle pc=0xb2 (size=2)
LOG:Get_Operands: 0xb2  McodeNullInstruction
LOG:Get_Operands: 0xb3  McodeNullInstruction
Info: 178: Null!
LOG:Execute     : 0xb2  McodeNullInstruction
Info: 179: Null!
LOG:Execute     : 0xb3  McodeNullInstruction
LOG:Set_Results  : 0xb2  McodeNullInstruction
LOG:Set_Results  : 0xb3  McodeNullInstruction
RunLog[0]: l_178 pc=0xb2  McodeInstructionBundle
RunLog[0]: 0xb2 $null        -> 
RunLog[0]: 0xb3 $null        -> 
Info: Tick on thread 0
Info: McodeMachine:Run_Machine PC=0xb4
Info: McodeMachine:Run_Machine: new bundle pc=0xb4 (size=4)
LOG:Get_Operands: 0xb4  McodeNullInstruction
LOG:Get_Operands: 0xb5  McodeNullInstruction
LOG:Get_Operands: 0xb6  McodeNullInstruction
LOG:Get_Operands: 0xb7  McodeNullInstruction
Info: 180: Null!
LOG:Execute     : 0xb4  McodeNullInstruction
Info: 181: Null!
LOG:Execute     : 0xb5  McodeNullInstruction
Info: 182: Null!
LOG:Execute     : 0xb6  McodeNullInstruction
Info: 183: Null!
LOG:Execute     : 0xb7  McodeNullInstruction
LOG:Set_Results  : 0xb4  McodeNullInstruction
LOG:Set_Results  : 0xb5  McodeNullInstruction
LOG:Set_Results  : 0xb6  McodeNullInstruction
LOG:Set_Results  : 0xb7  McodeNullInstruction
RunLog[0]: l_180 pc=0xb4  McodeInstructionBundle
RunLog[0]: 0xb4 $null        -> 
RunLog[0]: 0xb5 $null        -> 
RunLog[0]: 0xb6 $null        -> 
RunLog[0]: 0xb7 $null        -> 
Info: Tick on thread 0
Info: McodeAccelerator:: 0xe8000000 = IMEM[0xb8]
Info: McodeAccelerator:: 0x68000000 = IMEM[0xb9]
Info: McodeAccelerator:: 0x68000000 = IMEM[0xba]
Info: McodeAccelerator:: 0x68000000 = IMEM[0xbb]
Info: McodeAccelerator:: 0x4c918400 = IMEM[0xbc]
Info: McodeAccelerator:: 0x68000000 = IMEM[0xbd]
Info: McodeAccelerator:: 0x68000000 = IMEM[0xbe]
Info: McodeAccelerator:: 0x68000000 = IMEM[0xbf]
Info: McodeMachine:Run_Machine PC=0xb8
Info: McodeMachine:Run_Machine: new bundle pc=0xb8 (size=8)
LOG:Get_Operands: 0xb8  McodeNullInstruction
LOG:Get_Operands: 0xb9  McodeNullInstruction
LOG:Get_Operands: 0xba  McodeNullInstruction
LOG:Get_Operands: 0xbb  McodeNullInstruction
Info: RunLog[0]: 0x7ff0 = Get_Register(16)

LOG:Get_Operands: 0xbc  McodeLoadInstruction
LOG:Get_Operands: 0xbd  McodeNullInstruction
LOG:Get_Operands: 0xbe  McodeNullInstruction
LOG:Get_Operands: 0xbf  McodeNullInstruction
Info: 184: Null!
LOG:Execute     : 0xb8  McodeNullInstruction
Info: 185: Null!
LOG:Execute     : 0xb9  McodeNullInstruction
Info: 186: Null!
LOG:Execute     : 0xba  McodeNullInstruction
Info: 187: Null!
LOG:Execute     : 0xbb  McodeNullInstruction
Info: McodeAccelerator:: 0x0 = DMEM[0xffe]

Info: ___execute_load_operation___
Info: 188: Load!
LOG:Execute     : 0xbc  McodeLoadInstruction
Info: 189: Null!
LOG:Execute     : 0xbd  McodeNullInstruction
Info: 190: Null!
LOG:Execute     : 0xbe  McodeNullInstruction
Info: 191: Null!
LOG:Execute     : 0xbf  McodeNullInstruction
LOG:Set_Results  : 0xb8  McodeNullInstruction
LOG:Set_Results  : 0xb9  McodeNullInstruction
LOG:Set_Results  : 0xba  McodeNullInstruction
LOG:Set_Results  : 0xbb  McodeNullInstruction
Info: RunLog[0]: Set_Register(17, 0x0)
LOG:Set_Results  : 0xbc  McodeLoadInstruction
LOG:Set_Results  : 0xbd  McodeNullInstruction
LOG:Set_Results  : 0xbe  McodeNullInstruction
LOG:Set_Results  : 0xbf  McodeNullInstruction
RunLog[0]: l_184 pc=0xb8  McodeInstructionBundle
RunLog[0]: 0xb8 $null        -> 
RunLog[0]: 0xb9 $null        -> 
RunLog[0]: 0xba $null        -> 
RunLog[0]: 0xbb $null        -> 
RunLog[0]: 0xbc $ld         0x7ff0    0x0     -> 0x0    
RunLog[0]: 0xbd $null        -> 
RunLog[0]: 0xbe $null        -> 
RunLog[0]: 0xbf $null        -> 
Info: Tick on thread 0
Info: McodeAccelerator:: 0x90920011 = IMEM[0xc0]
Info: McodeAccelerator:: 0x10938c01 = IMEM[0xc1]
Info: McodeAccelerator:: 0x1094d7f8 = IMEM[0xc2]
Info: McodeAccelerator:: 0x68000000 = IMEM[0xc3]
Info: McodeAccelerator:: 0xe8000000 = IMEM[0xc4]
Info: McodeAccelerator:: 0x68000000 = IMEM[0xc5]
Info: McodeAccelerator:: 0x68000000 = IMEM[0xc6]
Info: McodeAccelerator:: 0x68000000 = IMEM[0xc7]
Info: McodeMachine:Run_Machine PC=0xc0
Info: McodeMachine:Run_Machine: new bundle pc=0xc0 (size=4)
Info: RunLog[0]: 0x0 = Get_Register(0)

Info: RunLog[0]: 0x0 = Get_Register(17)

LOG:Get_Operands: 0xc0  McodeAluInstruction
Info: RunLog[0]: 0x0 = Get_Register(17)

LOG:Get_Operands: 0xc1  McodeAluInstruction
Info: RunLog[0]: 0x7ff8 = Get_Register(26)

LOG:Get_Operands: 0xc2  McodeAluInstruction
LOG:Get_Operands: 0xc3  McodeNullInstruction
Info: ___execute_alu_operation___
Info: 192: Alu!
LOG:Execute     : 0xc0  McodeAluInstruction
Info: ___execute_alu_operation___
Info: 193: Alu!
LOG:Execute     : 0xc1  McodeAluInstruction
Info: ___execute_alu_operation___
Info: 194: Alu!
LOG:Execute     : 0xc2  McodeAluInstruction
Info: 195: Null!
LOG:Execute     : 0xc3  McodeNullInstruction
Info: RunLog[0]: Set_Register(18, 0x0)
LOG:Set_Results  : 0xc0  McodeAluInstruction
Info: RunLog[0]: Set_Register(19, 0x1)
LOG:Set_Results  : 0xc1  McodeAluInstruction
Info: RunLog[0]: Set_Register(20, 0x7ff0)
LOG:Set_Results  : 0xc2  McodeAluInstruction
LOG:Set_Results  : 0xc3  McodeNullInstruction
RunLog[0]: l_192 pc=0xc0  McodeInstructionBundle
RunLog[0]: 0xc0 +           0x0    0x0     -> 0x0    
RunLog[0]: 0xc1 +           0x0    0x1     -> 0x1    
RunLog[0]: 0xc2 +           0x7ff8    0xfffffffffffffff8     -> 0x7ff0    
RunLog[0]: 0xc3 $null        -> 
Info: Tick on thread 0
Info: McodeMachine:Run_Machine PC=0xc4
Info: McodeMachine:Run_Machine: new bundle pc=0xc4 (size=4)
LOG:Get_Operands: 0xc4  McodeNullInstruction
LOG:Get_Operands: 0xc5  McodeNullInstruction
LOG:Get_Operands: 0xc6  McodeNullInstruction
LOG:Get_Operands: 0xc7  McodeNullInstruction
Info: 196: Null!
LOG:Execute     : 0xc4  McodeNullInstruction
Info: 197: Null!
LOG:Execute     : 0xc5  McodeNullInstruction
Info: 198: Null!
LOG:Execute     : 0xc6  McodeNullInstruction
Info: 199: Null!
LOG:Execute     : 0xc7  McodeNullInstruction
LOG:Set_Results  : 0xc4  McodeNullInstruction
LOG:Set_Results  : 0xc5  McodeNullInstruction
LOG:Set_Results  : 0xc6  McodeNullInstruction
LOG:Set_Results  : 0xc7  McodeNullInstruction
RunLog[0]: l_196 pc=0xc4  McodeInstructionBundle
RunLog[0]: 0xc4 $null        -> 
RunLog[0]: 0xc5 $null        -> 
RunLog[0]: 0xc6 $null        -> 
RunLog[0]: 0xc7 $null        -> 
Info: Tick on thread 0
Info: McodeAccelerator:: 0x8911f218 = IMEM[0xc8]
Info: McodeAccelerator:: 0x68000000 = IMEM[0xc9]
Info: McodeAccelerator:: 0x68000000 = IMEM[0xca]
Info: McodeAccelerator:: 0x68000000 = IMEM[0xcb]
Info: McodeAccelerator:: 0x5093a400 = IMEM[0xcc]
Info: McodeAccelerator:: 0x68000000 = IMEM[0xcd]
Info: McodeAccelerator:: 0x68000000 = IMEM[0xce]
Info: McodeAccelerator:: 0x68000000 = IMEM[0xcf]
Info: McodeMachine:Run_Machine PC=0xc8
Info: McodeMachine:Run_Machine: new bundle pc=0xc8 (size=8)
Info: RunLog[0]: 0x1 = Get_Register(24)

LOG:Get_Operands: 0xc8  McodeBranchInstruction
LOG:Get_Operands: 0xc9  McodeNullInstruction
LOG:Get_Operands: 0xca  McodeNullInstruction
LOG:Get_Operands: 0xcb  McodeNullInstruction
Info: RunLog[0]: 0x7ff0 = Get_Register(20)

Info: RunLog[0]: 0x1 = Get_Register(19)

LOG:Get_Operands: 0xcc  McodeStoreInstruction
LOG:Get_Operands: 0xcd  McodeNullInstruction
LOG:Get_Operands: 0xce  McodeNullInstruction
LOG:Get_Operands: 0xcf  McodeNullInstruction
Info: ___execute_branch_operation___
Info: 200: Branch!
LOG:Execute     : 0xc8  McodeBranchInstruction
Info: 201: Null!
LOG:Execute     : 0xc9  McodeNullInstruction
Info: 202: Null!
LOG:Execute     : 0xca  McodeNullInstruction
Info: 203: Null!
LOG:Execute     : 0xcb  McodeNullInstruction
Info: McodeAccelerator:: DMEM[0xffe] = 0x1

Info: ___execute_store_operation___ 
Info: 204: Store!
LOG:Execute     : 0xcc  McodeStoreInstruction
Info: 205: Null!
LOG:Execute     : 0xcd  McodeNullInstruction
Info: 206: Null!
LOG:Execute     : 0xce  McodeNullInstruction
Info: 207: Null!
LOG:Execute     : 0xcf  McodeNullInstruction
LOG:Set_Results  : 0xc8  McodeBranchInstruction
LOG:Set_Results  : 0xc9  McodeNullInstruction
LOG:Set_Results  : 0xca  McodeNullInstruction
LOG:Set_Results  : 0xcb  McodeNullInstruction
LOG:Set_Results  : 0xcc  McodeStoreInstruction
LOG:Set_Results  : 0xcd  McodeNullInstruction
LOG:Set_Results  : 0xce  McodeNullInstruction
LOG:Set_Results  : 0xcf  McodeNullInstruction
RunLog[0]: l_200 pc=0xc8  McodeInstructionBundle
RunLog[0]: 0xc8 $branch     0x1     ->   npc=0x58
RunLog[0]: 0xc9 $null        -> 
RunLog[0]: 0xca $null        -> 
RunLog[0]: 0xcb $null        -> 
RunLog[0]: 0xcc $st         0x7ff0    0x0    0x1     -> 
RunLog[0]: 0xcd $null        -> 
RunLog[0]: 0xce $null        -> 
RunLog[0]: 0xcf $null        -> 
Info: Tick on thread 0
Info: McodeAccelerator:: 0x9087d7f8 = IMEM[0x58]
Info: McodeAccelerator:: 0xe8000000 = IMEM[0x59]
Info: McodeAccelerator:: 0xe8000000 = IMEM[0x5a]
Info: McodeAccelerator:: 0x68000000 = IMEM[0x5b]
Info: McodeAccelerator:: 0xe8000000 = IMEM[0x5c]
Info: McodeAccelerator:: 0x68000000 = IMEM[0x5d]
Info: McodeAccelerator:: 0x68000000 = IMEM[0x5e]
Info: McodeAccelerator:: 0x68000000 = IMEM[0x5f]
Info: McodeMachine:Run_Machine PC=0x58
Info: RunLog[0]: 0x7ff8 = Get_Register(26)

LOG:Get_Operands: 0x58  McodeAluInstruction
Info: ___execute_alu_operation___
Info: 88: Alu!
LOG:Execute     : 0x58  McodeAluInstruction
Info: RunLog[0]: Set_Register(7, 0x7ff0)
LOG:Set_Results  : 0x58  McodeAluInstruction
RunLog[0]: l_88 pc=0x58  McodeInstructionBundle
RunLog[0]: 0x58 +           0x7ff8    0xfffffffffffffff8     -> 0x7ff0    
Info: Tick on thread 0
Info: McodeMachine:Run_Machine PC=0x59
LOG:Get_Operands: 0x59  McodeNullInstruction
Info: 89: Null!
LOG:Execute     : 0x59  McodeNullInstruction
LOG:Set_Results  : 0x59  McodeNullInstruction
RunLog[0]: l_89 pc=0x59  McodeInstructionBundle
RunLog[0]: 0x59 $null        -> 
Info: Tick on thread 0
Info: McodeMachine:Run_Machine PC=0x5a
LOG:Get_Operands: 0x5a  McodeNullInstruction
LOG:Get_Operands: 0x5b  McodeNullInstruction
Info: 90: Null!
LOG:Execute     : 0x5a  McodeNullInstruction
Info: 91: Null!
LOG:Execute     : 0x5b  McodeNullInstruction
LOG:Set_Results  : 0x5a  McodeNullInstruction
LOG:Set_Results  : 0x5b  McodeNullInstruction
RunLog[0]: l_90 pc=0x5a  McodeInstructionBundle
RunLog[0]: 0x5a $null        -> 
RunLog[0]: 0x5b $null        -> 
Info: Tick on thread 0
Info: McodeMachine:Run_Machine PC=0x5c
LOG:Get_Operands: 0x5c  McodeNullInstruction
LOG:Get_Operands: 0x5d  McodeNullInstruction
LOG:Get_Operands: 0x5e  McodeNullInstruction
LOG:Get_Operands: 0x5f  McodeNullInstruction
Info: 92: Null!
LOG:Execute     : 0x5c  McodeNullInstruction
Info: 93: Null!
LOG:Execute     : 0x5d  McodeNullInstruction
Info: 94: Null!
LOG:Execute     : 0x5e  McodeNullInstruction
Info: 95: Null!
LOG:Execute     : 0x5f  McodeNullInstruction
LOG:Set_Results  : 0x5c  McodeNullInstruction
LOG:Set_Results  : 0x5d  McodeNullInstruction
LOG:Set_Results  : 0x5e  McodeNullInstruction
LOG:Set_Results  : 0x5f  McodeNullInstruction
RunLog[0]: l_92 pc=0x5c  McodeInstructionBundle
RunLog[0]: 0x5c $null        -> 
RunLog[0]: 0x5d $null        -> 
RunLog[0]: 0x5e $null        -> 
RunLog[0]: 0x5f $null        -> 
Info: Tick on thread 0
Info: McodeAccelerator:: 0x90990405 = IMEM[0x60]
Info: McodeAccelerator:: 0x68000000 = IMEM[0x61]
Info: McodeAccelerator:: 0x68000000 = IMEM[0x62]
Info: McodeAccelerator:: 0x68000000 = IMEM[0x63]
Info: McodeAccelerator:: 0x4c883c00 = IMEM[0x64]
Info: McodeAccelerator:: 0x68000000 = IMEM[0x65]
Info: McodeAccelerator:: 0x68000000 = IMEM[0x66]
Info: McodeAccelerator:: 0x68000000 = IMEM[0x67]
Info: McodeMachine:Run_Machine PC=0x60
Info: RunLog[0]: 0x0 = Get_Register(0)

LOG:Get_Operands: 0x60  McodeAluInstruction
LOG:Get_Operands: 0x61  McodeNullInstruction
LOG:Get_Operands: 0x62  McodeNullInstruction
LOG:Get_Operands: 0x63  McodeNullInstruction
Info: RunLog[0]: 0x7ff0 = Get_Register(7)

LOG:Get_Operands: 0x64  McodeLoadInstruction
LOG:Get_Operands: 0x65  McodeNullInstruction
LOG:Get_Operands: 0x66  McodeNullInstruction
LOG:Get_Operands: 0x67  McodeNullInstruction
Info: ___execute_alu_operation___
Info: 96: Alu!
LOG:Execute     : 0x60  McodeAluInstruction
Info: 97: Null!
LOG:Execute     : 0x61  McodeNullInstruction
Info: 98: Null!
LOG:Execute     : 0x62  McodeNullInstruction
Info: 99: Null!
LOG:Execute     : 0x63  McodeNullInstruction
Info: McodeAccelerator:: 0x1 = DMEM[0xffe]

Info: ___execute_load_operation___
Info: 100: Load!
LOG:Execute     : 0x64  McodeLoadInstruction
Info: 101: Null!
LOG:Execute     : 0x65  McodeNullInstruction
Info: 102: Null!
LOG:Execute     : 0x66  McodeNullInstruction
Info: 103: Null!
LOG:Execute     : 0x67  McodeNullInstruction
Info: RunLog[0]: Set_Register(25, 0x5)
LOG:Set_Results  : 0x60  McodeAluInstruction
LOG:Set_Results  : 0x61  McodeNullInstruction
LOG:Set_Results  : 0x62  McodeNullInstruction
LOG:Set_Results  : 0x63  McodeNullInstruction
Info: RunLog[0]: Set_Register(8, 0x1)
LOG:Set_Results  : 0x64  McodeLoadInstruction
LOG:Set_Results  : 0x65  McodeNullInstruction
LOG:Set_Results  : 0x66  McodeNullInstruction
LOG:Set_Results  : 0x67  McodeNullInstruction
RunLog[0]: l_96 pc=0x60  McodeInstructionBundle
RunLog[0]: 0x60 +           0x0    0x5     -> 0x5    
RunLog[0]: 0x61 $null        -> 
RunLog[0]: 0x62 $null        -> 
RunLog[0]: 0x63 $null        -> 
RunLog[0]: 0x64 $ld         0x7ff0    0x0     -> 0x1    
RunLog[0]: 0x65 $null        -> 
RunLog[0]: 0x66 $null        -> 
RunLog[0]: 0x67 $null        -> 
Info: Tick on thread 0
Info: McodeAccelerator:: 0x9499c808 = IMEM[0x68]
Info: McodeAccelerator:: 0xe8000000 = IMEM[0x69]
Info: McodeAccelerator:: 0xe8000000 = IMEM[0x6a]
Info: McodeAccelerator:: 0x68000000 = IMEM[0x6b]
Info: McodeAccelerator:: 0xe8000000 = IMEM[0x6c]
Info: McodeAccelerator:: 0x68000000 = IMEM[0x6d]
Info: McodeAccelerator:: 0x68000000 = IMEM[0x6e]
Info: McodeAccelerator:: 0x68000000 = IMEM[0x6f]
Info: McodeMachine:Run_Machine PC=0x68
Info: RunLog[0]: 0x5 = Get_Register(25)

Info: RunLog[0]: 0x1 = Get_Register(8)

LOG:Get_Operands: 0x68  McodeAluInstruction
Info: ___execute_alu_operation___
Info: 104: Alu!
LOG:Execute     : 0x68  McodeAluInstruction
Info: RunLog[0]: Set_Register(25, 0x4)
LOG:Set_Results  : 0x68  McodeAluInstruction
RunLog[0]: l_104 pc=0x68  McodeInstructionBundle
RunLog[0]: 0x68 -           0x5    0x1     -> 0x4    
Info: Tick on thread 0
Info: McodeMachine:Run_Machine PC=0x69
LOG:Get_Operands: 0x69  McodeNullInstruction
Info: 105: Null!
LOG:Execute     : 0x69  McodeNullInstruction
LOG:Set_Results  : 0x69  McodeNullInstruction
RunLog[0]: l_105 pc=0x69  McodeInstructionBundle
RunLog[0]: 0x69 $null        -> 
Info: Tick on thread 0
Info: McodeMachine:Run_Machine PC=0x6a
LOG:Get_Operands: 0x6a  McodeNullInstruction
LOG:Get_Operands: 0x6b  McodeNullInstruction
Info: 106: Null!
LOG:Execute     : 0x6a  McodeNullInstruction
Info: 107: Null!
LOG:Execute     : 0x6b  McodeNullInstruction
LOG:Set_Results  : 0x6a  McodeNullInstruction
LOG:Set_Results  : 0x6b  McodeNullInstruction
RunLog[0]: l_106 pc=0x6a  McodeInstructionBundle
RunLog[0]: 0x6a $null        -> 
RunLog[0]: 0x6b $null        -> 
Info: Tick on thread 0
Info: McodeMachine:Run_Machine PC=0x6c
LOG:Get_Operands: 0x6c  McodeNullInstruction
LOG:Get_Operands: 0x6d  McodeNullInstruction
LOG:Get_Operands: 0x6e  McodeNullInstruction
LOG:Get_Operands: 0x6f  McodeNullInstruction
Info: 108: Null!
LOG:Execute     : 0x6c  McodeNullInstruction
Info: 109: Null!
LOG:Execute     : 0x6d  McodeNullInstruction
Info: 110: Null!
LOG:Execute     : 0x6e  McodeNullInstruction
Info: 111: Null!
LOG:Execute     : 0x6f  McodeNullInstruction
LOG:Set_Results  : 0x6c  McodeNullInstruction
LOG:Set_Results  : 0x6d  McodeNullInstruction
LOG:Set_Results  : 0x6e  McodeNullInstruction
LOG:Set_Results  : 0x6f  McodeNullInstruction
RunLog[0]: l_108 pc=0x6c  McodeInstructionBundle
RunLog[0]: 0x6c $null        -> 
RunLog[0]: 0x6d $null        -> 
RunLog[0]: 0x6e $null        -> 
RunLog[0]: 0x6f $null        -> 
Info: Tick on thread 0
Info: McodeAccelerator:: 0x89100219 = IMEM[0x70]
Info: McodeAccelerator:: 0x68000000 = IMEM[0x71]
Info: McodeAccelerator:: 0x68000000 = IMEM[0x72]
Info: McodeAccelerator:: 0x68000000 = IMEM[0x73]
Info: McodeAccelerator:: 0x68000000 = IMEM[0x74]
Info: McodeAccelerator:: 0x68000000 = IMEM[0x75]
Info: McodeAccelerator:: 0x68000000 = IMEM[0x76]
Info: McodeAccelerator:: 0x68000000 = IMEM[0x77]
Info: McodeMachine:Run_Machine PC=0x70
Info: RunLog[0]: 0x4 = Get_Register(25)

LOG:Get_Operands: 0x70  McodeBranchInstruction
LOG:Get_Operands: 0x71  McodeNullInstruction
LOG:Get_Operands: 0x72  McodeNullInstruction
LOG:Get_Operands: 0x73  McodeNullInstruction
LOG:Get_Operands: 0x74  McodeNullInstruction
LOG:Get_Operands: 0x75  McodeNullInstruction
LOG:Get_Operands: 0x76  McodeNullInstruction
LOG:Get_Operands: 0x77  McodeNullInstruction
Info: ___execute_branch_operation___
Info: 112: Branch!
LOG:Execute     : 0x70  McodeBranchInstruction
Info: 113: Null!
LOG:Execute     : 0x71  McodeNullInstruction
Info: 114: Null!
LOG:Execute     : 0x72  McodeNullInstruction
Info: 115: Null!
LOG:Execute     : 0x73  McodeNullInstruction
Info: 116: Null!
LOG:Execute     : 0x74  McodeNullInstruction
Info: 117: Null!
LOG:Execute     : 0x75  McodeNullInstruction
Info: 118: Null!
LOG:Execute     : 0x76  McodeNullInstruction
Info: 119: Null!
LOG:Execute     : 0x77  McodeNullInstruction
LOG:Set_Results  : 0x70  McodeBranchInstruction
LOG:Set_Results  : 0x71  McodeNullInstruction
LOG:Set_Results  : 0x72  McodeNullInstruction
LOG:Set_Results  : 0x73  McodeNullInstruction
LOG:Set_Results  : 0x74  McodeNullInstruction
LOG:Set_Results  : 0x75  McodeNullInstruction
LOG:Set_Results  : 0x76  McodeNullInstruction
LOG:Set_Results  : 0x77  McodeNullInstruction
RunLog[0]: l_112 pc=0x70  McodeInstructionBundle
RunLog[0]: 0x70 $branch     0x4     ->   npc=0x80
RunLog[0]: 0x71 $null        -> 
RunLog[0]: 0x72 $null        -> 
RunLog[0]: 0x73 $null        -> 
RunLog[0]: 0x74 $null        -> 
RunLog[0]: 0x75 $null        -> 
RunLog[0]: 0x76 $null        -> 
RunLog[0]: 0x77 $null        -> 
Info: Tick on thread 0
Info: McodeAccelerator:: 0x908ad7f8 = IMEM[0x80]
Info: McodeAccelerator:: 0x68000000 = IMEM[0x81]
Info: McodeAccelerator:: 0x68000000 = IMEM[0x82]
Info: McodeAccelerator:: 0x68000000 = IMEM[0x83]
Info: McodeAccelerator:: 0x4c89e428 = IMEM[0x84]
Info: McodeAccelerator:: 0x68000000 = IMEM[0x85]
Info: McodeAccelerator:: 0x68000000 = IMEM[0x86]
Info: McodeAccelerator:: 0x68000000 = IMEM[0x87]
Info: McodeMachine:Run_Machine PC=0x80
Info: RunLog[0]: 0x7ff8 = Get_Register(26)

LOG:Get_Operands: 0x80  McodeAluInstruction
LOG:Get_Operands: 0x81  McodeNullInstruction
LOG:Get_Operands: 0x82  McodeNullInstruction
LOG:Get_Operands: 0x83  McodeNullInstruction
Info: RunLog[0]: 0x400 = Get_Register(28)

LOG:Get_Operands: 0x84  McodeLoadInstruction
LOG:Get_Operands: 0x85  McodeNullInstruction
LOG:Get_Operands: 0x86  McodeNullInstruction
LOG:Get_Operands: 0x87  McodeNullInstruction
Info: ___execute_alu_operation___
Info: 128: Alu!
LOG:Execute     : 0x80  McodeAluInstruction
Info: 129: Null!
LOG:Execute     : 0x81  McodeNullInstruction
Info: 130: Null!
LOG:Execute     : 0x82  McodeNullInstruction
Info: 131: Null!
LOG:Execute     : 0x83  McodeNullInstruction
Info: McodeAccelerator:: 0xa = DMEM[0x85]

Info: ___execute_load_operation___
Info: 132: Load!
LOG:Execute     : 0x84  McodeLoadInstruction
Info: 133: Null!
LOG:Execute     : 0x85  McodeNullInstruction
Info: 134: Null!
LOG:Execute     : 0x86  McodeNullInstruction
Info: 135: Null!
LOG:Execute     : 0x87  McodeNullInstruction
Info: RunLog[0]: Set_Register(10, 0x7ff0)
LOG:Set_Results  : 0x80  McodeAluInstruction
LOG:Set_Results  : 0x81  McodeNullInstruction
LOG:Set_Results  : 0x82  McodeNullInstruction
LOG:Set_Results  : 0x83  McodeNullInstruction
Info: RunLog[0]: Set_Register(9, 0xa)
LOG:Set_Results  : 0x84  McodeLoadInstruction
LOG:Set_Results  : 0x85  McodeNullInstruction
LOG:Set_Results  : 0x86  McodeNullInstruction
LOG:Set_Results  : 0x87  McodeNullInstruction
RunLog[0]: l_128 pc=0x80  McodeInstructionBundle
RunLog[0]: 0x80 +           0x7ff8    0xfffffffffffffff8     -> 0x7ff0    
RunLog[0]: 0x81 $null        -> 
RunLog[0]: 0x82 $null        -> 
RunLog[0]: 0x83 $null        -> 
RunLog[0]: 0x84 $ld         0x400    0x28     -> 0xa    
RunLog[0]: 0x85 $null        -> 
RunLog[0]: 0x86 $null        -> 
RunLog[0]: 0x87 $null        -> 
Info: Tick on thread 0
Info: McodeAccelerator:: 0xe8000000 = IMEM[0x88]
Info: McodeAccelerator:: 0x68000000 = IMEM[0x89]
Info: McodeAccelerator:: 0x68000000 = IMEM[0x8a]
Info: McodeAccelerator:: 0x68000000 = IMEM[0x8b]
Info: McodeAccelerator:: 0x4c8b5400 = IMEM[0x8c]
Info: McodeAccelerator:: 0x68000000 = IMEM[0x8d]
Info: McodeAccelerator:: 0x68000000 = IMEM[0x8e]
Info: McodeAccelerator:: 0x68000000 = IMEM[0x8f]
Info: McodeMachine:Run_Machine PC=0x88
LOG:Get_Operands: 0x88  McodeNullInstruction
LOG:Get_Operands: 0x89  McodeNullInstruction
LOG:Get_Operands: 0x8a  McodeNullInstruction
LOG:Get_Operands: 0x8b  McodeNullInstruction
Info: RunLog[0]: 0x7ff0 = Get_Register(10)

LOG:Get_Operands: 0x8c  McodeLoadInstruction
LOG:Get_Operands: 0x8d  McodeNullInstruction
LOG:Get_Operands: 0x8e  McodeNullInstruction
LOG:Get_Operands: 0x8f  McodeNullInstruction
Info: 136: Null!
LOG:Execute     : 0x88  McodeNullInstruction
Info: 137: Null!
LOG:Execute     : 0x89  McodeNullInstruction
Info: 138: Null!
LOG:Execute     : 0x8a  McodeNullInstruction
Info: 139: Null!
LOG:Execute     : 0x8b  McodeNullInstruction
Info: McodeAccelerator:: 0x1 = DMEM[0xffe]

Info: ___execute_load_operation___
Info: 140: Load!
LOG:Execute     : 0x8c  McodeLoadInstruction
Info: 141: Null!
LOG:Execute     : 0x8d  McodeNullInstruction
Info: 142: Null!
LOG:Execute     : 0x8e  McodeNullInstruction
Info: 143: Null!
LOG:Execute     : 0x8f  McodeNullInstruction
LOG:Set_Results  : 0x88  McodeNullInstruction
LOG:Set_Results  : 0x89  McodeNullInstruction
LOG:Set_Results  : 0x8a  McodeNullInstruction
LOG:Set_Results  : 0x8b  McodeNullInstruction
Info: RunLog[0]: Set_Register(11, 0x1)
LOG:Set_Results  : 0x8c  McodeLoadInstruction
LOG:Set_Results  : 0x8d  McodeNullInstruction
LOG:Set_Results  : 0x8e  McodeNullInstruction
LOG:Set_Results  : 0x8f  McodeNullInstruction
RunLog[0]: l_136 pc=0x88  McodeInstructionBundle
RunLog[0]: 0x88 $null        -> 
RunLog[0]: 0x89 $null        -> 
RunLog[0]: 0x8a $null        -> 
RunLog[0]: 0x8b $null        -> 
RunLog[0]: 0x8c $ld         0x7ff0    0x0     -> 0x1    
RunLog[0]: 0x8d $null        -> 
RunLog[0]: 0x8e $null        -> 
RunLog[0]: 0x8f $null        -> 
Info: Tick on thread 0
Info: McodeAccelerator:: 0x988c5c08 = IMEM[0x90]
Info: McodeAccelerator:: 0x108de400 = IMEM[0x91]
Info: McodeAccelerator:: 0x90996400 = IMEM[0x92]
Info: McodeAccelerator:: 0x9099e019 = IMEM[0x93]
Info: McodeAccelerator:: 0xe8000000 = IMEM[0x94]
Info: McodeAccelerator:: 0x68000000 = IMEM[0x95]
Info: McodeAccelerator:: 0x68000000 = IMEM[0x96]
Info: McodeAccelerator:: 0x68000000 = IMEM[0x97]
Info: McodeMachine:Run_Machine PC=0x90
Info: RunLog[0]: 0x1 = Get_Register(11)

LOG:Get_Operands: 0x90  McodeAluInstruction
Info: RunLog[0]: 0x400 = Get_Register(28)

LOG:Get_Operands: 0x91  McodeAluInstruction
Info: ___execute_alu_operation___
Info: 144: Alu!
LOG:Execute     : 0x90  McodeAluInstruction
Info: ___execute_alu_operation___
Info: 145: Alu!
LOG:Execute     : 0x91  McodeAluInstruction
Info: RunLog[0]: Set_Register(12, 0x8)
LOG:Set_Results  : 0x90  McodeAluInstruction
Info: RunLog[0]: Set_Register(13, 0x400)
LOG:Set_Results  : 0x91  McodeAluInstruction
RunLog[0]: l_144 pc=0x90  McodeInstructionBundle
RunLog[0]: 0x90 *           0x1    0x8     -> 0x8    
RunLog[0]: 0x91 +           0x400    0x0     -> 0x400    
Info: Tick on thread 0
Info: McodeMachine:Run_Machine PC=0x92
Info: RunLog[0]: 0x8 = Get_Register(12)

LOG:Get_Operands: 0x92  McodeAluInstruction
Info: ___execute_alu_operation___
Info: 146: Alu!
LOG:Execute     : 0x92  McodeAluInstruction
Info: RunLog[0]: Set_Register(25, 0x8)
LOG:Set_Results  : 0x92  McodeAluInstruction
RunLog[0]: l_146 pc=0x92  McodeInstructionBundle
RunLog[0]: 0x92 +           0x8    0x0     -> 0x8    
Info: Tick on thread 0
Info: McodeMachine:Run_Machine PC=0x93
Info: RunLog[0]: 0x400 = Get_Register(28)

Info: RunLog[0]: 0x8 = Get_Register(25)

LOG:Get_Operands: 0x93  McodeAluInstruction
Info: ___execute_alu_operation___
Info: 147: Alu!
LOG:Execute     : 0x93  McodeAluInstruction
Info: RunLog[0]: Set_Register(25, 0x408)
LOG:Set_Results  : 0x93  McodeAluInstruction
RunLog[0]: l_147 pc=0x93  McodeInstructionBundle
RunLog[0]: 0x93 +           0x400    0x8     -> 0x408    
Info: Tick on thread 0
Info: McodeMachine:Run_Machine PC=0x94
LOG:Get_Operands: 0x94  McodeNullInstruction
LOG:Get_Operands: 0x95  McodeNullInstruction
LOG:Get_Operands: 0x96  McodeNullInstruction
LOG:Get_Operands: 0x97  McodeNullInstruction
Info: 148: Null!
LOG:Execute     : 0x94  McodeNullInstruction
Info: 149: Null!
LOG:Execute     : 0x95  McodeNullInstruction
Info: 150: Null!
LOG:Execute     : 0x96  McodeNullInstruction
Info: 151: Null!
LOG:Execute     : 0x97  McodeNullInstruction
LOG:Set_Results  : 0x94  McodeNullInstruction
LOG:Set_Results  : 0x95  McodeNullInstruction
LOG:Set_Results  : 0x96  McodeNullInstruction
LOG:Set_Results  : 0x97  McodeNullInstruction
RunLog[0]: l_148 pc=0x94  McodeInstructionBundle
RunLog[0]: 0x94 $null        -> 
RunLog[0]: 0x95 $null        -> 
RunLog[0]: 0x96 $null        -> 
RunLog[0]: 0x97 $null        -> 
Info: Tick on thread 0
Info: McodeAccelerator:: 0xe8000000 = IMEM[0x98]
Info: McodeAccelerator:: 0x68000000 = IMEM[0x99]
Info: McodeAccelerator:: 0x68000000 = IMEM[0x9a]
Info: McodeAccelerator:: 0x68000000 = IMEM[0x9b]
Info: McodeAccelerator:: 0x4c8ecc00 = IMEM[0x9c]
Info: McodeAccelerator:: 0x68000000 = IMEM[0x9d]
Info: McodeAccelerator:: 0x68000000 = IMEM[0x9e]
Info: McodeAccelerator:: 0x68000000 = IMEM[0x9f]
Info: McodeMachine:Run_Machine PC=0x98
LOG:Get_Operands: 0x98  McodeNullInstruction
LOG:Get_Operands: 0x99  McodeNullInstruction
LOG:Get_Operands: 0x9a  McodeNullInstruction
LOG:Get_Operands: 0x9b  McodeNullInstruction
Info: RunLog[0]: 0x408 = Get_Register(25)

LOG:Get_Operands: 0x9c  McodeLoadInstruction
LOG:Get_Operands: 0x9d  McodeNullInstruction
LOG:Get_Operands: 0x9e  McodeNullInstruction
LOG:Get_Operands: 0x9f  McodeNullInstruction
Info: 152: Null!
LOG:Execute     : 0x98  McodeNullInstruction
Info: 153: Null!
LOG:Execute     : 0x99  McodeNullInstruction
Info: 154: Null!
LOG:Execute     : 0x9a  McodeNullInstruction
Info: 155: Null!
LOG:Execute     : 0x9b  McodeNullInstruction
Info: McodeAccelerator:: 0x14 = DMEM[0x81]

Info: ___execute_load_operation___
Info: 156: Load!
LOG:Execute     : 0x9c  McodeLoadInstruction
Info: 157: Null!
LOG:Execute     : 0x9d  McodeNullInstruction
Info: 158: Null!
LOG:Execute     : 0x9e  McodeNullInstruction
Info: 159: Null!
LOG:Execute     : 0x9f  McodeNullInstruction
LOG:Set_Results  : 0x98  McodeNullInstruction
LOG:Set_Results  : 0x99  McodeNullInstruction
LOG:Set_Results  : 0x9a  McodeNullInstruction
LOG:Set_Results  : 0x9b  McodeNullInstruction
Info: RunLog[0]: Set_Register(14, 0x14)
LOG:Set_Results  : 0x9c  McodeLoadInstruction
LOG:Set_Results  : 0x9d  McodeNullInstruction
LOG:Set_Results  : 0x9e  McodeNullInstruction
LOG:Set_Results  : 0x9f  McodeNullInstruction
RunLog[0]: l_152 pc=0x98  McodeInstructionBundle
RunLog[0]: 0x98 $null        -> 
RunLog[0]: 0x99 $null        -> 
RunLog[0]: 0x9a $null        -> 
RunLog[0]: 0x9b $null        -> 
RunLog[0]: 0x9c $ld         0x408    0x0     -> 0x14    
RunLog[0]: 0x9d $null        -> 
RunLog[0]: 0x9e $null        -> 
RunLog[0]: 0x9f $null        -> 
Info: Tick on thread 0
Info: McodeAccelerator:: 0x908f480e = IMEM[0xa0]
Info: McodeAccelerator:: 0xe8000000 = IMEM[0xa1]
Info: McodeAccelerator:: 0xe8000000 = IMEM[0xa2]
Info: McodeAccelerator:: 0x68000000 = IMEM[0xa3]
Info: McodeAccelerator:: 0xe8000000 = IMEM[0xa4]
Info: McodeAccelerator:: 0x68000000 = IMEM[0xa5]
Info: McodeAccelerator:: 0x68000000 = IMEM[0xa6]
Info: McodeAccelerator:: 0x68000000 = IMEM[0xa7]
Info: McodeMachine:Run_Machine PC=0xa0
Info: RunLog[0]: 0xa = Get_Register(9)

Info: RunLog[0]: 0x14 = Get_Register(14)

LOG:Get_Operands: 0xa0  McodeAluInstruction
Info: ___execute_alu_operation___
Info: 160: Alu!
LOG:Execute     : 0xa0  McodeAluInstruction
Info: RunLog[0]: Set_Register(15, 0x1e)
LOG:Set_Results  : 0xa0  McodeAluInstruction
RunLog[0]: l_160 pc=0xa0  McodeInstructionBundle
RunLog[0]: 0xa0 +           0xa    0x14     -> 0x1e    
Info: Tick on thread 0
Info: McodeMachine:Run_Machine PC=0xa1
LOG:Get_Operands: 0xa1  McodeNullInstruction
Info: 161: Null!
LOG:Execute     : 0xa1  McodeNullInstruction
LOG:Set_Results  : 0xa1  McodeNullInstruction
RunLog[0]: l_161 pc=0xa1  McodeInstructionBundle
RunLog[0]: 0xa1 $null        -> 
Info: Tick on thread 0
Info: McodeMachine:Run_Machine PC=0xa2
LOG:Get_Operands: 0xa2  McodeNullInstruction
LOG:Get_Operands: 0xa3  McodeNullInstruction
Info: 162: Null!
LOG:Execute     : 0xa2  McodeNullInstruction
Info: 163: Null!
LOG:Execute     : 0xa3  McodeNullInstruction
LOG:Set_Results  : 0xa2  McodeNullInstruction
LOG:Set_Results  : 0xa3  McodeNullInstruction
RunLog[0]: l_162 pc=0xa2  McodeInstructionBundle
RunLog[0]: 0xa2 $null        -> 
RunLog[0]: 0xa3 $null        -> 
Info: Tick on thread 0
Info: McodeMachine:Run_Machine PC=0xa4
LOG:Get_Operands: 0xa4  McodeNullInstruction
LOG:Get_Operands: 0xa5  McodeNullInstruction
LOG:Get_Operands: 0xa6  McodeNullInstruction
LOG:Get_Operands: 0xa7  McodeNullInstruction
Info: 164: Null!
LOG:Execute     : 0xa4  McodeNullInstruction
Info: 165: Null!
LOG:Execute     : 0xa5  McodeNullInstruction
Info: 166: Null!
LOG:Execute     : 0xa6  McodeNullInstruction
Info: 167: Null!
LOG:Execute     : 0xa7  McodeNullInstruction
LOG:Set_Results  : 0xa4  McodeNullInstruction
LOG:Set_Results  : 0xa5  McodeNullInstruction
LOG:Set_Results  : 0xa6  McodeNullInstruction
LOG:Set_Results  : 0xa7  McodeNullInstruction
RunLog[0]: l_164 pc=0xa4  McodeInstructionBundle
RunLog[0]: 0xa4 $null        -> 
RunLog[0]: 0xa5 $null        -> 
RunLog[0]: 0xa6 $null        -> 
RunLog[0]: 0xa7 $null        -> 
Info: Tick on thread 0
Info: McodeAccelerator:: 0xe8000000 = IMEM[0xa8]
Info: McodeAccelerator:: 0x68000000 = IMEM[0xa9]
Info: McodeAccelerator:: 0x68000000 = IMEM[0xaa]
Info: McodeAccelerator:: 0x68000000 = IMEM[0xab]
Info: McodeAccelerator:: 0x508fe428 = IMEM[0xac]
Info: McodeAccelerator:: 0x68000000 = IMEM[0xad]
Info: McodeAccelerator:: 0x68000000 = IMEM[0xae]
Info: McodeAccelerator:: 0x68000000 = IMEM[0xaf]
Info: McodeMachine:Run_Machine PC=0xa8
LOG:Get_Operands: 0xa8  McodeNullInstruction
LOG:Get_Operands: 0xa9  McodeNullInstruction
LOG:Get_Operands: 0xaa  McodeNullInstruction
LOG:Get_Operands: 0xab  McodeNullInstruction
Info: RunLog[0]: 0x400 = Get_Register(28)

Info: RunLog[0]: 0x1e = Get_Register(15)

LOG:Get_Operands: 0xac  McodeStoreInstruction
LOG:Get_Operands: 0xad  McodeNullInstruction
LOG:Get_Operands: 0xae  McodeNullInstruction
LOG:Get_Operands: 0xaf  McodeNullInstruction
Info: 168: Null!
LOG:Execute     : 0xa8  McodeNullInstruction
Info: 169: Null!
LOG:Execute     : 0xa9  McodeNullInstruction
Info: 170: Null!
LOG:Execute     : 0xaa  McodeNullInstruction
Info: 171: Null!
LOG:Execute     : 0xab  McodeNullInstruction
Info: McodeAccelerator:: DMEM[0x85] = 0x1e

Info: ___execute_store_operation___ 
Info: 172: Store!
LOG:Execute     : 0xac  McodeStoreInstruction
Info: 173: Null!
LOG:Execute     : 0xad  McodeNullInstruction
Info: 174: Null!
LOG:Execute     : 0xae  McodeNullInstruction
Info: 175: Null!
LOG:Execute     : 0xaf  McodeNullInstruction
LOG:Set_Results  : 0xa8  McodeNullInstruction
LOG:Set_Results  : 0xa9  McodeNullInstruction
LOG:Set_Results  : 0xaa  McodeNullInstruction
LOG:Set_Results  : 0xab  McodeNullInstruction
LOG:Set_Results  : 0xac  McodeStoreInstruction
LOG:Set_Results  : 0xad  McodeNullInstruction
LOG:Set_Results  : 0xae  McodeNullInstruction
LOG:Set_Results  : 0xaf  McodeNullInstruction
RunLog[0]: l_168 pc=0xa8  McodeInstructionBundle
RunLog[0]: 0xa8 $null        -> 
RunLog[0]: 0xa9 $null        -> 
RunLog[0]: 0xaa $null        -> 
RunLog[0]: 0xab $null        -> 
RunLog[0]: 0xac $st         0x400    0x28    0x1e     -> 
RunLog[0]: 0xad $null        -> 
RunLog[0]: 0xae $null        -> 
RunLog[0]: 0xaf $null        -> 
Info: Tick on thread 0
Info: McodeAccelerator:: 0x9090d7f8 = IMEM[0xb0]
Info: McodeAccelerator:: 0xe8000000 = IMEM[0xb1]
Info: McodeAccelerator:: 0xe8000000 = IMEM[0xb2]
Info: McodeAccelerator:: 0x68000000 = IMEM[0xb3]
Info: McodeAccelerator:: 0xe8000000 = IMEM[0xb4]
Info: McodeAccelerator:: 0x68000000 = IMEM[0xb5]
Info: McodeAccelerator:: 0x68000000 = IMEM[0xb6]
Info: McodeAccelerator:: 0x68000000 = IMEM[0xb7]
Info: McodeMachine:Run_Machine PC=0xb0
Info: RunLog[0]: 0x7ff8 = Get_Register(26)

LOG:Get_Operands: 0xb0  McodeAluInstruction
Info: ___execute_alu_operation___
Info: 176: Alu!
LOG:Execute     : 0xb0  McodeAluInstruction
Info: RunLog[0]: Set_Register(16, 0x7ff0)
LOG:Set_Results  : 0xb0  McodeAluInstruction
RunLog[0]: l_176 pc=0xb0  McodeInstructionBundle
RunLog[0]: 0xb0 +           0x7ff8    0xfffffffffffffff8     -> 0x7ff0    
Info: Tick on thread 0
Info: McodeMachine:Run_Machine PC=0xb1
LOG:Get_Operands: 0xb1  McodeNullInstruction
Info: 177: Null!
LOG:Execute     : 0xb1  McodeNullInstruction
LOG:Set_Results  : 0xb1  McodeNullInstruction
RunLog[0]: l_177 pc=0xb1  McodeInstructionBundle
RunLog[0]: 0xb1 $null        -> 
Info: Tick on thread 0
Info: McodeMachine:Run_Machine PC=0xb2
LOG:Get_Operands: 0xb2  McodeNullInstruction
LOG:Get_Operands: 0xb3  McodeNullInstruction
Info: 178: Null!
LOG:Execute     : 0xb2  McodeNullInstruction
Info: 179: Null!
LOG:Execute     : 0xb3  McodeNullInstruction
LOG:Set_Results  : 0xb2  McodeNullInstruction
LOG:Set_Results  : 0xb3  McodeNullInstruction
RunLog[0]: l_178 pc=0xb2  McodeInstructionBundle
RunLog[0]: 0xb2 $null        -> 
RunLog[0]: 0xb3 $null        -> 
Info: Tick on thread 0
Info: McodeMachine:Run_Machine PC=0xb4
LOG:Get_Operands: 0xb4  McodeNullInstruction
LOG:Get_Operands: 0xb5  McodeNullInstruction
LOG:Get_Operands: 0xb6  McodeNullInstruction
LOG:Get_Operands: 0xb7  McodeNullInstruction
Info: 180: Null!
LOG:Execute     : 0xb4  McodeNullInstruction
Info: 181: Null!
LOG:Execute     : 0xb5  McodeNullInstruction
Info: 182: Null!
LOG:Execute     : 0xb6  McodeNullInstruction
Info: 183: Null!
LOG:Execute     : 0xb7  McodeNullInstruction
LOG:Set_Results  : 0xb4  McodeNullInstruction
LOG:Set_Results  : 0xb5  McodeNullInstruction
LOG:Set_Results  : 0xb6  McodeNullInstruction
LOG:Set_Results  : 0xb7  McodeNullInstruction
RunLog[0]: l_180 pc=0xb4  McodeInstructionBundle
RunLog[0]: 0xb4 $null        -> 
RunLog[0]: 0xb5 $null        -> 
RunLog[0]: 0xb6 $null        -> 
RunLog[0]: 0xb7 $null        -> 
Info: Tick on thread 0
Info: McodeAccelerator:: 0xe8000000 = IMEM[0xb8]
Info: McodeAccelerator:: 0x68000000 = IMEM[0xb9]
Info: McodeAccelerator:: 0x68000000 = IMEM[0xba]
Info: McodeAccelerator:: 0x68000000 = IMEM[0xbb]
Info: McodeAccelerator:: 0x4c918400 = IMEM[0xbc]
Info: McodeAccelerator:: 0x68000000 = IMEM[0xbd]
Info: McodeAccelerator:: 0x68000000 = IMEM[0xbe]
Info: McodeAccelerator:: 0x68000000 = IMEM[0xbf]
Info: McodeMachine:Run_Machine PC=0xb8
LOG:Get_Operands: 0xb8  McodeNullInstruction
LOG:Get_Operands: 0xb9  McodeNullInstruction
LOG:Get_Operands: 0xba  McodeNullInstruction
LOG:Get_Operands: 0xbb  McodeNullInstruction
Info: RunLog[0]: 0x7ff0 = Get_Register(16)

LOG:Get_Operands: 0xbc  McodeLoadInstruction
LOG:Get_Operands: 0xbd  McodeNullInstruction
LOG:Get_Operands: 0xbe  McodeNullInstruction
LOG:Get_Operands: 0xbf  McodeNullInstruction
Info: 184: Null!
LOG:Execute     : 0xb8  McodeNullInstruction
Info: 185: Null!
LOG:Execute     : 0xb9  McodeNullInstruction
Info: 186: Null!
LOG:Execute     : 0xba  McodeNullInstruction
Info: 187: Null!
LOG:Execute     : 0xbb  McodeNullInstruction
Info: McodeAccelerator:: 0x1 = DMEM[0xffe]

Info: ___execute_load_operation___
Info: 188: Load!
LOG:Execute     : 0xbc  McodeLoadInstruction
Info: 189: Null!
LOG:Execute     : 0xbd  McodeNullInstruction
Info: 190: Null!
LOG:Execute     : 0xbe  McodeNullInstruction
Info: 191: Null!
LOG:Execute     : 0xbf  McodeNullInstruction
LOG:Set_Results  : 0xb8  McodeNullInstruction
LOG:Set_Results  : 0xb9  McodeNullInstruction
LOG:Set_Results  : 0xba  McodeNullInstruction
LOG:Set_Results  : 0xbb  McodeNullInstruction
Info: RunLog[0]: Set_Register(17, 0x1)
LOG:Set_Results  : 0xbc  McodeLoadInstruction
LOG:Set_Results  : 0xbd  McodeNullInstruction
LOG:Set_Results  : 0xbe  McodeNullInstruction
LOG:Set_Results  : 0xbf  McodeNullInstruction
RunLog[0]: l_184 pc=0xb8  McodeInstructionBundle
RunLog[0]: 0xb8 $null        -> 
RunLog[0]: 0xb9 $null        -> 
RunLog[0]: 0xba $null        -> 
RunLog[0]: 0xbb $null        -> 
RunLog[0]: 0xbc $ld         0x7ff0    0x0     -> 0x1    
RunLog[0]: 0xbd $null        -> 
RunLog[0]: 0xbe $null        -> 
RunLog[0]: 0xbf $null        -> 
Info: Tick on thread 0
Info: McodeAccelerator:: 0x90920011 = IMEM[0xc0]
Info: McodeAccelerator:: 0x10938c01 = IMEM[0xc1]
Info: McodeAccelerator:: 0x1094d7f8 = IMEM[0xc2]
Info: McodeAccelerator:: 0x68000000 = IMEM[0xc3]
Info: McodeAccelerator:: 0xe8000000 = IMEM[0xc4]
Info: McodeAccelerator:: 0x68000000 = IMEM[0xc5]
Info: McodeAccelerator:: 0x68000000 = IMEM[0xc6]
Info: McodeAccelerator:: 0x68000000 = IMEM[0xc7]
Info: McodeMachine:Run_Machine PC=0xc0
Info: RunLog[0]: 0x0 = Get_Register(0)

Info: RunLog[0]: 0x1 = Get_Register(17)

LOG:Get_Operands: 0xc0  McodeAluInstruction
Info: RunLog[0]: 0x1 = Get_Register(17)

LOG:Get_Operands: 0xc1  McodeAluInstruction
Info: RunLog[0]: 0x7ff8 = Get_Register(26)

LOG:Get_Operands: 0xc2  McodeAluInstruction
LOG:Get_Operands: 0xc3  McodeNullInstruction
Info: ___execute_alu_operation___
Info: 192: Alu!
LOG:Execute     : 0xc0  McodeAluInstruction
Info: ___execute_alu_operation___
Info: 193: Alu!
LOG:Execute     : 0xc1  McodeAluInstruction
Info: ___execute_alu_operation___
Info: 194: Alu!
LOG:Execute     : 0xc2  McodeAluInstruction
Info: 195: Null!
LOG:Execute     : 0xc3  McodeNullInstruction
Info: RunLog[0]: Set_Register(18, 0x1)
LOG:Set_Results  : 0xc0  McodeAluInstruction
Info: RunLog[0]: Set_Register(19, 0x2)
LOG:Set_Results  : 0xc1  McodeAluInstruction
Info: RunLog[0]: Set_Register(20, 0x7ff0)
LOG:Set_Results  : 0xc2  McodeAluInstruction
LOG:Set_Results  : 0xc3  McodeNullInstruction
RunLog[0]: l_192 pc=0xc0  McodeInstructionBundle
RunLog[0]: 0xc0 +           0x0    0x1     -> 0x1    
RunLog[0]: 0xc1 +           0x1    0x1     -> 0x2    
RunLog[0]: 0xc2 +           0x7ff8    0xfffffffffffffff8     -> 0x7ff0    
RunLog[0]: 0xc3 $null        -> 
Info: Tick on thread 0
Info: McodeMachine:Run_Machine PC=0xc4
LOG:Get_Operands: 0xc4  McodeNullInstruction
LOG:Get_Operands: 0xc5  McodeNullInstruction
LOG:Get_Operands: 0xc6  McodeNullInstruction
LOG:Get_Operands: 0xc7  McodeNullInstruction
Info: 196: Null!
LOG:Execute     : 0xc4  McodeNullInstruction
Info: 197: Null!
LOG:Execute     : 0xc5  McodeNullInstruction
Info: 198: Null!
LOG:Execute     : 0xc6  McodeNullInstruction
Info: 199: Null!
LOG:Execute     : 0xc7  McodeNullInstruction
LOG:Set_Results  : 0xc4  McodeNullInstruction
LOG:Set_Results  : 0xc5  McodeNullInstruction
LOG:Set_Results  : 0xc6  McodeNullInstruction
LOG:Set_Results  : 0xc7  McodeNullInstruction
RunLog[0]: l_196 pc=0xc4  McodeInstructionBundle
RunLog[0]: 0xc4 $null        -> 
RunLog[0]: 0xc5 $null        -> 
RunLog[0]: 0xc6 $null        -> 
RunLog[0]: 0xc7 $null        -> 
Info: Tick on thread 0
Info: McodeAccelerator:: 0x8911f218 = IMEM[0xc8]
Info: McodeAccelerator:: 0x68000000 = IMEM[0xc9]
Info: McodeAccelerator:: 0x68000000 = IMEM[0xca]
Info: McodeAccelerator:: 0x68000000 = IMEM[0xcb]
Info: McodeAccelerator:: 0x5093a400 = IMEM[0xcc]
Info: McodeAccelerator:: 0x68000000 = IMEM[0xcd]
Info: McodeAccelerator:: 0x68000000 = IMEM[0xce]
Info: McodeAccelerator:: 0x68000000 = IMEM[0xcf]
Info: McodeMachine:Run_Machine PC=0xc8
Info: RunLog[0]: 0x1 = Get_Register(24)

LOG:Get_Operands: 0xc8  McodeBranchInstruction
LOG:Get_Operands: 0xc9  McodeNullInstruction
LOG:Get_Operands: 0xca  McodeNullInstruction
LOG:Get_Operands: 0xcb  McodeNullInstruction
Info: RunLog[0]: 0x7ff0 = Get_Register(20)

Info: RunLog[0]: 0x2 = Get_Register(19)

LOG:Get_Operands: 0xcc  McodeStoreInstruction
LOG:Get_Operands: 0xcd  McodeNullInstruction
LOG:Get_Operands: 0xce  McodeNullInstruction
LOG:Get_Operands: 0xcf  McodeNullInstruction
Info: ___execute_branch_operation___
Info: 200: Branch!
LOG:Execute     : 0xc8  McodeBranchInstruction
Info: 201: Null!
LOG:Execute     : 0xc9  McodeNullInstruction
Info: 202: Null!
LOG:Execute     : 0xca  McodeNullInstruction
Info: 203: Null!
LOG:Execute     : 0xcb  McodeNullInstruction
Info: McodeAccelerator:: DMEM[0xffe] = 0x2

Info: ___execute_store_operation___ 
Info: 204: Store!
LOG:Execute     : 0xcc  McodeStoreInstruction
Info: 205: Null!
LOG:Execute     : 0xcd  McodeNullInstruction
Info: 206: Null!
LOG:Execute     : 0xce  McodeNullInstruction
Info: 207: Null!
LOG:Execute     : 0xcf  McodeNullInstruction
LOG:Set_Results  : 0xc8  McodeBranchInstruction
LOG:Set_Results  : 0xc9  McodeNullInstruction
LOG:Set_Results  : 0xca  McodeNullInstruction
LOG:Set_Results  : 0xcb  McodeNullInstruction
LOG:Set_Results  : 0xcc  McodeStoreInstruction
LOG:Set_Results  : 0xcd  McodeNullInstruction
LOG:Set_Results  : 0xce  McodeNullInstruction
LOG:Set_Results  : 0xcf  McodeNullInstruction
RunLog[0]: l_200 pc=0xc8  McodeInstructionBundle
RunLog[0]: 0xc8 $branch     0x1     ->   npc=0x58
RunLog[0]: 0xc9 $null        -> 
RunLog[0]: 0xca $null        -> 
RunLog[0]: 0xcb $null        -> 
RunLog[0]: 0xcc $st         0x7ff0    0x0    0x2     -> 
RunLog[0]: 0xcd $null        -> 
RunLog[0]: 0xce $null        -> 
RunLog[0]: 0xcf $null        -> 
Info: Tick on thread 0
Info: McodeAccelerator:: 0x9087d7f8 = IMEM[0x58]
Info: McodeAccelerator:: 0xe8000000 = IMEM[0x59]
Info: McodeAccelerator:: 0xe8000000 = IMEM[0x5a]
Info: McodeAccelerator:: 0x68000000 = IMEM[0x5b]
Info: McodeAccelerator:: 0xe8000000 = IMEM[0x5c]
Info: McodeAccelerator:: 0x68000000 = IMEM[0x5d]
Info: McodeAccelerator:: 0x68000000 = IMEM[0x5e]
Info: McodeAccelerator:: 0x68000000 = IMEM[0x5f]
Info: McodeMachine:Run_Machine PC=0x58
Info: RunLog[0]: 0x7ff8 = Get_Register(26)

LOG:Get_Operands: 0x58  McodeAluInstruction
Info: ___execute_alu_operation___
Info: 88: Alu!
LOG:Execute     : 0x58  McodeAluInstruction
Info: RunLog[0]: Set_Register(7, 0x7ff0)
LOG:Set_Results  : 0x58  McodeAluInstruction
RunLog[0]: l_88 pc=0x58  McodeInstructionBundle
RunLog[0]: 0x58 +           0x7ff8    0xfffffffffffffff8     -> 0x7ff0    
Info: Tick on thread 0
Info: McodeMachine:Run_Machine PC=0x59
LOG:Get_Operands: 0x59  McodeNullInstruction
Info: 89: Null!
LOG:Execute     : 0x59  McodeNullInstruction
LOG:Set_Results  : 0x59  McodeNullInstruction
RunLog[0]: l_89 pc=0x59  McodeInstructionBundle
RunLog[0]: 0x59 $null        -> 
Info: Tick on thread 0
Info: McodeMachine:Run_Machine PC=0x5a
LOG:Get_Operands: 0x5a  McodeNullInstruction
LOG:Get_Operands: 0x5b  McodeNullInstruction
Info: 90: Null!
LOG:Execute     : 0x5a  McodeNullInstruction
Info: 91: Null!
LOG:Execute     : 0x5b  McodeNullInstruction
LOG:Set_Results  : 0x5a  McodeNullInstruction
LOG:Set_Results  : 0x5b  McodeNullInstruction
RunLog[0]: l_90 pc=0x5a  McodeInstructionBundle
RunLog[0]: 0x5a $null        -> 
RunLog[0]: 0x5b $null        -> 
Info: Tick on thread 0
Info: McodeMachine:Run_Machine PC=0x5c
LOG:Get_Operands: 0x5c  McodeNullInstruction
LOG:Get_Operands: 0x5d  McodeNullInstruction
LOG:Get_Operands: 0x5e  McodeNullInstruction
LOG:Get_Operands: 0x5f  McodeNullInstruction
Info: 92: Null!
LOG:Execute     : 0x5c  McodeNullInstruction
Info: 93: Null!
LOG:Execute     : 0x5d  McodeNullInstruction
Info: 94: Null!
LOG:Execute     : 0x5e  McodeNullInstruction
Info: 95: Null!
LOG:Execute     : 0x5f  McodeNullInstruction
LOG:Set_Results  : 0x5c  McodeNullInstruction
LOG:Set_Results  : 0x5d  McodeNullInstruction
LOG:Set_Results  : 0x5e  McodeNullInstruction
LOG:Set_Results  : 0x5f  McodeNullInstruction
RunLog[0]: l_92 pc=0x5c  McodeInstructionBundle
RunLog[0]: 0x5c $null        -> 
RunLog[0]: 0x5d $null        -> 
RunLog[0]: 0x5e $null        -> 
RunLog[0]: 0x5f $null        -> 
Info: Tick on thread 0
Info: McodeAccelerator:: 0x90990405 = IMEM[0x60]
Info: McodeAccelerator:: 0x68000000 = IMEM[0x61]
Info: McodeAccelerator:: 0x68000000 = IMEM[0x62]
Info: McodeAccelerator:: 0x68000000 = IMEM[0x63]
Info: McodeAccelerator:: 0x4c883c00 = IMEM[0x64]
Info: McodeAccelerator:: 0x68000000 = IMEM[0x65]
Info: McodeAccelerator:: 0x68000000 = IMEM[0x66]
Info: McodeAccelerator:: 0x68000000 = IMEM[0x67]
Info: McodeMachine:Run_Machine PC=0x60
Info: RunLog[0]: 0x0 = Get_Register(0)

LOG:Get_Operands: 0x60  McodeAluInstruction
LOG:Get_Operands: 0x61  McodeNullInstruction
LOG:Get_Operands: 0x62  McodeNullInstruction
LOG:Get_Operands: 0x63  McodeNullInstruction
Info: RunLog[0]: 0x7ff0 = Get_Register(7)

LOG:Get_Operands: 0x64  McodeLoadInstruction
LOG:Get_Operands: 0x65  McodeNullInstruction
LOG:Get_Operands: 0x66  McodeNullInstruction
LOG:Get_Operands: 0x67  McodeNullInstruction
Info: ___execute_alu_operation___
Info: 96: Alu!
LOG:Execute     : 0x60  McodeAluInstruction
Info: 97: Null!
LOG:Execute     : 0x61  McodeNullInstruction
Info: 98: Null!
LOG:Execute     : 0x62  McodeNullInstruction
Info: 99: Null!
LOG:Execute     : 0x63  McodeNullInstruction
Info: McodeAccelerator:: 0x2 = DMEM[0xffe]

Info: ___execute_load_operation___
Info: 100: Load!
LOG:Execute     : 0x64  McodeLoadInstruction
Info: 101: Null!
LOG:Execute     : 0x65  McodeNullInstruction
Info: 102: Null!
LOG:Execute     : 0x66  McodeNullInstruction
Info: 103: Null!
LOG:Execute     : 0x67  McodeNullInstruction
Info: RunLog[0]: Set_Register(25, 0x5)
LOG:Set_Results  : 0x60  McodeAluInstruction
LOG:Set_Results  : 0x61  McodeNullInstruction
LOG:Set_Results  : 0x62  McodeNullInstruction
LOG:Set_Results  : 0x63  McodeNullInstruction
Info: RunLog[0]: Set_Register(8, 0x2)
LOG:Set_Results  : 0x64  McodeLoadInstruction
LOG:Set_Results  : 0x65  McodeNullInstruction
LOG:Set_Results  : 0x66  McodeNullInstruction
LOG:Set_Results  : 0x67  McodeNullInstruction
RunLog[0]: l_96 pc=0x60  McodeInstructionBundle
RunLog[0]: 0x60 +           0x0    0x5     -> 0x5    
RunLog[0]: 0x61 $null        -> 
RunLog[0]: 0x62 $null        -> 
RunLog[0]: 0x63 $null        -> 
RunLog[0]: 0x64 $ld         0x7ff0    0x0     -> 0x2    
RunLog[0]: 0x65 $null        -> 
RunLog[0]: 0x66 $null        -> 
RunLog[0]: 0x67 $null        -> 
Info: Tick on thread 0
Info: McodeAccelerator:: 0x9499c808 = IMEM[0x68]
Info: McodeAccelerator:: 0xe8000000 = IMEM[0x69]
Info: McodeAccelerator:: 0xe8000000 = IMEM[0x6a]
Info: McodeAccelerator:: 0x68000000 = IMEM[0x6b]
Info: McodeAccelerator:: 0xe8000000 = IMEM[0x6c]
Info: McodeAccelerator:: 0x68000000 = IMEM[0x6d]
Info: McodeAccelerator:: 0x68000000 = IMEM[0x6e]
Info: McodeAccelerator:: 0x68000000 = IMEM[0x6f]
Info: McodeMachine:Run_Machine PC=0x68
Info: RunLog[0]: 0x5 = Get_Register(25)

Info: RunLog[0]: 0x2 = Get_Register(8)

LOG:Get_Operands: 0x68  McodeAluInstruction
Info: ___execute_alu_operation___
Info: 104: Alu!
LOG:Execute     : 0x68  McodeAluInstruction
Info: RunLog[0]: Set_Register(25, 0x3)
LOG:Set_Results  : 0x68  McodeAluInstruction
RunLog[0]: l_104 pc=0x68  McodeInstructionBundle
RunLog[0]: 0x68 -           0x5    0x2     -> 0x3    
Info: Tick on thread 0
Info: McodeMachine:Run_Machine PC=0x69
LOG:Get_Operands: 0x69  McodeNullInstruction
Info: 105: Null!
LOG:Execute     : 0x69  McodeNullInstruction
LOG:Set_Results  : 0x69  McodeNullInstruction
RunLog[0]: l_105 pc=0x69  McodeInstructionBundle
RunLog[0]: 0x69 $null        -> 
Info: Tick on thread 0
Info: McodeMachine:Run_Machine PC=0x6a
LOG:Get_Operands: 0x6a  McodeNullInstruction
LOG:Get_Operands: 0x6b  McodeNullInstruction
Info: 106: Null!
LOG:Execute     : 0x6a  McodeNullInstruction
Info: 107: Null!
LOG:Execute     : 0x6b  McodeNullInstruction
LOG:Set_Results  : 0x6a  McodeNullInstruction
LOG:Set_Results  : 0x6b  McodeNullInstruction
RunLog[0]: l_106 pc=0x6a  McodeInstructionBundle
RunLog[0]: 0x6a $null        -> 
RunLog[0]: 0x6b $null        -> 
Info: Tick on thread 0
Info: McodeMachine:Run_Machine PC=0x6c
LOG:Get_Operands: 0x6c  McodeNullInstruction
LOG:Get_Operands: 0x6d  McodeNullInstruction
LOG:Get_Operands: 0x6e  McodeNullInstruction
LOG:Get_Operands: 0x6f  McodeNullInstruction
Info: 108: Null!
LOG:Execute     : 0x6c  McodeNullInstruction
Info: 109: Null!
LOG:Execute     : 0x6d  McodeNullInstruction
Info: 110: Null!
LOG:Execute     : 0x6e  McodeNullInstruction
Info: 111: Null!
LOG:Execute     : 0x6f  McodeNullInstruction
LOG:Set_Results  : 0x6c  McodeNullInstruction
LOG:Set_Results  : 0x6d  McodeNullInstruction
LOG:Set_Results  : 0x6e  McodeNullInstruction
LOG:Set_Results  : 0x6f  McodeNullInstruction
RunLog[0]: l_108 pc=0x6c  McodeInstructionBundle
RunLog[0]: 0x6c $null        -> 
RunLog[0]: 0x6d $null        -> 
RunLog[0]: 0x6e $null        -> 
RunLog[0]: 0x6f $null        -> 
Info: Tick on thread 0
Info: McodeAccelerator:: 0x89100219 = IMEM[0x70]
Info: McodeAccelerator:: 0x68000000 = IMEM[0x71]
Info: McodeAccelerator:: 0x68000000 = IMEM[0x72]
Info: McodeAccelerator:: 0x68000000 = IMEM[0x73]
Info: McodeAccelerator:: 0x68000000 = IMEM[0x74]
Info: McodeAccelerator:: 0x68000000 = IMEM[0x75]
Info: McodeAccelerator:: 0x68000000 = IMEM[0x76]
Info: McodeAccelerator:: 0x68000000 = IMEM[0x77]
Info: McodeMachine:Run_Machine PC=0x70
Info: RunLog[0]: 0x3 = Get_Register(25)

LOG:Get_Operands: 0x70  McodeBranchInstruction
LOG:Get_Operands: 0x71  McodeNullInstruction
LOG:Get_Operands: 0x72  McodeNullInstruction
LOG:Get_Operands: 0x73  McodeNullInstruction
LOG:Get_Operands: 0x74  McodeNullInstruction
LOG:Get_Operands: 0x75  McodeNullInstruction
LOG:Get_Operands: 0x76  McodeNullInstruction
LOG:Get_Operands: 0x77  McodeNullInstruction
Info: ___execute_branch_operation___
Info: 112: Branch!
LOG:Execute     : 0x70  McodeBranchInstruction
Info: 113: Null!
LOG:Execute     : 0x71  McodeNullInstruction
Info: 114: Null!
LOG:Execute     : 0x72  McodeNullInstruction
Info: 115: Null!
LOG:Execute     : 0x73  McodeNullInstruction
Info: 116: Null!
LOG:Execute     : 0x74  McodeNullInstruction
Info: 117: Null!
LOG:Execute     : 0x75  McodeNullInstruction
Info: 118: Null!
LOG:Execute     : 0x76  McodeNullInstruction
Info: 119: Null!
LOG:Execute     : 0x77  McodeNullInstruction
LOG:Set_Results  : 0x70  McodeBranchInstruction
LOG:Set_Results  : 0x71  McodeNullInstruction
LOG:Set_Results  : 0x72  McodeNullInstruction
LOG:Set_Results  : 0x73  McodeNullInstruction
LOG:Set_Results  : 0x74  McodeNullInstruction
LOG:Set_Results  : 0x75  McodeNullInstruction
LOG:Set_Results  : 0x76  McodeNullInstruction
LOG:Set_Results  : 0x77  McodeNullInstruction
RunLog[0]: l_112 pc=0x70  McodeInstructionBundle
RunLog[0]: 0x70 $branch     0x3     ->   npc=0x80
RunLog[0]: 0x71 $null        -> 
RunLog[0]: 0x72 $null        -> 
RunLog[0]: 0x73 $null        -> 
RunLog[0]: 0x74 $null        -> 
RunLog[0]: 0x75 $null        -> 
RunLog[0]: 0x76 $null        -> 
RunLog[0]: 0x77 $null        -> 
Info: Tick on thread 0
Info: McodeAccelerator:: 0x908ad7f8 = IMEM[0x80]
Info: McodeAccelerator:: 0x68000000 = IMEM[0x81]
Info: McodeAccelerator:: 0x68000000 = IMEM[0x82]
Info: McodeAccelerator:: 0x68000000 = IMEM[0x83]
Info: McodeAccelerator:: 0x4c89e428 = IMEM[0x84]
Info: McodeAccelerator:: 0x68000000 = IMEM[0x85]
Info: McodeAccelerator:: 0x68000000 = IMEM[0x86]
Info: McodeAccelerator:: 0x68000000 = IMEM[0x87]
Info: McodeMachine:Run_Machine PC=0x80
Info: RunLog[0]: 0x7ff8 = Get_Register(26)

LOG:Get_Operands: 0x80  McodeAluInstruction
LOG:Get_Operands: 0x81  McodeNullInstruction
LOG:Get_Operands: 0x82  McodeNullInstruction
LOG:Get_Operands: 0x83  McodeNullInstruction
Info: RunLog[0]: 0x400 = Get_Register(28)

LOG:Get_Operands: 0x84  McodeLoadInstruction
LOG:Get_Operands: 0x85  McodeNullInstruction
LOG:Get_Operands: 0x86  McodeNullInstruction
LOG:Get_Operands: 0x87  McodeNullInstruction
Info: ___execute_alu_operation___
Info: 128: Alu!
LOG:Execute     : 0x80  McodeAluInstruction
Info: 129: Null!
LOG:Execute     : 0x81  McodeNullInstruction
Info: 130: Null!
LOG:Execute     : 0x82  McodeNullInstruction
Info: 131: Null!
LOG:Execute     : 0x83  McodeNullInstruction
Info: McodeAccelerator:: 0x1e = DMEM[0x85]

Info: ___execute_load_operation___
Info: 132: Load!
LOG:Execute     : 0x84  McodeLoadInstruction
Info: 133: Null!
LOG:Execute     : 0x85  McodeNullInstruction
Info: 134: Null!
LOG:Execute     : 0x86  McodeNullInstruction
Info: 135: Null!
LOG:Execute     : 0x87  McodeNullInstruction
Info: RunLog[0]: Set_Register(10, 0x7ff0)
LOG:Set_Results  : 0x80  McodeAluInstruction
LOG:Set_Results  : 0x81  McodeNullInstruction
LOG:Set_Results  : 0x82  McodeNullInstruction
LOG:Set_Results  : 0x83  McodeNullInstruction
Info: RunLog[0]: Set_Register(9, 0x1e)
LOG:Set_Results  : 0x84  McodeLoadInstruction
LOG:Set_Results  : 0x85  McodeNullInstruction
LOG:Set_Results  : 0x86  McodeNullInstruction
LOG:Set_Results  : 0x87  McodeNullInstruction
RunLog[0]: l_128 pc=0x80  McodeInstructionBundle
RunLog[0]: 0x80 +           0x7ff8    0xfffffffffffffff8     -> 0x7ff0    
RunLog[0]: 0x81 $null        -> 
RunLog[0]: 0x82 $null        -> 
RunLog[0]: 0x83 $null        -> 
RunLog[0]: 0x84 $ld         0x400    0x28     -> 0x1e    
RunLog[0]: 0x85 $null        -> 
RunLog[0]: 0x86 $null        -> 
RunLog[0]: 0x87 $null        -> 
Info: Tick on thread 0
Info: McodeAccelerator:: 0xe8000000 = IMEM[0x88]
Info: McodeAccelerator:: 0x68000000 = IMEM[0x89]
Info: McodeAccelerator:: 0x68000000 = IMEM[0x8a]
Info: McodeAccelerator:: 0x68000000 = IMEM[0x8b]
Info: McodeAccelerator:: 0x4c8b5400 = IMEM[0x8c]
Info: McodeAccelerator:: 0x68000000 = IMEM[0x8d]
Info: McodeAccelerator:: 0x68000000 = IMEM[0x8e]
Info: McodeAccelerator:: 0x68000000 = IMEM[0x8f]
Info: McodeMachine:Run_Machine PC=0x88
LOG:Get_Operands: 0x88  McodeNullInstruction
LOG:Get_Operands: 0x89  McodeNullInstruction
LOG:Get_Operands: 0x8a  McodeNullInstruction
LOG:Get_Operands: 0x8b  McodeNullInstruction
Info: RunLog[0]: 0x7ff0 = Get_Register(10)

LOG:Get_Operands: 0x8c  McodeLoadInstruction
LOG:Get_Operands: 0x8d  McodeNullInstruction
LOG:Get_Operands: 0x8e  McodeNullInstruction
LOG:Get_Operands: 0x8f  McodeNullInstruction
Info: 136: Null!
LOG:Execute     : 0x88  McodeNullInstruction
Info: 137: Null!
LOG:Execute     : 0x89  McodeNullInstruction
Info: 138: Null!
LOG:Execute     : 0x8a  McodeNullInstruction
Info: 139: Null!
LOG:Execute     : 0x8b  McodeNullInstruction
Info: McodeAccelerator:: 0x2 = DMEM[0xffe]

Info: ___execute_load_operation___
Info: 140: Load!
LOG:Execute     : 0x8c  McodeLoadInstruction
Info: 141: Null!
LOG:Execute     : 0x8d  McodeNullInstruction
Info: 142: Null!
LOG:Execute     : 0x8e  McodeNullInstruction
Info: 143: Null!
LOG:Execute     : 0x8f  McodeNullInstruction
LOG:Set_Results  : 0x88  McodeNullInstruction
LOG:Set_Results  : 0x89  McodeNullInstruction
LOG:Set_Results  : 0x8a  McodeNullInstruction
LOG:Set_Results  : 0x8b  McodeNullInstruction
Info: RunLog[0]: Set_Register(11, 0x2)
LOG:Set_Results  : 0x8c  McodeLoadInstruction
LOG:Set_Results  : 0x8d  McodeNullInstruction
LOG:Set_Results  : 0x8e  McodeNullInstruction
LOG:Set_Results  : 0x8f  McodeNullInstruction
RunLog[0]: l_136 pc=0x88  McodeInstructionBundle
RunLog[0]: 0x88 $null        -> 
RunLog[0]: 0x89 $null        -> 
RunLog[0]: 0x8a $null        -> 
RunLog[0]: 0x8b $null        -> 
RunLog[0]: 0x8c $ld         0x7ff0    0x0     -> 0x2    
RunLog[0]: 0x8d $null        -> 
RunLog[0]: 0x8e $null        -> 
RunLog[0]: 0x8f $null        -> 
Info: Tick on thread 0
Info: McodeAccelerator:: 0x988c5c08 = IMEM[0x90]
Info: McodeAccelerator:: 0x108de400 = IMEM[0x91]
Info: McodeAccelerator:: 0x90996400 = IMEM[0x92]
Info: McodeAccelerator:: 0x9099e019 = IMEM[0x93]
Info: McodeAccelerator:: 0xe8000000 = IMEM[0x94]
Info: McodeAccelerator:: 0x68000000 = IMEM[0x95]
Info: McodeAccelerator:: 0x68000000 = IMEM[0x96]
Info: McodeAccelerator:: 0x68000000 = IMEM[0x97]
Info: McodeMachine:Run_Machine PC=0x90
Info: RunLog[0]: 0x2 = Get_Register(11)

LOG:Get_Operands: 0x90  McodeAluInstruction
Info: RunLog[0]: 0x400 = Get_Register(28)

LOG:Get_Operands: 0x91  McodeAluInstruction
Info: ___execute_alu_operation___
Info: 144: Alu!
LOG:Execute     : 0x90  McodeAluInstruction
Info: ___execute_alu_operation___
Info: 145: Alu!
LOG:Execute     : 0x91  McodeAluInstruction
Info: RunLog[0]: Set_Register(12, 0x10)
LOG:Set_Results  : 0x90  McodeAluInstruction
Info: RunLog[0]: Set_Register(13, 0x400)
LOG:Set_Results  : 0x91  McodeAluInstruction
RunLog[0]: l_144 pc=0x90  McodeInstructionBundle
RunLog[0]: 0x90 *           0x2    0x8     -> 0x10    
RunLog[0]: 0x91 +           0x400    0x0     -> 0x400    
Info: Tick on thread 0
Info: McodeMachine:Run_Machine PC=0x92
Info: RunLog[0]: 0x10 = Get_Register(12)

LOG:Get_Operands: 0x92  McodeAluInstruction
Info: ___execute_alu_operation___
Info: 146: Alu!
LOG:Execute     : 0x92  McodeAluInstruction
Info: RunLog[0]: Set_Register(25, 0x10)
LOG:Set_Results  : 0x92  McodeAluInstruction
RunLog[0]: l_146 pc=0x92  McodeInstructionBundle
RunLog[0]: 0x92 +           0x10    0x0     -> 0x10    
Info: Tick on thread 0
Info: McodeMachine:Run_Machine PC=0x93
Info: RunLog[0]: 0x400 = Get_Register(28)

Info: RunLog[0]: 0x10 = Get_Register(25)

LOG:Get_Operands: 0x93  McodeAluInstruction
Info: ___execute_alu_operation___
Info: 147: Alu!
LOG:Execute     : 0x93  McodeAluInstruction
Info: RunLog[0]: Set_Register(25, 0x410)
LOG:Set_Results  : 0x93  McodeAluInstruction
RunLog[0]: l_147 pc=0x93  McodeInstructionBundle
RunLog[0]: 0x93 +           0x400    0x10     -> 0x410    
Info: Tick on thread 0
Info: McodeMachine:Run_Machine PC=0x94
LOG:Get_Operands: 0x94  McodeNullInstruction
LOG:Get_Operands: 0x95  McodeNullInstruction
LOG:Get_Operands: 0x96  McodeNullInstruction
LOG:Get_Operands: 0x97  McodeNullInstruction
Info: 148: Null!
LOG:Execute     : 0x94  McodeNullInstruction
Info: 149: Null!
LOG:Execute     : 0x95  McodeNullInstruction
Info: 150: Null!
LOG:Execute     : 0x96  McodeNullInstruction
Info: 151: Null!
LOG:Execute     : 0x97  McodeNullInstruction
LOG:Set_Results  : 0x94  McodeNullInstruction
LOG:Set_Results  : 0x95  McodeNullInstruction
LOG:Set_Results  : 0x96  McodeNullInstruction
LOG:Set_Results  : 0x97  McodeNullInstruction
RunLog[0]: l_148 pc=0x94  McodeInstructionBundle
RunLog[0]: 0x94 $null        -> 
RunLog[0]: 0x95 $null        -> 
RunLog[0]: 0x96 $null        -> 
RunLog[0]: 0x97 $null        -> 
Info: Tick on thread 0
Info: McodeAccelerator:: 0xe8000000 = IMEM[0x98]
Info: McodeAccelerator:: 0x68000000 = IMEM[0x99]
Info: McodeAccelerator:: 0x68000000 = IMEM[0x9a]
Info: McodeAccelerator:: 0x68000000 = IMEM[0x9b]
Info: McodeAccelerator:: 0x4c8ecc00 = IMEM[0x9c]
Info: McodeAccelerator:: 0x68000000 = IMEM[0x9d]
Info: McodeAccelerator:: 0x68000000 = IMEM[0x9e]
Info: McodeAccelerator:: 0x68000000 = IMEM[0x9f]
Info: McodeMachine:Run_Machine PC=0x98
LOG:Get_Operands: 0x98  McodeNullInstruction
LOG:Get_Operands: 0x99  McodeNullInstruction
LOG:Get_Operands: 0x9a  McodeNullInstruction
LOG:Get_Operands: 0x9b  McodeNullInstruction
Info: RunLog[0]: 0x410 = Get_Register(25)

LOG:Get_Operands: 0x9c  McodeLoadInstruction
LOG:Get_Operands: 0x9d  McodeNullInstruction
LOG:Get_Operands: 0x9e  McodeNullInstruction
LOG:Get_Operands: 0x9f  McodeNullInstruction
Info: 152: Null!
LOG:Execute     : 0x98  McodeNullInstruction
Info: 153: Null!
LOG:Execute     : 0x99  McodeNullInstruction
Info: 154: Null!
LOG:Execute     : 0x9a  McodeNullInstruction
Info: 155: Null!
LOG:Execute     : 0x9b  McodeNullInstruction
Info: McodeAccelerator:: 0x1e = DMEM[0x82]

Info: ___execute_load_operation___
Info: 156: Load!
LOG:Execute     : 0x9c  McodeLoadInstruction
Info: 157: Null!
LOG:Execute     : 0x9d  McodeNullInstruction
Info: 158: Null!
LOG:Execute     : 0x9e  McodeNullInstruction
Info: 159: Null!
LOG:Execute     : 0x9f  McodeNullInstruction
LOG:Set_Results  : 0x98  McodeNullInstruction
LOG:Set_Results  : 0x99  McodeNullInstruction
LOG:Set_Results  : 0x9a  McodeNullInstruction
LOG:Set_Results  : 0x9b  McodeNullInstruction
Info: RunLog[0]: Set_Register(14, 0x1e)
LOG:Set_Results  : 0x9c  McodeLoadInstruction
LOG:Set_Results  : 0x9d  McodeNullInstruction
LOG:Set_Results  : 0x9e  McodeNullInstruction
LOG:Set_Results  : 0x9f  McodeNullInstruction
RunLog[0]: l_152 pc=0x98  McodeInstructionBundle
RunLog[0]: 0x98 $null        -> 
RunLog[0]: 0x99 $null        -> 
RunLog[0]: 0x9a $null        -> 
RunLog[0]: 0x9b $null        -> 
RunLog[0]: 0x9c $ld         0x410    0x0     -> 0x1e    
RunLog[0]: 0x9d $null        -> 
RunLog[0]: 0x9e $null        -> 
RunLog[0]: 0x9f $null        -> 
Info: Tick on thread 0
Info: McodeAccelerator:: 0x908f480e = IMEM[0xa0]
Info: McodeAccelerator:: 0xe8000000 = IMEM[0xa1]
Info: McodeAccelerator:: 0xe8000000 = IMEM[0xa2]
Info: McodeAccelerator:: 0x68000000 = IMEM[0xa3]
Info: McodeAccelerator:: 0xe8000000 = IMEM[0xa4]
Info: McodeAccelerator:: 0x68000000 = IMEM[0xa5]
Info: McodeAccelerator:: 0x68000000 = IMEM[0xa6]
Info: McodeAccelerator:: 0x68000000 = IMEM[0xa7]
Info: McodeMachine:Run_Machine PC=0xa0
Info: RunLog[0]: 0x1e = Get_Register(9)

Info: RunLog[0]: 0x1e = Get_Register(14)

LOG:Get_Operands: 0xa0  McodeAluInstruction
Info: ___execute_alu_operation___
Info: 160: Alu!
LOG:Execute     : 0xa0  McodeAluInstruction
Info: RunLog[0]: Set_Register(15, 0x3c)
LOG:Set_Results  : 0xa0  McodeAluInstruction
RunLog[0]: l_160 pc=0xa0  McodeInstructionBundle
RunLog[0]: 0xa0 +           0x1e    0x1e     -> 0x3c    
Info: Tick on thread 0
Info: McodeMachine:Run_Machine PC=0xa1
LOG:Get_Operands: 0xa1  McodeNullInstruction
Info: 161: Null!
LOG:Execute     : 0xa1  McodeNullInstruction
LOG:Set_Results  : 0xa1  McodeNullInstruction
RunLog[0]: l_161 pc=0xa1  McodeInstructionBundle
RunLog[0]: 0xa1 $null        -> 
Info: Tick on thread 0
Info: McodeMachine:Run_Machine PC=0xa2
LOG:Get_Operands: 0xa2  McodeNullInstruction
LOG:Get_Operands: 0xa3  McodeNullInstruction
Info: 162: Null!
LOG:Execute     : 0xa2  McodeNullInstruction
Info: 163: Null!
LOG:Execute     : 0xa3  McodeNullInstruction
LOG:Set_Results  : 0xa2  McodeNullInstruction
LOG:Set_Results  : 0xa3  McodeNullInstruction
RunLog[0]: l_162 pc=0xa2  McodeInstructionBundle
RunLog[0]: 0xa2 $null        -> 
RunLog[0]: 0xa3 $null        -> 
Info: Tick on thread 0
Info: McodeMachine:Run_Machine PC=0xa4
LOG:Get_Operands: 0xa4  McodeNullInstruction
LOG:Get_Operands: 0xa5  McodeNullInstruction
LOG:Get_Operands: 0xa6  McodeNullInstruction
LOG:Get_Operands: 0xa7  McodeNullInstruction
Info: 164: Null!
LOG:Execute     : 0xa4  McodeNullInstruction
Info: 165: Null!
LOG:Execute     : 0xa5  McodeNullInstruction
Info: 166: Null!
LOG:Execute     : 0xa6  McodeNullInstruction
Info: 167: Null!
LOG:Execute     : 0xa7  McodeNullInstruction
LOG:Set_Results  : 0xa4  McodeNullInstruction
LOG:Set_Results  : 0xa5  McodeNullInstruction
LOG:Set_Results  : 0xa6  McodeNullInstruction
LOG:Set_Results  : 0xa7  McodeNullInstruction
RunLog[0]: l_164 pc=0xa4  McodeInstructionBundle
RunLog[0]: 0xa4 $null        -> 
RunLog[0]: 0xa5 $null        -> 
RunLog[0]: 0xa6 $null        -> 
RunLog[0]: 0xa7 $null        -> 
Info: Tick on thread 0
Info: McodeAccelerator:: 0xe8000000 = IMEM[0xa8]
Info: McodeAccelerator:: 0x68000000 = IMEM[0xa9]
Info: McodeAccelerator:: 0x68000000 = IMEM[0xaa]
Info: McodeAccelerator:: 0x68000000 = IMEM[0xab]
Info: McodeAccelerator:: 0x508fe428 = IMEM[0xac]
Info: McodeAccelerator:: 0x68000000 = IMEM[0xad]
Info: McodeAccelerator:: 0x68000000 = IMEM[0xae]
Info: McodeAccelerator:: 0x68000000 = IMEM[0xaf]
Info: McodeMachine:Run_Machine PC=0xa8
LOG:Get_Operands: 0xa8  McodeNullInstruction
LOG:Get_Operands: 0xa9  McodeNullInstruction
LOG:Get_Operands: 0xaa  McodeNullInstruction
LOG:Get_Operands: 0xab  McodeNullInstruction
Info: RunLog[0]: 0x400 = Get_Register(28)

Info: RunLog[0]: 0x3c = Get_Register(15)

LOG:Get_Operands: 0xac  McodeStoreInstruction
LOG:Get_Operands: 0xad  McodeNullInstruction
LOG:Get_Operands: 0xae  McodeNullInstruction
LOG:Get_Operands: 0xaf  McodeNullInstruction
Info: 168: Null!
LOG:Execute     : 0xa8  McodeNullInstruction
Info: 169: Null!
LOG:Execute     : 0xa9  McodeNullInstruction
Info: 170: Null!
LOG:Execute     : 0xaa  McodeNullInstruction
Info: 171: Null!
LOG:Execute     : 0xab  McodeNullInstruction
Info: McodeAccelerator:: DMEM[0x85] = 0x3c

Info: ___execute_store_operation___ 
Info: 172: Store!
LOG:Execute     : 0xac  McodeStoreInstruction
Info: 173: Null!
LOG:Execute     : 0xad  McodeNullInstruction
Info: 174: Null!
LOG:Execute     : 0xae  McodeNullInstruction
Info: 175: Null!
LOG:Execute     : 0xaf  McodeNullInstruction
LOG:Set_Results  : 0xa8  McodeNullInstruction
LOG:Set_Results  : 0xa9  McodeNullInstruction
LOG:Set_Results  : 0xaa  McodeNullInstruction
LOG:Set_Results  : 0xab  McodeNullInstruction
LOG:Set_Results  : 0xac  McodeStoreInstruction
LOG:Set_Results  : 0xad  McodeNullInstruction
LOG:Set_Results  : 0xae  McodeNullInstruction
LOG:Set_Results  : 0xaf  McodeNullInstruction
RunLog[0]: l_168 pc=0xa8  McodeInstructionBundle
RunLog[0]: 0xa8 $null        -> 
RunLog[0]: 0xa9 $null        -> 
RunLog[0]: 0xaa $null        -> 
RunLog[0]: 0xab $null        -> 
RunLog[0]: 0xac $st         0x400    0x28    0x3c     -> 
RunLog[0]: 0xad $null        -> 
RunLog[0]: 0xae $null        -> 
RunLog[0]: 0xaf $null        -> 
Info: Tick on thread 0
Info: McodeAccelerator:: 0x9090d7f8 = IMEM[0xb0]
Info: McodeAccelerator:: 0xe8000000 = IMEM[0xb1]
Info: McodeAccelerator:: 0xe8000000 = IMEM[0xb2]
Info: McodeAccelerator:: 0x68000000 = IMEM[0xb3]
Info: McodeAccelerator:: 0xe8000000 = IMEM[0xb4]
Info: McodeAccelerator:: 0x68000000 = IMEM[0xb5]
Info: McodeAccelerator:: 0x68000000 = IMEM[0xb6]
Info: McodeAccelerator:: 0x68000000 = IMEM[0xb7]
Info: McodeMachine:Run_Machine PC=0xb0
Info: RunLog[0]: 0x7ff8 = Get_Register(26)

LOG:Get_Operands: 0xb0  McodeAluInstruction
Info: ___execute_alu_operation___
Info: 176: Alu!
LOG:Execute     : 0xb0  McodeAluInstruction
Info: RunLog[0]: Set_Register(16, 0x7ff0)
LOG:Set_Results  : 0xb0  McodeAluInstruction
RunLog[0]: l_176 pc=0xb0  McodeInstructionBundle
RunLog[0]: 0xb0 +           0x7ff8    0xfffffffffffffff8     -> 0x7ff0    
Info: Tick on thread 0
Info: McodeMachine:Run_Machine PC=0xb1
LOG:Get_Operands: 0xb1  McodeNullInstruction
Info: 177: Null!
LOG:Execute     : 0xb1  McodeNullInstruction
LOG:Set_Results  : 0xb1  McodeNullInstruction
RunLog[0]: l_177 pc=0xb1  McodeInstructionBundle
RunLog[0]: 0xb1 $null        -> 
Info: Tick on thread 0
Info: McodeMachine:Run_Machine PC=0xb2
LOG:Get_Operands: 0xb2  McodeNullInstruction
LOG:Get_Operands: 0xb3  McodeNullInstruction
Info: 178: Null!
LOG:Execute     : 0xb2  McodeNullInstruction
Info: 179: Null!
LOG:Execute     : 0xb3  McodeNullInstruction
LOG:Set_Results  : 0xb2  McodeNullInstruction
LOG:Set_Results  : 0xb3  McodeNullInstruction
RunLog[0]: l_178 pc=0xb2  McodeInstructionBundle
RunLog[0]: 0xb2 $null        -> 
RunLog[0]: 0xb3 $null        -> 
Info: Tick on thread 0
Info: McodeMachine:Run_Machine PC=0xb4
LOG:Get_Operands: 0xb4  McodeNullInstruction
LOG:Get_Operands: 0xb5  McodeNullInstruction
LOG:Get_Operands: 0xb6  McodeNullInstruction
LOG:Get_Operands: 0xb7  McodeNullInstruction
Info: 180: Null!
LOG:Execute     : 0xb4  McodeNullInstruction
Info: 181: Null!
LOG:Execute     : 0xb5  McodeNullInstruction
Info: 182: Null!
LOG:Execute     : 0xb6  McodeNullInstruction
Info: 183: Null!
LOG:Execute     : 0xb7  McodeNullInstruction
LOG:Set_Results  : 0xb4  McodeNullInstruction
LOG:Set_Results  : 0xb5  McodeNullInstruction
LOG:Set_Results  : 0xb6  McodeNullInstruction
LOG:Set_Results  : 0xb7  McodeNullInstruction
RunLog[0]: l_180 pc=0xb4  McodeInstructionBundle
RunLog[0]: 0xb4 $null        -> 
RunLog[0]: 0xb5 $null        -> 
RunLog[0]: 0xb6 $null        -> 
RunLog[0]: 0xb7 $null        -> 
Info: Tick on thread 0
Info: McodeAccelerator:: 0xe8000000 = IMEM[0xb8]
Info: McodeAccelerator:: 0x68000000 = IMEM[0xb9]
Info: McodeAccelerator:: 0x68000000 = IMEM[0xba]
Info: McodeAccelerator:: 0x68000000 = IMEM[0xbb]
Info: McodeAccelerator:: 0x4c918400 = IMEM[0xbc]
Info: McodeAccelerator:: 0x68000000 = IMEM[0xbd]
Info: McodeAccelerator:: 0x68000000 = IMEM[0xbe]
Info: McodeAccelerator:: 0x68000000 = IMEM[0xbf]
Info: McodeMachine:Run_Machine PC=0xb8
LOG:Get_Operands: 0xb8  McodeNullInstruction
LOG:Get_Operands: 0xb9  McodeNullInstruction
LOG:Get_Operands: 0xba  McodeNullInstruction
LOG:Get_Operands: 0xbb  McodeNullInstruction
Info: RunLog[0]: 0x7ff0 = Get_Register(16)

LOG:Get_Operands: 0xbc  McodeLoadInstruction
LOG:Get_Operands: 0xbd  McodeNullInstruction
LOG:Get_Operands: 0xbe  McodeNullInstruction
LOG:Get_Operands: 0xbf  McodeNullInstruction
Info: 184: Null!
LOG:Execute     : 0xb8  McodeNullInstruction
Info: 185: Null!
LOG:Execute     : 0xb9  McodeNullInstruction
Info: 186: Null!
LOG:Execute     : 0xba  McodeNullInstruction
Info: 187: Null!
LOG:Execute     : 0xbb  McodeNullInstruction
Info: McodeAccelerator:: 0x2 = DMEM[0xffe]

Info: ___execute_load_operation___
Info: 188: Load!
LOG:Execute     : 0xbc  McodeLoadInstruction
Info: 189: Null!
LOG:Execute     : 0xbd  McodeNullInstruction
Info: 190: Null!
LOG:Execute     : 0xbe  McodeNullInstruction
Info: 191: Null!
LOG:Execute     : 0xbf  McodeNullInstruction
LOG:Set_Results  : 0xb8  McodeNullInstruction
LOG:Set_Results  : 0xb9  McodeNullInstruction
LOG:Set_Results  : 0xba  McodeNullInstruction
LOG:Set_Results  : 0xbb  McodeNullInstruction
Info: RunLog[0]: Set_Register(17, 0x2)
LOG:Set_Results  : 0xbc  McodeLoadInstruction
LOG:Set_Results  : 0xbd  McodeNullInstruction
LOG:Set_Results  : 0xbe  McodeNullInstruction
LOG:Set_Results  : 0xbf  McodeNullInstruction
RunLog[0]: l_184 pc=0xb8  McodeInstructionBundle
RunLog[0]: 0xb8 $null        -> 
RunLog[0]: 0xb9 $null        -> 
RunLog[0]: 0xba $null        -> 
RunLog[0]: 0xbb $null        -> 
RunLog[0]: 0xbc $ld         0x7ff0    0x0     -> 0x2    
RunLog[0]: 0xbd $null        -> 
RunLog[0]: 0xbe $null        -> 
RunLog[0]: 0xbf $null        -> 
Info: Tick on thread 0
Info: McodeAccelerator:: 0x90920011 = IMEM[0xc0]
Info: McodeAccelerator:: 0x10938c01 = IMEM[0xc1]
Info: McodeAccelerator:: 0x1094d7f8 = IMEM[0xc2]
Info: McodeAccelerator:: 0x68000000 = IMEM[0xc3]
Info: McodeAccelerator:: 0xe8000000 = IMEM[0xc4]
Info: McodeAccelerator:: 0x68000000 = IMEM[0xc5]
Info: McodeAccelerator:: 0x68000000 = IMEM[0xc6]
Info: McodeAccelerator:: 0x68000000 = IMEM[0xc7]
Info: McodeMachine:Run_Machine PC=0xc0
Info: RunLog[0]: 0x0 = Get_Register(0)

Info: RunLog[0]: 0x2 = Get_Register(17)

LOG:Get_Operands: 0xc0  McodeAluInstruction
Info: RunLog[0]: 0x2 = Get_Register(17)

LOG:Get_Operands: 0xc1  McodeAluInstruction
Info: RunLog[0]: 0x7ff8 = Get_Register(26)

LOG:Get_Operands: 0xc2  McodeAluInstruction
LOG:Get_Operands: 0xc3  McodeNullInstruction
Info: ___execute_alu_operation___
Info: 192: Alu!
LOG:Execute     : 0xc0  McodeAluInstruction
Info: ___execute_alu_operation___
Info: 193: Alu!
LOG:Execute     : 0xc1  McodeAluInstruction
Info: ___execute_alu_operation___
Info: 194: Alu!
LOG:Execute     : 0xc2  McodeAluInstruction
Info: 195: Null!
LOG:Execute     : 0xc3  McodeNullInstruction
Info: RunLog[0]: Set_Register(18, 0x2)
LOG:Set_Results  : 0xc0  McodeAluInstruction
Info: RunLog[0]: Set_Register(19, 0x3)
LOG:Set_Results  : 0xc1  McodeAluInstruction
Info: RunLog[0]: Set_Register(20, 0x7ff0)
LOG:Set_Results  : 0xc2  McodeAluInstruction
LOG:Set_Results  : 0xc3  McodeNullInstruction
RunLog[0]: l_192 pc=0xc0  McodeInstructionBundle
RunLog[0]: 0xc0 +           0x0    0x2     -> 0x2    
RunLog[0]: 0xc1 +           0x2    0x1     -> 0x3    
RunLog[0]: 0xc2 +           0x7ff8    0xfffffffffffffff8     -> 0x7ff0    
RunLog[0]: 0xc3 $null        -> 
Info: Tick on thread 0
Info: McodeMachine:Run_Machine PC=0xc4
LOG:Get_Operands: 0xc4  McodeNullInstruction
LOG:Get_Operands: 0xc5  McodeNullInstruction
LOG:Get_Operands: 0xc6  McodeNullInstruction
LOG:Get_Operands: 0xc7  McodeNullInstruction
Info: 196: Null!
LOG:Execute     : 0xc4  McodeNullInstruction
Info: 197: Null!
LOG:Execute     : 0xc5  McodeNullInstruction
Info: 198: Null!
LOG:Execute     : 0xc6  McodeNullInstruction
Info: 199: Null!
LOG:Execute     : 0xc7  McodeNullInstruction
LOG:Set_Results  : 0xc4  McodeNullInstruction
LOG:Set_Results  : 0xc5  McodeNullInstruction
LOG:Set_Results  : 0xc6  McodeNullInstruction
LOG:Set_Results  : 0xc7  McodeNullInstruction
RunLog[0]: l_196 pc=0xc4  McodeInstructionBundle
RunLog[0]: 0xc4 $null        -> 
RunLog[0]: 0xc5 $null        -> 
RunLog[0]: 0xc6 $null        -> 
RunLog[0]: 0xc7 $null        -> 
Info: Tick on thread 0
Info: McodeAccelerator:: 0x8911f218 = IMEM[0xc8]
Info: McodeAccelerator:: 0x68000000 = IMEM[0xc9]
Info: McodeAccelerator:: 0x68000000 = IMEM[0xca]
Info: McodeAccelerator:: 0x68000000 = IMEM[0xcb]
Info: McodeAccelerator:: 0x5093a400 = IMEM[0xcc]
Info: McodeAccelerator:: 0x68000000 = IMEM[0xcd]
Info: McodeAccelerator:: 0x68000000 = IMEM[0xce]
Info: McodeAccelerator:: 0x68000000 = IMEM[0xcf]
Info: McodeMachine:Run_Machine PC=0xc8
Info: RunLog[0]: 0x1 = Get_Register(24)

LOG:Get_Operands: 0xc8  McodeBranchInstruction
LOG:Get_Operands: 0xc9  McodeNullInstruction
LOG:Get_Operands: 0xca  McodeNullInstruction
LOG:Get_Operands: 0xcb  McodeNullInstruction
Info: RunLog[0]: 0x7ff0 = Get_Register(20)

Info: RunLog[0]: 0x3 = Get_Register(19)

LOG:Get_Operands: 0xcc  McodeStoreInstruction
LOG:Get_Operands: 0xcd  McodeNullInstruction
LOG:Get_Operands: 0xce  McodeNullInstruction
LOG:Get_Operands: 0xcf  McodeNullInstruction
Info: ___execute_branch_operation___
Info: 200: Branch!
LOG:Execute     : 0xc8  McodeBranchInstruction
Info: 201: Null!
LOG:Execute     : 0xc9  McodeNullInstruction
Info: 202: Null!
LOG:Execute     : 0xca  McodeNullInstruction
Info: 203: Null!
LOG:Execute     : 0xcb  McodeNullInstruction
Info: McodeAccelerator:: DMEM[0xffe] = 0x3

Info: ___execute_store_operation___ 
Info: 204: Store!
LOG:Execute     : 0xcc  McodeStoreInstruction
Info: 205: Null!
LOG:Execute     : 0xcd  McodeNullInstruction
Info: 206: Null!
LOG:Execute     : 0xce  McodeNullInstruction
Info: 207: Null!
LOG:Execute     : 0xcf  McodeNullInstruction
LOG:Set_Results  : 0xc8  McodeBranchInstruction
LOG:Set_Results  : 0xc9  McodeNullInstruction
LOG:Set_Results  : 0xca  McodeNullInstruction
LOG:Set_Results  : 0xcb  McodeNullInstruction
LOG:Set_Results  : 0xcc  McodeStoreInstruction
LOG:Set_Results  : 0xcd  McodeNullInstruction
LOG:Set_Results  : 0xce  McodeNullInstruction
LOG:Set_Results  : 0xcf  McodeNullInstruction
RunLog[0]: l_200 pc=0xc8  McodeInstructionBundle
RunLog[0]: 0xc8 $branch     0x1     ->   npc=0x58
RunLog[0]: 0xc9 $null        -> 
RunLog[0]: 0xca $null        -> 
RunLog[0]: 0xcb $null        -> 
RunLog[0]: 0xcc $st         0x7ff0    0x0    0x3     -> 
RunLog[0]: 0xcd $null        -> 
RunLog[0]: 0xce $null        -> 
RunLog[0]: 0xcf $null        -> 
Info: Tick on thread 0
Info: McodeAccelerator:: 0x9087d7f8 = IMEM[0x58]
Info: McodeAccelerator:: 0xe8000000 = IMEM[0x59]
Info: McodeAccelerator:: 0xe8000000 = IMEM[0x5a]
Info: McodeAccelerator:: 0x68000000 = IMEM[0x5b]
Info: McodeAccelerator:: 0xe8000000 = IMEM[0x5c]
Info: McodeAccelerator:: 0x68000000 = IMEM[0x5d]
Info: McodeAccelerator:: 0x68000000 = IMEM[0x5e]
Info: McodeAccelerator:: 0x68000000 = IMEM[0x5f]
Info: McodeMachine:Run_Machine PC=0x58
Info: RunLog[0]: 0x7ff8 = Get_Register(26)

LOG:Get_Operands: 0x58  McodeAluInstruction
Info: ___execute_alu_operation___
Info: 88: Alu!
LOG:Execute     : 0x58  McodeAluInstruction
Info: RunLog[0]: Set_Register(7, 0x7ff0)
LOG:Set_Results  : 0x58  McodeAluInstruction
RunLog[0]: l_88 pc=0x58  McodeInstructionBundle
RunLog[0]: 0x58 +           0x7ff8    0xfffffffffffffff8     -> 0x7ff0    
Info: Tick on thread 0
Info: McodeMachine:Run_Machine PC=0x59
LOG:Get_Operands: 0x59  McodeNullInstruction
Info: 89: Null!
LOG:Execute     : 0x59  McodeNullInstruction
LOG:Set_Results  : 0x59  McodeNullInstruction
RunLog[0]: l_89 pc=0x59  McodeInstructionBundle
RunLog[0]: 0x59 $null        -> 
Info: Tick on thread 0
Info: McodeMachine:Run_Machine PC=0x5a
LOG:Get_Operands: 0x5a  McodeNullInstruction
LOG:Get_Operands: 0x5b  McodeNullInstruction
Info: 90: Null!
LOG:Execute     : 0x5a  McodeNullInstruction
Info: 91: Null!
LOG:Execute     : 0x5b  McodeNullInstruction
LOG:Set_Results  : 0x5a  McodeNullInstruction
LOG:Set_Results  : 0x5b  McodeNullInstruction
RunLog[0]: l_90 pc=0x5a  McodeInstructionBundle
RunLog[0]: 0x5a $null        -> 
RunLog[0]: 0x5b $null        -> 
Info: Tick on thread 0
Info: McodeMachine:Run_Machine PC=0x5c
LOG:Get_Operands: 0x5c  McodeNullInstruction
LOG:Get_Operands: 0x5d  McodeNullInstruction
LOG:Get_Operands: 0x5e  McodeNullInstruction
LOG:Get_Operands: 0x5f  McodeNullInstruction
Info: 92: Null!
LOG:Execute     : 0x5c  McodeNullInstruction
Info: 93: Null!
LOG:Execute     : 0x5d  McodeNullInstruction
Info: 94: Null!
LOG:Execute     : 0x5e  McodeNullInstruction
Info: 95: Null!
LOG:Execute     : 0x5f  McodeNullInstruction
LOG:Set_Results  : 0x5c  McodeNullInstruction
LOG:Set_Results  : 0x5d  McodeNullInstruction
LOG:Set_Results  : 0x5e  McodeNullInstruction
LOG:Set_Results  : 0x5f  McodeNullInstruction
RunLog[0]: l_92 pc=0x5c  McodeInstructionBundle
RunLog[0]: 0x5c $null        -> 
RunLog[0]: 0x5d $null        -> 
RunLog[0]: 0x5e $null        -> 
RunLog[0]: 0x5f $null        -> 
Info: Tick on thread 0
Info: McodeAccelerator:: 0x90990405 = IMEM[0x60]
Info: McodeAccelerator:: 0x68000000 = IMEM[0x61]
Info: McodeAccelerator:: 0x68000000 = IMEM[0x62]
Info: McodeAccelerator:: 0x68000000 = IMEM[0x63]
Info: McodeAccelerator:: 0x4c883c00 = IMEM[0x64]
Info: McodeAccelerator:: 0x68000000 = IMEM[0x65]
Info: McodeAccelerator:: 0x68000000 = IMEM[0x66]
Info: McodeAccelerator:: 0x68000000 = IMEM[0x67]
Info: McodeMachine:Run_Machine PC=0x60
Info: RunLog[0]: 0x0 = Get_Register(0)

LOG:Get_Operands: 0x60  McodeAluInstruction
LOG:Get_Operands: 0x61  McodeNullInstruction
LOG:Get_Operands: 0x62  McodeNullInstruction
LOG:Get_Operands: 0x63  McodeNullInstruction
Info: RunLog[0]: 0x7ff0 = Get_Register(7)

LOG:Get_Operands: 0x64  McodeLoadInstruction
LOG:Get_Operands: 0x65  McodeNullInstruction
LOG:Get_Operands: 0x66  McodeNullInstruction
LOG:Get_Operands: 0x67  McodeNullInstruction
Info: ___execute_alu_operation___
Info: 96: Alu!
LOG:Execute     : 0x60  McodeAluInstruction
Info: 97: Null!
LOG:Execute     : 0x61  McodeNullInstruction
Info: 98: Null!
LOG:Execute     : 0x62  McodeNullInstruction
Info: 99: Null!
LOG:Execute     : 0x63  McodeNullInstruction
Info: McodeAccelerator:: 0x3 = DMEM[0xffe]

Info: ___execute_load_operation___
Info: 100: Load!
LOG:Execute     : 0x64  McodeLoadInstruction
Info: 101: Null!
LOG:Execute     : 0x65  McodeNullInstruction
Info: 102: Null!
LOG:Execute     : 0x66  McodeNullInstruction
Info: 103: Null!
LOG:Execute     : 0x67  McodeNullInstruction
Info: RunLog[0]: Set_Register(25, 0x5)
LOG:Set_Results  : 0x60  McodeAluInstruction
LOG:Set_Results  : 0x61  McodeNullInstruction
LOG:Set_Results  : 0x62  McodeNullInstruction
LOG:Set_Results  : 0x63  McodeNullInstruction
Info: RunLog[0]: Set_Register(8, 0x3)
LOG:Set_Results  : 0x64  McodeLoadInstruction
LOG:Set_Results  : 0x65  McodeNullInstruction
LOG:Set_Results  : 0x66  McodeNullInstruction
LOG:Set_Results  : 0x67  McodeNullInstruction
RunLog[0]: l_96 pc=0x60  McodeInstructionBundle
RunLog[0]: 0x60 +           0x0    0x5     -> 0x5    
RunLog[0]: 0x61 $null        -> 
RunLog[0]: 0x62 $null        -> 
RunLog[0]: 0x63 $null        -> 
RunLog[0]: 0x64 $ld         0x7ff0    0x0     -> 0x3    
RunLog[0]: 0x65 $null        -> 
RunLog[0]: 0x66 $null        -> 
RunLog[0]: 0x67 $null        -> 
Info: Tick on thread 0
Info: McodeAccelerator:: 0x9499c808 = IMEM[0x68]
Info: McodeAccelerator:: 0xe8000000 = IMEM[0x69]
Info: McodeAccelerator:: 0xe8000000 = IMEM[0x6a]
Info: McodeAccelerator:: 0x68000000 = IMEM[0x6b]
Info: McodeAccelerator:: 0xe8000000 = IMEM[0x6c]
Info: McodeAccelerator:: 0x68000000 = IMEM[0x6d]
Info: McodeAccelerator:: 0x68000000 = IMEM[0x6e]
Info: McodeAccelerator:: 0x68000000 = IMEM[0x6f]
Info: McodeMachine:Run_Machine PC=0x68
Info: RunLog[0]: 0x5 = Get_Register(25)

Info: RunLog[0]: 0x3 = Get_Register(8)

LOG:Get_Operands: 0x68  McodeAluInstruction
Info: ___execute_alu_operation___
Info: 104: Alu!
LOG:Execute     : 0x68  McodeAluInstruction
Info: RunLog[0]: Set_Register(25, 0x2)
LOG:Set_Results  : 0x68  McodeAluInstruction
RunLog[0]: l_104 pc=0x68  McodeInstructionBundle
RunLog[0]: 0x68 -           0x5    0x3     -> 0x2    
Info: Tick on thread 0
Info: McodeMachine:Run_Machine PC=0x69
LOG:Get_Operands: 0x69  McodeNullInstruction
Info: 105: Null!
LOG:Execute     : 0x69  McodeNullInstruction
LOG:Set_Results  : 0x69  McodeNullInstruction
RunLog[0]: l_105 pc=0x69  McodeInstructionBundle
RunLog[0]: 0x69 $null        -> 
Info: Tick on thread 0
Info: McodeMachine:Run_Machine PC=0x6a
LOG:Get_Operands: 0x6a  McodeNullInstruction
LOG:Get_Operands: 0x6b  McodeNullInstruction
Info: 106: Null!
LOG:Execute     : 0x6a  McodeNullInstruction
Info: 107: Null!
LOG:Execute     : 0x6b  McodeNullInstruction
LOG:Set_Results  : 0x6a  McodeNullInstruction
LOG:Set_Results  : 0x6b  McodeNullInstruction
RunLog[0]: l_106 pc=0x6a  McodeInstructionBundle
RunLog[0]: 0x6a $null        -> 
RunLog[0]: 0x6b $null        -> 
Info: Tick on thread 0
Info: McodeMachine:Run_Machine PC=0x6c
LOG:Get_Operands: 0x6c  McodeNullInstruction
LOG:Get_Operands: 0x6d  McodeNullInstruction
LOG:Get_Operands: 0x6e  McodeNullInstruction
LOG:Get_Operands: 0x6f  McodeNullInstruction
Info: 108: Null!
LOG:Execute     : 0x6c  McodeNullInstruction
Info: 109: Null!
LOG:Execute     : 0x6d  McodeNullInstruction
Info: 110: Null!
LOG:Execute     : 0x6e  McodeNullInstruction
Info: 111: Null!
LOG:Execute     : 0x6f  McodeNullInstruction
LOG:Set_Results  : 0x6c  McodeNullInstruction
LOG:Set_Results  : 0x6d  McodeNullInstruction
LOG:Set_Results  : 0x6e  McodeNullInstruction
LOG:Set_Results  : 0x6f  McodeNullInstruction
RunLog[0]: l_108 pc=0x6c  McodeInstructionBundle
RunLog[0]: 0x6c $null        -> 
RunLog[0]: 0x6d $null        -> 
RunLog[0]: 0x6e $null        -> 
RunLog[0]: 0x6f $null        -> 
Info: Tick on thread 0
Info: McodeAccelerator:: 0x89100219 = IMEM[0x70]
Info: McodeAccelerator:: 0x68000000 = IMEM[0x71]
Info: McodeAccelerator:: 0x68000000 = IMEM[0x72]
Info: McodeAccelerator:: 0x68000000 = IMEM[0x73]
Info: McodeAccelerator:: 0x68000000 = IMEM[0x74]
Info: McodeAccelerator:: 0x68000000 = IMEM[0x75]
Info: McodeAccelerator:: 0x68000000 = IMEM[0x76]
Info: McodeAccelerator:: 0x68000000 = IMEM[0x77]
Info: McodeMachine:Run_Machine PC=0x70
Info: RunLog[0]: 0x2 = Get_Register(25)

LOG:Get_Operands: 0x70  McodeBranchInstruction
LOG:Get_Operands: 0x71  McodeNullInstruction
LOG:Get_Operands: 0x72  McodeNullInstruction
LOG:Get_Operands: 0x73  McodeNullInstruction
LOG:Get_Operands: 0x74  McodeNullInstruction
LOG:Get_Operands: 0x75  McodeNullInstruction
LOG:Get_Operands: 0x76  McodeNullInstruction
LOG:Get_Operands: 0x77  McodeNullInstruction
Info: ___execute_branch_operation___
Info: 112: Branch!
LOG:Execute     : 0x70  McodeBranchInstruction
Info: 113: Null!
LOG:Execute     : 0x71  McodeNullInstruction
Info: 114: Null!
LOG:Execute     : 0x72  McodeNullInstruction
Info: 115: Null!
LOG:Execute     : 0x73  McodeNullInstruction
Info: 116: Null!
LOG:Execute     : 0x74  McodeNullInstruction
Info: 117: Null!
LOG:Execute     : 0x75  McodeNullInstruction
Info: 118: Null!
LOG:Execute     : 0x76  McodeNullInstruction
Info: 119: Null!
LOG:Execute     : 0x77  McodeNullInstruction
LOG:Set_Results  : 0x70  McodeBranchInstruction
LOG:Set_Results  : 0x71  McodeNullInstruction
LOG:Set_Results  : 0x72  McodeNullInstruction
LOG:Set_Results  : 0x73  McodeNullInstruction
LOG:Set_Results  : 0x74  McodeNullInstruction
LOG:Set_Results  : 0x75  McodeNullInstruction
LOG:Set_Results  : 0x76  McodeNullInstruction
LOG:Set_Results  : 0x77  McodeNullInstruction
RunLog[0]: l_112 pc=0x70  McodeInstructionBundle
RunLog[0]: 0x70 $branch     0x2     ->   npc=0x80
RunLog[0]: 0x71 $null        -> 
RunLog[0]: 0x72 $null        -> 
RunLog[0]: 0x73 $null        -> 
RunLog[0]: 0x74 $null        -> 
RunLog[0]: 0x75 $null        -> 
RunLog[0]: 0x76 $null        -> 
RunLog[0]: 0x77 $null        -> 
Info: Tick on thread 0
Info: McodeAccelerator:: 0x908ad7f8 = IMEM[0x80]
Info: McodeAccelerator:: 0x68000000 = IMEM[0x81]
Info: McodeAccelerator:: 0x68000000 = IMEM[0x82]
Info: McodeAccelerator:: 0x68000000 = IMEM[0x83]
Info: McodeAccelerator:: 0x4c89e428 = IMEM[0x84]
Info: McodeAccelerator:: 0x68000000 = IMEM[0x85]
Info: McodeAccelerator:: 0x68000000 = IMEM[0x86]
Info: McodeAccelerator:: 0x68000000 = IMEM[0x87]
Info: McodeMachine:Run_Machine PC=0x80
Info: RunLog[0]: 0x7ff8 = Get_Register(26)

LOG:Get_Operands: 0x80  McodeAluInstruction
LOG:Get_Operands: 0x81  McodeNullInstruction
LOG:Get_Operands: 0x82  McodeNullInstruction
LOG:Get_Operands: 0x83  McodeNullInstruction
Info: RunLog[0]: 0x400 = Get_Register(28)

LOG:Get_Operands: 0x84  McodeLoadInstruction
LOG:Get_Operands: 0x85  McodeNullInstruction
LOG:Get_Operands: 0x86  McodeNullInstruction
LOG:Get_Operands: 0x87  McodeNullInstruction
Info: ___execute_alu_operation___
Info: 128: Alu!
LOG:Execute     : 0x80  McodeAluInstruction
Info: 129: Null!
LOG:Execute     : 0x81  McodeNullInstruction
Info: 130: Null!
LOG:Execute     : 0x82  McodeNullInstruction
Info: 131: Null!
LOG:Execute     : 0x83  McodeNullInstruction
Info: McodeAccelerator:: 0x3c = DMEM[0x85]

Info: ___execute_load_operation___
Info: 132: Load!
LOG:Execute     : 0x84  McodeLoadInstruction
Info: 133: Null!
LOG:Execute     : 0x85  McodeNullInstruction
Info: 134: Null!
LOG:Execute     : 0x86  McodeNullInstruction
Info: 135: Null!
LOG:Execute     : 0x87  McodeNullInstruction
Info: RunLog[0]: Set_Register(10, 0x7ff0)
LOG:Set_Results  : 0x80  McodeAluInstruction
LOG:Set_Results  : 0x81  McodeNullInstruction
LOG:Set_Results  : 0x82  McodeNullInstruction
LOG:Set_Results  : 0x83  McodeNullInstruction
Info: RunLog[0]: Set_Register(9, 0x3c)
LOG:Set_Results  : 0x84  McodeLoadInstruction
LOG:Set_Results  : 0x85  McodeNullInstruction
LOG:Set_Results  : 0x86  McodeNullInstruction
LOG:Set_Results  : 0x87  McodeNullInstruction
RunLog[0]: l_128 pc=0x80  McodeInstructionBundle
RunLog[0]: 0x80 +           0x7ff8    0xfffffffffffffff8     -> 0x7ff0    
RunLog[0]: 0x81 $null        -> 
RunLog[0]: 0x82 $null        -> 
RunLog[0]: 0x83 $null        -> 
RunLog[0]: 0x84 $ld         0x400    0x28     -> 0x3c    
RunLog[0]: 0x85 $null        -> 
RunLog[0]: 0x86 $null        -> 
RunLog[0]: 0x87 $null        -> 
Info: Tick on thread 0
Info: McodeAccelerator:: 0xe8000000 = IMEM[0x88]
Info: McodeAccelerator:: 0x68000000 = IMEM[0x89]
Info: McodeAccelerator:: 0x68000000 = IMEM[0x8a]
Info: McodeAccelerator:: 0x68000000 = IMEM[0x8b]
Info: McodeAccelerator:: 0x4c8b5400 = IMEM[0x8c]
Info: McodeAccelerator:: 0x68000000 = IMEM[0x8d]
Info: McodeAccelerator:: 0x68000000 = IMEM[0x8e]
Info: McodeAccelerator:: 0x68000000 = IMEM[0x8f]
Info: McodeMachine:Run_Machine PC=0x88
LOG:Get_Operands: 0x88  McodeNullInstruction
LOG:Get_Operands: 0x89  McodeNullInstruction
LOG:Get_Operands: 0x8a  McodeNullInstruction
LOG:Get_Operands: 0x8b  McodeNullInstruction
Info: RunLog[0]: 0x7ff0 = Get_Register(10)

LOG:Get_Operands: 0x8c  McodeLoadInstruction
LOG:Get_Operands: 0x8d  McodeNullInstruction
LOG:Get_Operands: 0x8e  McodeNullInstruction
LOG:Get_Operands: 0x8f  McodeNullInstruction
Info: 136: Null!
LOG:Execute     : 0x88  McodeNullInstruction
Info: 137: Null!
LOG:Execute     : 0x89  McodeNullInstruction
Info: 138: Null!
LOG:Execute     : 0x8a  McodeNullInstruction
Info: 139: Null!
LOG:Execute     : 0x8b  McodeNullInstruction
Info: McodeAccelerator:: 0x3 = DMEM[0xffe]

Info: ___execute_load_operation___
Info: 140: Load!
LOG:Execute     : 0x8c  McodeLoadInstruction
Info: 141: Null!
LOG:Execute     : 0x8d  McodeNullInstruction
Info: 142: Null!
LOG:Execute     : 0x8e  McodeNullInstruction
Info: 143: Null!
LOG:Execute     : 0x8f  McodeNullInstruction
LOG:Set_Results  : 0x88  McodeNullInstruction
LOG:Set_Results  : 0x89  McodeNullInstruction
LOG:Set_Results  : 0x8a  McodeNullInstruction
LOG:Set_Results  : 0x8b  McodeNullInstruction
Info: RunLog[0]: Set_Register(11, 0x3)
LOG:Set_Results  : 0x8c  McodeLoadInstruction
LOG:Set_Results  : 0x8d  McodeNullInstruction
LOG:Set_Results  : 0x8e  McodeNullInstruction
LOG:Set_Results  : 0x8f  McodeNullInstruction
RunLog[0]: l_136 pc=0x88  McodeInstructionBundle
RunLog[0]: 0x88 $null        -> 
RunLog[0]: 0x89 $null        -> 
RunLog[0]: 0x8a $null        -> 
RunLog[0]: 0x8b $null        -> 
RunLog[0]: 0x8c $ld         0x7ff0    0x0     -> 0x3    
RunLog[0]: 0x8d $null        -> 
RunLog[0]: 0x8e $null        -> 
RunLog[0]: 0x8f $null        -> 
Info: Tick on thread 0
Info: McodeAccelerator:: 0x988c5c08 = IMEM[0x90]
Info: McodeAccelerator:: 0x108de400 = IMEM[0x91]
Info: McodeAccelerator:: 0x90996400 = IMEM[0x92]
Info: McodeAccelerator:: 0x9099e019 = IMEM[0x93]
Info: McodeAccelerator:: 0xe8000000 = IMEM[0x94]
Info: McodeAccelerator:: 0x68000000 = IMEM[0x95]
Info: McodeAccelerator:: 0x68000000 = IMEM[0x96]
Info: McodeAccelerator:: 0x68000000 = IMEM[0x97]
Info: McodeMachine:Run_Machine PC=0x90
Info: RunLog[0]: 0x3 = Get_Register(11)

LOG:Get_Operands: 0x90  McodeAluInstruction
Info: RunLog[0]: 0x400 = Get_Register(28)

LOG:Get_Operands: 0x91  McodeAluInstruction
Info: ___execute_alu_operation___
Info: 144: Alu!
LOG:Execute     : 0x90  McodeAluInstruction
Info: ___execute_alu_operation___
Info: 145: Alu!
LOG:Execute     : 0x91  McodeAluInstruction
Info: RunLog[0]: Set_Register(12, 0x18)
LOG:Set_Results  : 0x90  McodeAluInstruction
Info: RunLog[0]: Set_Register(13, 0x400)
LOG:Set_Results  : 0x91  McodeAluInstruction
RunLog[0]: l_144 pc=0x90  McodeInstructionBundle
RunLog[0]: 0x90 *           0x3    0x8     -> 0x18    
RunLog[0]: 0x91 +           0x400    0x0     -> 0x400    
Info: Tick on thread 0
Info: McodeMachine:Run_Machine PC=0x92
Info: RunLog[0]: 0x18 = Get_Register(12)

LOG:Get_Operands: 0x92  McodeAluInstruction
Info: ___execute_alu_operation___
Info: 146: Alu!
LOG:Execute     : 0x92  McodeAluInstruction
Info: RunLog[0]: Set_Register(25, 0x18)
LOG:Set_Results  : 0x92  McodeAluInstruction
RunLog[0]: l_146 pc=0x92  McodeInstructionBundle
RunLog[0]: 0x92 +           0x18    0x0     -> 0x18    
Info: Tick on thread 0
Info: McodeMachine:Run_Machine PC=0x93
Info: RunLog[0]: 0x400 = Get_Register(28)

Info: RunLog[0]: 0x18 = Get_Register(25)

LOG:Get_Operands: 0x93  McodeAluInstruction
Info: ___execute_alu_operation___
Info: 147: Alu!
LOG:Execute     : 0x93  McodeAluInstruction
Info: RunLog[0]: Set_Register(25, 0x418)
LOG:Set_Results  : 0x93  McodeAluInstruction
RunLog[0]: l_147 pc=0x93  McodeInstructionBundle
RunLog[0]: 0x93 +           0x400    0x18     -> 0x418    
Info: Tick on thread 0
Info: McodeMachine:Run_Machine PC=0x94
LOG:Get_Operands: 0x94  McodeNullInstruction
LOG:Get_Operands: 0x95  McodeNullInstruction
LOG:Get_Operands: 0x96  McodeNullInstruction
LOG:Get_Operands: 0x97  McodeNullInstruction
Info: 148: Null!
LOG:Execute     : 0x94  McodeNullInstruction
Info: 149: Null!
LOG:Execute     : 0x95  McodeNullInstruction
Info: 150: Null!
LOG:Execute     : 0x96  McodeNullInstruction
Info: 151: Null!
LOG:Execute     : 0x97  McodeNullInstruction
LOG:Set_Results  : 0x94  McodeNullInstruction
LOG:Set_Results  : 0x95  McodeNullInstruction
LOG:Set_Results  : 0x96  McodeNullInstruction
LOG:Set_Results  : 0x97  McodeNullInstruction
RunLog[0]: l_148 pc=0x94  McodeInstructionBundle
RunLog[0]: 0x94 $null        -> 
RunLog[0]: 0x95 $null        -> 
RunLog[0]: 0x96 $null        -> 
RunLog[0]: 0x97 $null        -> 
Info: Tick on thread 0
Info: McodeAccelerator:: 0xe8000000 = IMEM[0x98]
Info: McodeAccelerator:: 0x68000000 = IMEM[0x99]
Info: McodeAccelerator:: 0x68000000 = IMEM[0x9a]
Info: McodeAccelerator:: 0x68000000 = IMEM[0x9b]
Info: McodeAccelerator:: 0x4c8ecc00 = IMEM[0x9c]
Info: McodeAccelerator:: 0x68000000 = IMEM[0x9d]
Info: McodeAccelerator:: 0x68000000 = IMEM[0x9e]
Info: McodeAccelerator:: 0x68000000 = IMEM[0x9f]
Info: McodeMachine:Run_Machine PC=0x98
LOG:Get_Operands: 0x98  McodeNullInstruction
LOG:Get_Operands: 0x99  McodeNullInstruction
LOG:Get_Operands: 0x9a  McodeNullInstruction
LOG:Get_Operands: 0x9b  McodeNullInstruction
Info: RunLog[0]: 0x418 = Get_Register(25)

LOG:Get_Operands: 0x9c  McodeLoadInstruction
LOG:Get_Operands: 0x9d  McodeNullInstruction
LOG:Get_Operands: 0x9e  McodeNullInstruction
LOG:Get_Operands: 0x9f  McodeNullInstruction
Info: 152: Null!
LOG:Execute     : 0x98  McodeNullInstruction
Info: 153: Null!
LOG:Execute     : 0x99  McodeNullInstruction
Info: 154: Null!
LOG:Execute     : 0x9a  McodeNullInstruction
Info: 155: Null!
LOG:Execute     : 0x9b  McodeNullInstruction
Info: McodeAccelerator:: 0x28 = DMEM[0x83]

Info: ___execute_load_operation___
Info: 156: Load!
LOG:Execute     : 0x9c  McodeLoadInstruction
Info: 157: Null!
LOG:Execute     : 0x9d  McodeNullInstruction
Info: 158: Null!
LOG:Execute     : 0x9e  McodeNullInstruction
Info: 159: Null!
LOG:Execute     : 0x9f  McodeNullInstruction
LOG:Set_Results  : 0x98  McodeNullInstruction
LOG:Set_Results  : 0x99  McodeNullInstruction
LOG:Set_Results  : 0x9a  McodeNullInstruction
LOG:Set_Results  : 0x9b  McodeNullInstruction
Info: RunLog[0]: Set_Register(14, 0x28)
LOG:Set_Results  : 0x9c  McodeLoadInstruction
LOG:Set_Results  : 0x9d  McodeNullInstruction
LOG:Set_Results  : 0x9e  McodeNullInstruction
LOG:Set_Results  : 0x9f  McodeNullInstruction
RunLog[0]: l_152 pc=0x98  McodeInstructionBundle
RunLog[0]: 0x98 $null        -> 
RunLog[0]: 0x99 $null        -> 
RunLog[0]: 0x9a $null        -> 
RunLog[0]: 0x9b $null        -> 
RunLog[0]: 0x9c $ld         0x418    0x0     -> 0x28    
RunLog[0]: 0x9d $null        -> 
RunLog[0]: 0x9e $null        -> 
RunLog[0]: 0x9f $null        -> 
Info: Tick on thread 0
Info: McodeAccelerator:: 0x908f480e = IMEM[0xa0]
Info: McodeAccelerator:: 0xe8000000 = IMEM[0xa1]
Info: McodeAccelerator:: 0xe8000000 = IMEM[0xa2]
Info: McodeAccelerator:: 0x68000000 = IMEM[0xa3]
Info: McodeAccelerator:: 0xe8000000 = IMEM[0xa4]
Info: McodeAccelerator:: 0x68000000 = IMEM[0xa5]
Info: McodeAccelerator:: 0x68000000 = IMEM[0xa6]
Info: McodeAccelerator:: 0x68000000 = IMEM[0xa7]
Info: McodeMachine:Run_Machine PC=0xa0
Info: RunLog[0]: 0x3c = Get_Register(9)

Info: RunLog[0]: 0x28 = Get_Register(14)

LOG:Get_Operands: 0xa0  McodeAluInstruction
Info: ___execute_alu_operation___
Info: 160: Alu!
LOG:Execute     : 0xa0  McodeAluInstruction
Info: RunLog[0]: Set_Register(15, 0x64)
LOG:Set_Results  : 0xa0  McodeAluInstruction
RunLog[0]: l_160 pc=0xa0  McodeInstructionBundle
RunLog[0]: 0xa0 +           0x3c    0x28     -> 0x64    
Info: Tick on thread 0
Info: McodeMachine:Run_Machine PC=0xa1
LOG:Get_Operands: 0xa1  McodeNullInstruction
Info: 161: Null!
LOG:Execute     : 0xa1  McodeNullInstruction
LOG:Set_Results  : 0xa1  McodeNullInstruction
RunLog[0]: l_161 pc=0xa1  McodeInstructionBundle
RunLog[0]: 0xa1 $null        -> 
Info: Tick on thread 0
Info: McodeMachine:Run_Machine PC=0xa2
LOG:Get_Operands: 0xa2  McodeNullInstruction
LOG:Get_Operands: 0xa3  McodeNullInstruction
Info: 162: Null!
LOG:Execute     : 0xa2  McodeNullInstruction
Info: 163: Null!
LOG:Execute     : 0xa3  McodeNullInstruction
LOG:Set_Results  : 0xa2  McodeNullInstruction
LOG:Set_Results  : 0xa3  McodeNullInstruction
RunLog[0]: l_162 pc=0xa2  McodeInstructionBundle
RunLog[0]: 0xa2 $null        -> 
RunLog[0]: 0xa3 $null        -> 
Info: Tick on thread 0
Info: McodeMachine:Run_Machine PC=0xa4
LOG:Get_Operands: 0xa4  McodeNullInstruction
LOG:Get_Operands: 0xa5  McodeNullInstruction
LOG:Get_Operands: 0xa6  McodeNullInstruction
LOG:Get_Operands: 0xa7  McodeNullInstruction
Info: 164: Null!
LOG:Execute     : 0xa4  McodeNullInstruction
Info: 165: Null!
LOG:Execute     : 0xa5  McodeNullInstruction
Info: 166: Null!
LOG:Execute     : 0xa6  McodeNullInstruction
Info: 167: Null!
LOG:Execute     : 0xa7  McodeNullInstruction
LOG:Set_Results  : 0xa4  McodeNullInstruction
LOG:Set_Results  : 0xa5  McodeNullInstruction
LOG:Set_Results  : 0xa6  McodeNullInstruction
LOG:Set_Results  : 0xa7  McodeNullInstruction
RunLog[0]: l_164 pc=0xa4  McodeInstructionBundle
RunLog[0]: 0xa4 $null        -> 
RunLog[0]: 0xa5 $null        -> 
RunLog[0]: 0xa6 $null        -> 
RunLog[0]: 0xa7 $null        -> 
Info: Tick on thread 0
Info: McodeAccelerator:: 0xe8000000 = IMEM[0xa8]
Info: McodeAccelerator:: 0x68000000 = IMEM[0xa9]
Info: McodeAccelerator:: 0x68000000 = IMEM[0xaa]
Info: McodeAccelerator:: 0x68000000 = IMEM[0xab]
Info: McodeAccelerator:: 0x508fe428 = IMEM[0xac]
Info: McodeAccelerator:: 0x68000000 = IMEM[0xad]
Info: McodeAccelerator:: 0x68000000 = IMEM[0xae]
Info: McodeAccelerator:: 0x68000000 = IMEM[0xaf]
Info: McodeMachine:Run_Machine PC=0xa8
LOG:Get_Operands: 0xa8  McodeNullInstruction
LOG:Get_Operands: 0xa9  McodeNullInstruction
LOG:Get_Operands: 0xaa  McodeNullInstruction
LOG:Get_Operands: 0xab  McodeNullInstruction
Info: RunLog[0]: 0x400 = Get_Register(28)

Info: RunLog[0]: 0x64 = Get_Register(15)

LOG:Get_Operands: 0xac  McodeStoreInstruction
LOG:Get_Operands: 0xad  McodeNullInstruction
LOG:Get_Operands: 0xae  McodeNullInstruction
LOG:Get_Operands: 0xaf  McodeNullInstruction
Info: 168: Null!
LOG:Execute     : 0xa8  McodeNullInstruction
Info: 169: Null!
LOG:Execute     : 0xa9  McodeNullInstruction
Info: 170: Null!
LOG:Execute     : 0xaa  McodeNullInstruction
Info: 171: Null!
LOG:Execute     : 0xab  McodeNullInstruction
Info: McodeAccelerator:: DMEM[0x85] = 0x64

Info: ___execute_store_operation___ 
Info: 172: Store!
LOG:Execute     : 0xac  McodeStoreInstruction
Info: 173: Null!
LOG:Execute     : 0xad  McodeNullInstruction
Info: 174: Null!
LOG:Execute     : 0xae  McodeNullInstruction
Info: 175: Null!
LOG:Execute     : 0xaf  McodeNullInstruction
LOG:Set_Results  : 0xa8  McodeNullInstruction
LOG:Set_Results  : 0xa9  McodeNullInstruction
LOG:Set_Results  : 0xaa  McodeNullInstruction
LOG:Set_Results  : 0xab  McodeNullInstruction
LOG:Set_Results  : 0xac  McodeStoreInstruction
LOG:Set_Results  : 0xad  McodeNullInstruction
LOG:Set_Results  : 0xae  McodeNullInstruction
LOG:Set_Results  : 0xaf  McodeNullInstruction
RunLog[0]: l_168 pc=0xa8  McodeInstructionBundle
RunLog[0]: 0xa8 $null        -> 
RunLog[0]: 0xa9 $null        -> 
RunLog[0]: 0xaa $null        -> 
RunLog[0]: 0xab $null        -> 
RunLog[0]: 0xac $st         0x400    0x28    0x64     -> 
RunLog[0]: 0xad $null        -> 
RunLog[0]: 0xae $null        -> 
RunLog[0]: 0xaf $null        -> 
Info: Tick on thread 0
Info: McodeAccelerator:: 0x9090d7f8 = IMEM[0xb0]
Info: McodeAccelerator:: 0xe8000000 = IMEM[0xb1]
Info: McodeAccelerator:: 0xe8000000 = IMEM[0xb2]
Info: McodeAccelerator:: 0x68000000 = IMEM[0xb3]
Info: McodeAccelerator:: 0xe8000000 = IMEM[0xb4]
Info: McodeAccelerator:: 0x68000000 = IMEM[0xb5]
Info: McodeAccelerator:: 0x68000000 = IMEM[0xb6]
Info: McodeAccelerator:: 0x68000000 = IMEM[0xb7]
Info: McodeMachine:Run_Machine PC=0xb0
Info: RunLog[0]: 0x7ff8 = Get_Register(26)

LOG:Get_Operands: 0xb0  McodeAluInstruction
Info: ___execute_alu_operation___
Info: 176: Alu!
LOG:Execute     : 0xb0  McodeAluInstruction
Info: RunLog[0]: Set_Register(16, 0x7ff0)
LOG:Set_Results  : 0xb0  McodeAluInstruction
RunLog[0]: l_176 pc=0xb0  McodeInstructionBundle
RunLog[0]: 0xb0 +           0x7ff8    0xfffffffffffffff8     -> 0x7ff0    
Info: Tick on thread 0
Info: McodeMachine:Run_Machine PC=0xb1
LOG:Get_Operands: 0xb1  McodeNullInstruction
Info: 177: Null!
LOG:Execute     : 0xb1  McodeNullInstruction
LOG:Set_Results  : 0xb1  McodeNullInstruction
RunLog[0]: l_177 pc=0xb1  McodeInstructionBundle
RunLog[0]: 0xb1 $null        -> 
Info: Tick on thread 0
Info: McodeMachine:Run_Machine PC=0xb2
LOG:Get_Operands: 0xb2  McodeNullInstruction
LOG:Get_Operands: 0xb3  McodeNullInstruction
Info: 178: Null!
LOG:Execute     : 0xb2  McodeNullInstruction
Info: 179: Null!
LOG:Execute     : 0xb3  McodeNullInstruction
LOG:Set_Results  : 0xb2  McodeNullInstruction
LOG:Set_Results  : 0xb3  McodeNullInstruction
RunLog[0]: l_178 pc=0xb2  McodeInstructionBundle
RunLog[0]: 0xb2 $null        -> 
RunLog[0]: 0xb3 $null        -> 
Info: Tick on thread 0
Info: McodeMachine:Run_Machine PC=0xb4
LOG:Get_Operands: 0xb4  McodeNullInstruction
LOG:Get_Operands: 0xb5  McodeNullInstruction
LOG:Get_Operands: 0xb6  McodeNullInstruction
LOG:Get_Operands: 0xb7  McodeNullInstruction
Info: 180: Null!
LOG:Execute     : 0xb4  McodeNullInstruction
Info: 181: Null!
LOG:Execute     : 0xb5  McodeNullInstruction
Info: 182: Null!
LOG:Execute     : 0xb6  McodeNullInstruction
Info: 183: Null!
LOG:Execute     : 0xb7  McodeNullInstruction
LOG:Set_Results  : 0xb4  McodeNullInstruction
LOG:Set_Results  : 0xb5  McodeNullInstruction
LOG:Set_Results  : 0xb6  McodeNullInstruction
LOG:Set_Results  : 0xb7  McodeNullInstruction
RunLog[0]: l_180 pc=0xb4  McodeInstructionBundle
RunLog[0]: 0xb4 $null        -> 
RunLog[0]: 0xb5 $null        -> 
RunLog[0]: 0xb6 $null        -> 
RunLog[0]: 0xb7 $null        -> 
Info: Tick on thread 0
Info: McodeAccelerator:: 0xe8000000 = IMEM[0xb8]
Info: McodeAccelerator:: 0x68000000 = IMEM[0xb9]
Info: McodeAccelerator:: 0x68000000 = IMEM[0xba]
Info: McodeAccelerator:: 0x68000000 = IMEM[0xbb]
Info: McodeAccelerator:: 0x4c918400 = IMEM[0xbc]
Info: McodeAccelerator:: 0x68000000 = IMEM[0xbd]
Info: McodeAccelerator:: 0x68000000 = IMEM[0xbe]
Info: McodeAccelerator:: 0x68000000 = IMEM[0xbf]
Info: McodeMachine:Run_Machine PC=0xb8
LOG:Get_Operands: 0xb8  McodeNullInstruction
LOG:Get_Operands: 0xb9  McodeNullInstruction
LOG:Get_Operands: 0xba  McodeNullInstruction
LOG:Get_Operands: 0xbb  McodeNullInstruction
Info: RunLog[0]: 0x7ff0 = Get_Register(16)

LOG:Get_Operands: 0xbc  McodeLoadInstruction
LOG:Get_Operands: 0xbd  McodeNullInstruction
LOG:Get_Operands: 0xbe  McodeNullInstruction
LOG:Get_Operands: 0xbf  McodeNullInstruction
Info: 184: Null!
LOG:Execute     : 0xb8  McodeNullInstruction
Info: 185: Null!
LOG:Execute     : 0xb9  McodeNullInstruction
Info: 186: Null!
LOG:Execute     : 0xba  McodeNullInstruction
Info: 187: Null!
LOG:Execute     : 0xbb  McodeNullInstruction
Info: McodeAccelerator:: 0x3 = DMEM[0xffe]

Info: ___execute_load_operation___
Info: 188: Load!
LOG:Execute     : 0xbc  McodeLoadInstruction
Info: 189: Null!
LOG:Execute     : 0xbd  McodeNullInstruction
Info: 190: Null!
LOG:Execute     : 0xbe  McodeNullInstruction
Info: 191: Null!
LOG:Execute     : 0xbf  McodeNullInstruction
LOG:Set_Results  : 0xb8  McodeNullInstruction
LOG:Set_Results  : 0xb9  McodeNullInstruction
LOG:Set_Results  : 0xba  McodeNullInstruction
LOG:Set_Results  : 0xbb  McodeNullInstruction
Info: RunLog[0]: Set_Register(17, 0x3)
LOG:Set_Results  : 0xbc  McodeLoadInstruction
LOG:Set_Results  : 0xbd  McodeNullInstruction
LOG:Set_Results  : 0xbe  McodeNullInstruction
LOG:Set_Results  : 0xbf  McodeNullInstruction
RunLog[0]: l_184 pc=0xb8  McodeInstructionBundle
RunLog[0]: 0xb8 $null        -> 
RunLog[0]: 0xb9 $null        -> 
RunLog[0]: 0xba $null        -> 
RunLog[0]: 0xbb $null        -> 
RunLog[0]: 0xbc $ld         0x7ff0    0x0     -> 0x3    
RunLog[0]: 0xbd $null        -> 
RunLog[0]: 0xbe $null        -> 
RunLog[0]: 0xbf $null        -> 
Info: Tick on thread 0
Info: McodeAccelerator:: 0x90920011 = IMEM[0xc0]
Info: McodeAccelerator:: 0x10938c01 = IMEM[0xc1]
Info: McodeAccelerator:: 0x1094d7f8 = IMEM[0xc2]
Info: McodeAccelerator:: 0x68000000 = IMEM[0xc3]
Info: McodeAccelerator:: 0xe8000000 = IMEM[0xc4]
Info: McodeAccelerator:: 0x68000000 = IMEM[0xc5]
Info: McodeAccelerator:: 0x68000000 = IMEM[0xc6]
Info: McodeAccelerator:: 0x68000000 = IMEM[0xc7]
Info: McodeMachine:Run_Machine PC=0xc0
Info: RunLog[0]: 0x0 = Get_Register(0)

Info: RunLog[0]: 0x3 = Get_Register(17)

LOG:Get_Operands: 0xc0  McodeAluInstruction
Info: RunLog[0]: 0x3 = Get_Register(17)

LOG:Get_Operands: 0xc1  McodeAluInstruction
Info: RunLog[0]: 0x7ff8 = Get_Register(26)

LOG:Get_Operands: 0xc2  McodeAluInstruction
LOG:Get_Operands: 0xc3  McodeNullInstruction
Info: ___execute_alu_operation___
Info: 192: Alu!
LOG:Execute     : 0xc0  McodeAluInstruction
Info: ___execute_alu_operation___
Info: 193: Alu!
LOG:Execute     : 0xc1  McodeAluInstruction
Info: ___execute_alu_operation___
Info: 194: Alu!
LOG:Execute     : 0xc2  McodeAluInstruction
Info: 195: Null!
LOG:Execute     : 0xc3  McodeNullInstruction
Info: RunLog[0]: Set_Register(18, 0x3)
LOG:Set_Results  : 0xc0  McodeAluInstruction
Info: RunLog[0]: Set_Register(19, 0x4)
LOG:Set_Results  : 0xc1  McodeAluInstruction
Info: RunLog[0]: Set_Register(20, 0x7ff0)
LOG:Set_Results  : 0xc2  McodeAluInstruction
LOG:Set_Results  : 0xc3  McodeNullInstruction
RunLog[0]: l_192 pc=0xc0  McodeInstructionBundle
RunLog[0]: 0xc0 +           0x0    0x3     -> 0x3    
RunLog[0]: 0xc1 +           0x3    0x1     -> 0x4    
RunLog[0]: 0xc2 +           0x7ff8    0xfffffffffffffff8     -> 0x7ff0    
RunLog[0]: 0xc3 $null        -> 
Info: Tick on thread 0
Info: McodeMachine:Run_Machine PC=0xc4
LOG:Get_Operands: 0xc4  McodeNullInstruction
LOG:Get_Operands: 0xc5  McodeNullInstruction
LOG:Get_Operands: 0xc6  McodeNullInstruction
LOG:Get_Operands: 0xc7  McodeNullInstruction
Info: 196: Null!
LOG:Execute     : 0xc4  McodeNullInstruction
Info: 197: Null!
LOG:Execute     : 0xc5  McodeNullInstruction
Info: 198: Null!
LOG:Execute     : 0xc6  McodeNullInstruction
Info: 199: Null!
LOG:Execute     : 0xc7  McodeNullInstruction
LOG:Set_Results  : 0xc4  McodeNullInstruction
LOG:Set_Results  : 0xc5  McodeNullInstruction
LOG:Set_Results  : 0xc6  McodeNullInstruction
LOG:Set_Results  : 0xc7  McodeNullInstruction
RunLog[0]: l_196 pc=0xc4  McodeInstructionBundle
RunLog[0]: 0xc4 $null        -> 
RunLog[0]: 0xc5 $null        -> 
RunLog[0]: 0xc6 $null        -> 
RunLog[0]: 0xc7 $null        -> 
Info: Tick on thread 0
Info: McodeAccelerator:: 0x8911f218 = IMEM[0xc8]
Info: McodeAccelerator:: 0x68000000 = IMEM[0xc9]
Info: McodeAccelerator:: 0x68000000 = IMEM[0xca]
Info: McodeAccelerator:: 0x68000000 = IMEM[0xcb]
Info: McodeAccelerator:: 0x5093a400 = IMEM[0xcc]
Info: McodeAccelerator:: 0x68000000 = IMEM[0xcd]
Info: McodeAccelerator:: 0x68000000 = IMEM[0xce]
Info: McodeAccelerator:: 0x68000000 = IMEM[0xcf]
Info: McodeMachine:Run_Machine PC=0xc8
Info: RunLog[0]: 0x1 = Get_Register(24)

LOG:Get_Operands: 0xc8  McodeBranchInstruction
LOG:Get_Operands: 0xc9  McodeNullInstruction
LOG:Get_Operands: 0xca  McodeNullInstruction
LOG:Get_Operands: 0xcb  McodeNullInstruction
Info: RunLog[0]: 0x7ff0 = Get_Register(20)

Info: RunLog[0]: 0x4 = Get_Register(19)

LOG:Get_Operands: 0xcc  McodeStoreInstruction
LOG:Get_Operands: 0xcd  McodeNullInstruction
LOG:Get_Operands: 0xce  McodeNullInstruction
LOG:Get_Operands: 0xcf  McodeNullInstruction
Info: ___execute_branch_operation___
Info: 200: Branch!
LOG:Execute     : 0xc8  McodeBranchInstruction
Info: 201: Null!
LOG:Execute     : 0xc9  McodeNullInstruction
Info: 202: Null!
LOG:Execute     : 0xca  McodeNullInstruction
Info: 203: Null!
LOG:Execute     : 0xcb  McodeNullInstruction
Info: McodeAccelerator:: DMEM[0xffe] = 0x4

Info: ___execute_store_operation___ 
Info: 204: Store!
LOG:Execute     : 0xcc  McodeStoreInstruction
Info: 205: Null!
LOG:Execute     : 0xcd  McodeNullInstruction
Info: 206: Null!
LOG:Execute     : 0xce  McodeNullInstruction
Info: 207: Null!
LOG:Execute     : 0xcf  McodeNullInstruction
LOG:Set_Results  : 0xc8  McodeBranchInstruction
LOG:Set_Results  : 0xc9  McodeNullInstruction
LOG:Set_Results  : 0xca  McodeNullInstruction
LOG:Set_Results  : 0xcb  McodeNullInstruction
LOG:Set_Results  : 0xcc  McodeStoreInstruction
LOG:Set_Results  : 0xcd  McodeNullInstruction
LOG:Set_Results  : 0xce  McodeNullInstruction
LOG:Set_Results  : 0xcf  McodeNullInstruction
RunLog[0]: l_200 pc=0xc8  McodeInstructionBundle
RunLog[0]: 0xc8 $branch     0x1     ->   npc=0x58
RunLog[0]: 0xc9 $null        -> 
RunLog[0]: 0xca $null        -> 
RunLog[0]: 0xcb $null        -> 
RunLog[0]: 0xcc $st         0x7ff0    0x0    0x4     -> 
RunLog[0]: 0xcd $null        -> 
RunLog[0]: 0xce $null        -> 
RunLog[0]: 0xcf $null        -> 
Info: Tick on thread 0
Info: McodeAccelerator:: 0x9087d7f8 = IMEM[0x58]
Info: McodeAccelerator:: 0xe8000000 = IMEM[0x59]
Info: McodeAccelerator:: 0xe8000000 = IMEM[0x5a]
Info: McodeAccelerator:: 0x68000000 = IMEM[0x5b]
Info: McodeAccelerator:: 0xe8000000 = IMEM[0x5c]
Info: McodeAccelerator:: 0x68000000 = IMEM[0x5d]
Info: McodeAccelerator:: 0x68000000 = IMEM[0x5e]
Info: McodeAccelerator:: 0x68000000 = IMEM[0x5f]
Info: McodeMachine:Run_Machine PC=0x58
Info: RunLog[0]: 0x7ff8 = Get_Register(26)

LOG:Get_Operands: 0x58  McodeAluInstruction
Info: ___execute_alu_operation___
Info: 88: Alu!
LOG:Execute     : 0x58  McodeAluInstruction
Info: RunLog[0]: Set_Register(7, 0x7ff0)
LOG:Set_Results  : 0x58  McodeAluInstruction
RunLog[0]: l_88 pc=0x58  McodeInstructionBundle
RunLog[0]: 0x58 +           0x7ff8    0xfffffffffffffff8     -> 0x7ff0    
Info: Tick on thread 0
Info: McodeMachine:Run_Machine PC=0x59
LOG:Get_Operands: 0x59  McodeNullInstruction
Info: 89: Null!
LOG:Execute     : 0x59  McodeNullInstruction
LOG:Set_Results  : 0x59  McodeNullInstruction
RunLog[0]: l_89 pc=0x59  McodeInstructionBundle
RunLog[0]: 0x59 $null        -> 
Info: Tick on thread 0
Info: McodeMachine:Run_Machine PC=0x5a
LOG:Get_Operands: 0x5a  McodeNullInstruction
LOG:Get_Operands: 0x5b  McodeNullInstruction
Info: 90: Null!
LOG:Execute     : 0x5a  McodeNullInstruction
Info: 91: Null!
LOG:Execute     : 0x5b  McodeNullInstruction
LOG:Set_Results  : 0x5a  McodeNullInstruction
LOG:Set_Results  : 0x5b  McodeNullInstruction
RunLog[0]: l_90 pc=0x5a  McodeInstructionBundle
RunLog[0]: 0x5a $null        -> 
RunLog[0]: 0x5b $null        -> 
Info: Tick on thread 0
Info: McodeMachine:Run_Machine PC=0x5c
LOG:Get_Operands: 0x5c  McodeNullInstruction
LOG:Get_Operands: 0x5d  McodeNullInstruction
LOG:Get_Operands: 0x5e  McodeNullInstruction
LOG:Get_Operands: 0x5f  McodeNullInstruction
Info: 92: Null!
LOG:Execute     : 0x5c  McodeNullInstruction
Info: 93: Null!
LOG:Execute     : 0x5d  McodeNullInstruction
Info: 94: Null!
LOG:Execute     : 0x5e  McodeNullInstruction
Info: 95: Null!
LOG:Execute     : 0x5f  McodeNullInstruction
LOG:Set_Results  : 0x5c  McodeNullInstruction
LOG:Set_Results  : 0x5d  McodeNullInstruction
LOG:Set_Results  : 0x5e  McodeNullInstruction
LOG:Set_Results  : 0x5f  McodeNullInstruction
RunLog[0]: l_92 pc=0x5c  McodeInstructionBundle
RunLog[0]: 0x5c $null        -> 
RunLog[0]: 0x5d $null        -> 
RunLog[0]: 0x5e $null        -> 
RunLog[0]: 0x5f $null        -> 
Info: Tick on thread 0
Info: McodeAccelerator:: 0x90990405 = IMEM[0x60]
Info: McodeAccelerator:: 0x68000000 = IMEM[0x61]
Info: McodeAccelerator:: 0x68000000 = IMEM[0x62]
Info: McodeAccelerator:: 0x68000000 = IMEM[0x63]
Info: McodeAccelerator:: 0x4c883c00 = IMEM[0x64]
Info: McodeAccelerator:: 0x68000000 = IMEM[0x65]
Info: McodeAccelerator:: 0x68000000 = IMEM[0x66]
Info: McodeAccelerator:: 0x68000000 = IMEM[0x67]
Info: McodeMachine:Run_Machine PC=0x60
Info: RunLog[0]: 0x0 = Get_Register(0)

LOG:Get_Operands: 0x60  McodeAluInstruction
LOG:Get_Operands: 0x61  McodeNullInstruction
LOG:Get_Operands: 0x62  McodeNullInstruction
LOG:Get_Operands: 0x63  McodeNullInstruction
Info: RunLog[0]: 0x7ff0 = Get_Register(7)

LOG:Get_Operands: 0x64  McodeLoadInstruction
LOG:Get_Operands: 0x65  McodeNullInstruction
LOG:Get_Operands: 0x66  McodeNullInstruction
LOG:Get_Operands: 0x67  McodeNullInstruction
Info: ___execute_alu_operation___
Info: 96: Alu!
LOG:Execute     : 0x60  McodeAluInstruction
Info: 97: Null!
LOG:Execute     : 0x61  McodeNullInstruction
Info: 98: Null!
LOG:Execute     : 0x62  McodeNullInstruction
Info: 99: Null!
LOG:Execute     : 0x63  McodeNullInstruction
Info: McodeAccelerator:: 0x4 = DMEM[0xffe]

Info: ___execute_load_operation___
Info: 100: Load!
LOG:Execute     : 0x64  McodeLoadInstruction
Info: 101: Null!
LOG:Execute     : 0x65  McodeNullInstruction
Info: 102: Null!
LOG:Execute     : 0x66  McodeNullInstruction
Info: 103: Null!
LOG:Execute     : 0x67  McodeNullInstruction
Info: RunLog[0]: Set_Register(25, 0x5)
LOG:Set_Results  : 0x60  McodeAluInstruction
LOG:Set_Results  : 0x61  McodeNullInstruction
LOG:Set_Results  : 0x62  McodeNullInstruction
LOG:Set_Results  : 0x63  McodeNullInstruction
Info: RunLog[0]: Set_Register(8, 0x4)
LOG:Set_Results  : 0x64  McodeLoadInstruction
LOG:Set_Results  : 0x65  McodeNullInstruction
LOG:Set_Results  : 0x66  McodeNullInstruction
LOG:Set_Results  : 0x67  McodeNullInstruction
RunLog[0]: l_96 pc=0x60  McodeInstructionBundle
RunLog[0]: 0x60 +           0x0    0x5     -> 0x5    
RunLog[0]: 0x61 $null        -> 
RunLog[0]: 0x62 $null        -> 
RunLog[0]: 0x63 $null        -> 
RunLog[0]: 0x64 $ld         0x7ff0    0x0     -> 0x4    
RunLog[0]: 0x65 $null        -> 
RunLog[0]: 0x66 $null        -> 
RunLog[0]: 0x67 $null        -> 
Info: Tick on thread 0
Info: McodeAccelerator:: 0x9499c808 = IMEM[0x68]
Info: McodeAccelerator:: 0xe8000000 = IMEM[0x69]
Info: McodeAccelerator:: 0xe8000000 = IMEM[0x6a]
Info: McodeAccelerator:: 0x68000000 = IMEM[0x6b]
Info: McodeAccelerator:: 0xe8000000 = IMEM[0x6c]
Info: McodeAccelerator:: 0x68000000 = IMEM[0x6d]
Info: McodeAccelerator:: 0x68000000 = IMEM[0x6e]
Info: McodeAccelerator:: 0x68000000 = IMEM[0x6f]
Info: McodeMachine:Run_Machine PC=0x68
Info: RunLog[0]: 0x5 = Get_Register(25)

Info: RunLog[0]: 0x4 = Get_Register(8)

LOG:Get_Operands: 0x68  McodeAluInstruction
Info: ___execute_alu_operation___
Info: 104: Alu!
LOG:Execute     : 0x68  McodeAluInstruction
Info: RunLog[0]: Set_Register(25, 0x1)
LOG:Set_Results  : 0x68  McodeAluInstruction
RunLog[0]: l_104 pc=0x68  McodeInstructionBundle
RunLog[0]: 0x68 -           0x5    0x4     -> 0x1    
Info: Tick on thread 0
Info: McodeMachine:Run_Machine PC=0x69
LOG:Get_Operands: 0x69  McodeNullInstruction
Info: 105: Null!
LOG:Execute     : 0x69  McodeNullInstruction
LOG:Set_Results  : 0x69  McodeNullInstruction
RunLog[0]: l_105 pc=0x69  McodeInstructionBundle
RunLog[0]: 0x69 $null        -> 
Info: Tick on thread 0
Info: McodeMachine:Run_Machine PC=0x6a
LOG:Get_Operands: 0x6a  McodeNullInstruction
LOG:Get_Operands: 0x6b  McodeNullInstruction
Info: 106: Null!
LOG:Execute     : 0x6a  McodeNullInstruction
Info: 107: Null!
LOG:Execute     : 0x6b  McodeNullInstruction
LOG:Set_Results  : 0x6a  McodeNullInstruction
LOG:Set_Results  : 0x6b  McodeNullInstruction
RunLog[0]: l_106 pc=0x6a  McodeInstructionBundle
RunLog[0]: 0x6a $null        -> 
RunLog[0]: 0x6b $null        -> 
Info: Tick on thread 0
Info: McodeMachine:Run_Machine PC=0x6c
LOG:Get_Operands: 0x6c  McodeNullInstruction
LOG:Get_Operands: 0x6d  McodeNullInstruction
LOG:Get_Operands: 0x6e  McodeNullInstruction
LOG:Get_Operands: 0x6f  McodeNullInstruction
Info: 108: Null!
LOG:Execute     : 0x6c  McodeNullInstruction
Info: 109: Null!
LOG:Execute     : 0x6d  McodeNullInstruction
Info: 110: Null!
LOG:Execute     : 0x6e  McodeNullInstruction
Info: 111: Null!
LOG:Execute     : 0x6f  McodeNullInstruction
LOG:Set_Results  : 0x6c  McodeNullInstruction
LOG:Set_Results  : 0x6d  McodeNullInstruction
LOG:Set_Results  : 0x6e  McodeNullInstruction
LOG:Set_Results  : 0x6f  McodeNullInstruction
RunLog[0]: l_108 pc=0x6c  McodeInstructionBundle
RunLog[0]: 0x6c $null        -> 
RunLog[0]: 0x6d $null        -> 
RunLog[0]: 0x6e $null        -> 
RunLog[0]: 0x6f $null        -> 
Info: Tick on thread 0
Info: McodeAccelerator:: 0x89100219 = IMEM[0x70]
Info: McodeAccelerator:: 0x68000000 = IMEM[0x71]
Info: McodeAccelerator:: 0x68000000 = IMEM[0x72]
Info: McodeAccelerator:: 0x68000000 = IMEM[0x73]
Info: McodeAccelerator:: 0x68000000 = IMEM[0x74]
Info: McodeAccelerator:: 0x68000000 = IMEM[0x75]
Info: McodeAccelerator:: 0x68000000 = IMEM[0x76]
Info: McodeAccelerator:: 0x68000000 = IMEM[0x77]
Info: McodeMachine:Run_Machine PC=0x70
Info: RunLog[0]: 0x1 = Get_Register(25)

LOG:Get_Operands: 0x70  McodeBranchInstruction
LOG:Get_Operands: 0x71  McodeNullInstruction
LOG:Get_Operands: 0x72  McodeNullInstruction
LOG:Get_Operands: 0x73  McodeNullInstruction
LOG:Get_Operands: 0x74  McodeNullInstruction
LOG:Get_Operands: 0x75  McodeNullInstruction
LOG:Get_Operands: 0x76  McodeNullInstruction
LOG:Get_Operands: 0x77  McodeNullInstruction
Info: ___execute_branch_operation___
Info: 112: Branch!
LOG:Execute     : 0x70  McodeBranchInstruction
Info: 113: Null!
LOG:Execute     : 0x71  McodeNullInstruction
Info: 114: Null!
LOG:Execute     : 0x72  McodeNullInstruction
Info: 115: Null!
LOG:Execute     : 0x73  McodeNullInstruction
Info: 116: Null!
LOG:Execute     : 0x74  McodeNullInstruction
Info: 117: Null!
LOG:Execute     : 0x75  McodeNullInstruction
Info: 118: Null!
LOG:Execute     : 0x76  McodeNullInstruction
Info: 119: Null!
LOG:Execute     : 0x77  McodeNullInstruction
LOG:Set_Results  : 0x70  McodeBranchInstruction
LOG:Set_Results  : 0x71  McodeNullInstruction
LOG:Set_Results  : 0x72  McodeNullInstruction
LOG:Set_Results  : 0x73  McodeNullInstruction
LOG:Set_Results  : 0x74  McodeNullInstruction
LOG:Set_Results  : 0x75  McodeNullInstruction
LOG:Set_Results  : 0x76  McodeNullInstruction
LOG:Set_Results  : 0x77  McodeNullInstruction
RunLog[0]: l_112 pc=0x70  McodeInstructionBundle
RunLog[0]: 0x70 $branch     0x1     ->   npc=0x80
RunLog[0]: 0x71 $null        -> 
RunLog[0]: 0x72 $null        -> 
RunLog[0]: 0x73 $null        -> 
RunLog[0]: 0x74 $null        -> 
RunLog[0]: 0x75 $null        -> 
RunLog[0]: 0x76 $null        -> 
RunLog[0]: 0x77 $null        -> 
Info: Tick on thread 0
Info: McodeAccelerator:: 0x908ad7f8 = IMEM[0x80]
Info: McodeAccelerator:: 0x68000000 = IMEM[0x81]
Info: McodeAccelerator:: 0x68000000 = IMEM[0x82]
Info: McodeAccelerator:: 0x68000000 = IMEM[0x83]
Info: McodeAccelerator:: 0x4c89e428 = IMEM[0x84]
Info: McodeAccelerator:: 0x68000000 = IMEM[0x85]
Info: McodeAccelerator:: 0x68000000 = IMEM[0x86]
Info: McodeAccelerator:: 0x68000000 = IMEM[0x87]
Info: McodeMachine:Run_Machine PC=0x80
Info: RunLog[0]: 0x7ff8 = Get_Register(26)

LOG:Get_Operands: 0x80  McodeAluInstruction
LOG:Get_Operands: 0x81  McodeNullInstruction
LOG:Get_Operands: 0x82  McodeNullInstruction
LOG:Get_Operands: 0x83  McodeNullInstruction
Info: RunLog[0]: 0x400 = Get_Register(28)

LOG:Get_Operands: 0x84  McodeLoadInstruction
LOG:Get_Operands: 0x85  McodeNullInstruction
LOG:Get_Operands: 0x86  McodeNullInstruction
LOG:Get_Operands: 0x87  McodeNullInstruction
Info: ___execute_alu_operation___
Info: 128: Alu!
LOG:Execute     : 0x80  McodeAluInstruction
Info: 129: Null!
LOG:Execute     : 0x81  McodeNullInstruction
Info: 130: Null!
LOG:Execute     : 0x82  McodeNullInstruction
Info: 131: Null!
LOG:Execute     : 0x83  McodeNullInstruction
Info: McodeAccelerator:: 0x64 = DMEM[0x85]

Info: ___execute_load_operation___
Info: 132: Load!
LOG:Execute     : 0x84  McodeLoadInstruction
Info: 133: Null!
LOG:Execute     : 0x85  McodeNullInstruction
Info: 134: Null!
LOG:Execute     : 0x86  McodeNullInstruction
Info: 135: Null!
LOG:Execute     : 0x87  McodeNullInstruction
Info: RunLog[0]: Set_Register(10, 0x7ff0)
LOG:Set_Results  : 0x80  McodeAluInstruction
LOG:Set_Results  : 0x81  McodeNullInstruction
LOG:Set_Results  : 0x82  McodeNullInstruction
LOG:Set_Results  : 0x83  McodeNullInstruction
Info: RunLog[0]: Set_Register(9, 0x64)
LOG:Set_Results  : 0x84  McodeLoadInstruction
LOG:Set_Results  : 0x85  McodeNullInstruction
LOG:Set_Results  : 0x86  McodeNullInstruction
LOG:Set_Results  : 0x87  McodeNullInstruction
RunLog[0]: l_128 pc=0x80  McodeInstructionBundle
RunLog[0]: 0x80 +           0x7ff8    0xfffffffffffffff8     -> 0x7ff0    
RunLog[0]: 0x81 $null        -> 
RunLog[0]: 0x82 $null        -> 
RunLog[0]: 0x83 $null        -> 
RunLog[0]: 0x84 $ld         0x400    0x28     -> 0x64    
RunLog[0]: 0x85 $null        -> 
RunLog[0]: 0x86 $null        -> 
RunLog[0]: 0x87 $null        -> 
Info: Tick on thread 0
Info: McodeAccelerator:: 0xe8000000 = IMEM[0x88]
Info: McodeAccelerator:: 0x68000000 = IMEM[0x89]
Info: McodeAccelerator:: 0x68000000 = IMEM[0x8a]
Info: McodeAccelerator:: 0x68000000 = IMEM[0x8b]
Info: McodeAccelerator:: 0x4c8b5400 = IMEM[0x8c]
Info: McodeAccelerator:: 0x68000000 = IMEM[0x8d]
Info: McodeAccelerator:: 0x68000000 = IMEM[0x8e]
Info: McodeAccelerator:: 0x68000000 = IMEM[0x8f]
Info: McodeMachine:Run_Machine PC=0x88
LOG:Get_Operands: 0x88  McodeNullInstruction
LOG:Get_Operands: 0x89  McodeNullInstruction
LOG:Get_Operands: 0x8a  McodeNullInstruction
LOG:Get_Operands: 0x8b  McodeNullInstruction
Info: RunLog[0]: 0x7ff0 = Get_Register(10)

LOG:Get_Operands: 0x8c  McodeLoadInstruction
LOG:Get_Operands: 0x8d  McodeNullInstruction
LOG:Get_Operands: 0x8e  McodeNullInstruction
LOG:Get_Operands: 0x8f  McodeNullInstruction
Info: 136: Null!
LOG:Execute     : 0x88  McodeNullInstruction
Info: 137: Null!
LOG:Execute     : 0x89  McodeNullInstruction
Info: 138: Null!
LOG:Execute     : 0x8a  McodeNullInstruction
Info: 139: Null!
LOG:Execute     : 0x8b  McodeNullInstruction
Info: McodeAccelerator:: 0x4 = DMEM[0xffe]

Info: ___execute_load_operation___
Info: 140: Load!
LOG:Execute     : 0x8c  McodeLoadInstruction
Info: 141: Null!
LOG:Execute     : 0x8d  McodeNullInstruction
Info: 142: Null!
LOG:Execute     : 0x8e  McodeNullInstruction
Info: 143: Null!
LOG:Execute     : 0x8f  McodeNullInstruction
LOG:Set_Results  : 0x88  McodeNullInstruction
LOG:Set_Results  : 0x89  McodeNullInstruction
LOG:Set_Results  : 0x8a  McodeNullInstruction
LOG:Set_Results  : 0x8b  McodeNullInstruction
Info: RunLog[0]: Set_Register(11, 0x4)
LOG:Set_Results  : 0x8c  McodeLoadInstruction
LOG:Set_Results  : 0x8d  McodeNullInstruction
LOG:Set_Results  : 0x8e  McodeNullInstruction
LOG:Set_Results  : 0x8f  McodeNullInstruction
RunLog[0]: l_136 pc=0x88  McodeInstructionBundle
RunLog[0]: 0x88 $null        -> 
RunLog[0]: 0x89 $null        -> 
RunLog[0]: 0x8a $null        -> 
RunLog[0]: 0x8b $null        -> 
RunLog[0]: 0x8c $ld         0x7ff0    0x0     -> 0x4    
RunLog[0]: 0x8d $null        -> 
RunLog[0]: 0x8e $null        -> 
RunLog[0]: 0x8f $null        -> 
Info: Tick on thread 0
Info: McodeAccelerator:: 0x988c5c08 = IMEM[0x90]
Info: McodeAccelerator:: 0x108de400 = IMEM[0x91]
Info: McodeAccelerator:: 0x90996400 = IMEM[0x92]
Info: McodeAccelerator:: 0x9099e019 = IMEM[0x93]
Info: McodeAccelerator:: 0xe8000000 = IMEM[0x94]
Info: McodeAccelerator:: 0x68000000 = IMEM[0x95]
Info: McodeAccelerator:: 0x68000000 = IMEM[0x96]
Info: McodeAccelerator:: 0x68000000 = IMEM[0x97]
Info: McodeMachine:Run_Machine PC=0x90
Info: RunLog[0]: 0x4 = Get_Register(11)

LOG:Get_Operands: 0x90  McodeAluInstruction
Info: RunLog[0]: 0x400 = Get_Register(28)

LOG:Get_Operands: 0x91  McodeAluInstruction
Info: ___execute_alu_operation___
Info: 144: Alu!
LOG:Execute     : 0x90  McodeAluInstruction
Info: ___execute_alu_operation___
Info: 145: Alu!
LOG:Execute     : 0x91  McodeAluInstruction
Info: RunLog[0]: Set_Register(12, 0x20)
LOG:Set_Results  : 0x90  McodeAluInstruction
Info: RunLog[0]: Set_Register(13, 0x400)
LOG:Set_Results  : 0x91  McodeAluInstruction
RunLog[0]: l_144 pc=0x90  McodeInstructionBundle
RunLog[0]: 0x90 *           0x4    0x8     -> 0x20    
RunLog[0]: 0x91 +           0x400    0x0     -> 0x400    
Info: Tick on thread 0
Info: McodeMachine:Run_Machine PC=0x92
Info: RunLog[0]: 0x20 = Get_Register(12)

LOG:Get_Operands: 0x92  McodeAluInstruction
Info: ___execute_alu_operation___
Info: 146: Alu!
LOG:Execute     : 0x92  McodeAluInstruction
Info: RunLog[0]: Set_Register(25, 0x20)
LOG:Set_Results  : 0x92  McodeAluInstruction
RunLog[0]: l_146 pc=0x92  McodeInstructionBundle
RunLog[0]: 0x92 +           0x20    0x0     -> 0x20    
Info: Tick on thread 0
Info: McodeMachine:Run_Machine PC=0x93
Info: RunLog[0]: 0x400 = Get_Register(28)

Info: RunLog[0]: 0x20 = Get_Register(25)

LOG:Get_Operands: 0x93  McodeAluInstruction
Info: ___execute_alu_operation___
Info: 147: Alu!
LOG:Execute     : 0x93  McodeAluInstruction
Info: RunLog[0]: Set_Register(25, 0x420)
LOG:Set_Results  : 0x93  McodeAluInstruction
RunLog[0]: l_147 pc=0x93  McodeInstructionBundle
RunLog[0]: 0x93 +           0x400    0x20     -> 0x420    
Info: Tick on thread 0
Info: McodeMachine:Run_Machine PC=0x94
LOG:Get_Operands: 0x94  McodeNullInstruction
LOG:Get_Operands: 0x95  McodeNullInstruction
LOG:Get_Operands: 0x96  McodeNullInstruction
LOG:Get_Operands: 0x97  McodeNullInstruction
Info: 148: Null!
LOG:Execute     : 0x94  McodeNullInstruction
Info: 149: Null!
LOG:Execute     : 0x95  McodeNullInstruction
Info: 150: Null!
LOG:Execute     : 0x96  McodeNullInstruction
Info: 151: Null!
LOG:Execute     : 0x97  McodeNullInstruction
LOG:Set_Results  : 0x94  McodeNullInstruction
LOG:Set_Results  : 0x95  McodeNullInstruction
LOG:Set_Results  : 0x96  McodeNullInstruction
LOG:Set_Results  : 0x97  McodeNullInstruction
RunLog[0]: l_148 pc=0x94  McodeInstructionBundle
RunLog[0]: 0x94 $null        -> 
RunLog[0]: 0x95 $null        -> 
RunLog[0]: 0x96 $null        -> 
RunLog[0]: 0x97 $null        -> 
Info: Tick on thread 0
Info: McodeAccelerator:: 0xe8000000 = IMEM[0x98]
Info: McodeAccelerator:: 0x68000000 = IMEM[0x99]
Info: McodeAccelerator:: 0x68000000 = IMEM[0x9a]
Info: McodeAccelerator:: 0x68000000 = IMEM[0x9b]
Info: McodeAccelerator:: 0x4c8ecc00 = IMEM[0x9c]
Info: McodeAccelerator:: 0x68000000 = IMEM[0x9d]
Info: McodeAccelerator:: 0x68000000 = IMEM[0x9e]
Info: McodeAccelerator:: 0x68000000 = IMEM[0x9f]
Info: McodeMachine:Run_Machine PC=0x98
LOG:Get_Operands: 0x98  McodeNullInstruction
LOG:Get_Operands: 0x99  McodeNullInstruction
LOG:Get_Operands: 0x9a  McodeNullInstruction
LOG:Get_Operands: 0x9b  McodeNullInstruction
Info: RunLog[0]: 0x420 = Get_Register(25)

LOG:Get_Operands: 0x9c  McodeLoadInstruction
LOG:Get_Operands: 0x9d  McodeNullInstruction
LOG:Get_Operands: 0x9e  McodeNullInstruction
LOG:Get_Operands: 0x9f  McodeNullInstruction
Info: 152: Null!
LOG:Execute     : 0x98  McodeNullInstruction
Info: 153: Null!
LOG:Execute     : 0x99  McodeNullInstruction
Info: 154: Null!
LOG:Execute     : 0x9a  McodeNullInstruction
Info: 155: Null!
LOG:Execute     : 0x9b  McodeNullInstruction
Info: McodeAccelerator:: 0x32 = DMEM[0x84]

Info: ___execute_load_operation___
Info: 156: Load!
LOG:Execute     : 0x9c  McodeLoadInstruction
Info: 157: Null!
LOG:Execute     : 0x9d  McodeNullInstruction
Info: 158: Null!
LOG:Execute     : 0x9e  McodeNullInstruction
Info: 159: Null!
LOG:Execute     : 0x9f  McodeNullInstruction
LOG:Set_Results  : 0x98  McodeNullInstruction
LOG:Set_Results  : 0x99  McodeNullInstruction
LOG:Set_Results  : 0x9a  McodeNullInstruction
LOG:Set_Results  : 0x9b  McodeNullInstruction
Info: RunLog[0]: Set_Register(14, 0x32)
LOG:Set_Results  : 0x9c  McodeLoadInstruction
LOG:Set_Results  : 0x9d  McodeNullInstruction
LOG:Set_Results  : 0x9e  McodeNullInstruction
LOG:Set_Results  : 0x9f  McodeNullInstruction
RunLog[0]: l_152 pc=0x98  McodeInstructionBundle
RunLog[0]: 0x98 $null        -> 
RunLog[0]: 0x99 $null        -> 
RunLog[0]: 0x9a $null        -> 
RunLog[0]: 0x9b $null        -> 
RunLog[0]: 0x9c $ld         0x420    0x0     -> 0x32    
RunLog[0]: 0x9d $null        -> 
RunLog[0]: 0x9e $null        -> 
RunLog[0]: 0x9f $null        -> 
Info: Tick on thread 0
Info: McodeAccelerator:: 0x908f480e = IMEM[0xa0]
Info: McodeAccelerator:: 0xe8000000 = IMEM[0xa1]
Info: McodeAccelerator:: 0xe8000000 = IMEM[0xa2]
Info: McodeAccelerator:: 0x68000000 = IMEM[0xa3]
Info: McodeAccelerator:: 0xe8000000 = IMEM[0xa4]
Info: McodeAccelerator:: 0x68000000 = IMEM[0xa5]
Info: McodeAccelerator:: 0x68000000 = IMEM[0xa6]
Info: McodeAccelerator:: 0x68000000 = IMEM[0xa7]
Info: McodeMachine:Run_Machine PC=0xa0
Info: RunLog[0]: 0x64 = Get_Register(9)

Info: RunLog[0]: 0x32 = Get_Register(14)

LOG:Get_Operands: 0xa0  McodeAluInstruction
Info: ___execute_alu_operation___
Info: 160: Alu!
LOG:Execute     : 0xa0  McodeAluInstruction
Info: RunLog[0]: Set_Register(15, 0x96)
LOG:Set_Results  : 0xa0  McodeAluInstruction
RunLog[0]: l_160 pc=0xa0  McodeInstructionBundle
RunLog[0]: 0xa0 +           0x64    0x32     -> 0x96    
Info: Tick on thread 0
Info: McodeMachine:Run_Machine PC=0xa1
LOG:Get_Operands: 0xa1  McodeNullInstruction
Info: 161: Null!
LOG:Execute     : 0xa1  McodeNullInstruction
LOG:Set_Results  : 0xa1  McodeNullInstruction
RunLog[0]: l_161 pc=0xa1  McodeInstructionBundle
RunLog[0]: 0xa1 $null        -> 
Info: Tick on thread 0
Info: McodeMachine:Run_Machine PC=0xa2
LOG:Get_Operands: 0xa2  McodeNullInstruction
LOG:Get_Operands: 0xa3  McodeNullInstruction
Info: 162: Null!
LOG:Execute     : 0xa2  McodeNullInstruction
Info: 163: Null!
LOG:Execute     : 0xa3  McodeNullInstruction
LOG:Set_Results  : 0xa2  McodeNullInstruction
LOG:Set_Results  : 0xa3  McodeNullInstruction
RunLog[0]: l_162 pc=0xa2  McodeInstructionBundle
RunLog[0]: 0xa2 $null        -> 
RunLog[0]: 0xa3 $null        -> 
Info: Tick on thread 0
Info: McodeMachine:Run_Machine PC=0xa4
LOG:Get_Operands: 0xa4  McodeNullInstruction
LOG:Get_Operands: 0xa5  McodeNullInstruction
LOG:Get_Operands: 0xa6  McodeNullInstruction
LOG:Get_Operands: 0xa7  McodeNullInstruction
Info: 164: Null!
LOG:Execute     : 0xa4  McodeNullInstruction
Info: 165: Null!
LOG:Execute     : 0xa5  McodeNullInstruction
Info: 166: Null!
LOG:Execute     : 0xa6  McodeNullInstruction
Info: 167: Null!
LOG:Execute     : 0xa7  McodeNullInstruction
LOG:Set_Results  : 0xa4  McodeNullInstruction
LOG:Set_Results  : 0xa5  McodeNullInstruction
LOG:Set_Results  : 0xa6  McodeNullInstruction
LOG:Set_Results  : 0xa7  McodeNullInstruction
RunLog[0]: l_164 pc=0xa4  McodeInstructionBundle
RunLog[0]: 0xa4 $null        -> 
RunLog[0]: 0xa5 $null        -> 
RunLog[0]: 0xa6 $null        -> 
RunLog[0]: 0xa7 $null        -> 
Info: Tick on thread 0
Info: McodeAccelerator:: 0xe8000000 = IMEM[0xa8]
Info: McodeAccelerator:: 0x68000000 = IMEM[0xa9]
Info: McodeAccelerator:: 0x68000000 = IMEM[0xaa]
Info: McodeAccelerator:: 0x68000000 = IMEM[0xab]
Info: McodeAccelerator:: 0x508fe428 = IMEM[0xac]
Info: McodeAccelerator:: 0x68000000 = IMEM[0xad]
Info: McodeAccelerator:: 0x68000000 = IMEM[0xae]
Info: McodeAccelerator:: 0x68000000 = IMEM[0xaf]
Info: McodeMachine:Run_Machine PC=0xa8
LOG:Get_Operands: 0xa8  McodeNullInstruction
LOG:Get_Operands: 0xa9  McodeNullInstruction
LOG:Get_Operands: 0xaa  McodeNullInstruction
LOG:Get_Operands: 0xab  McodeNullInstruction
Info: RunLog[0]: 0x400 = Get_Register(28)

Info: RunLog[0]: 0x96 = Get_Register(15)

LOG:Get_Operands: 0xac  McodeStoreInstruction
LOG:Get_Operands: 0xad  McodeNullInstruction
LOG:Get_Operands: 0xae  McodeNullInstruction
LOG:Get_Operands: 0xaf  McodeNullInstruction
Info: 168: Null!
LOG:Execute     : 0xa8  McodeNullInstruction
Info: 169: Null!
LOG:Execute     : 0xa9  McodeNullInstruction
Info: 170: Null!
LOG:Execute     : 0xaa  McodeNullInstruction
Info: 171: Null!
LOG:Execute     : 0xab  McodeNullInstruction
Info: McodeAccelerator:: DMEM[0x85] = 0x96

Info: ___execute_store_operation___ 
Info: 172: Store!
LOG:Execute     : 0xac  McodeStoreInstruction
Info: 173: Null!
LOG:Execute     : 0xad  McodeNullInstruction
Info: 174: Null!
LOG:Execute     : 0xae  McodeNullInstruction
Info: 175: Null!
LOG:Execute     : 0xaf  McodeNullInstruction
LOG:Set_Results  : 0xa8  McodeNullInstruction
LOG:Set_Results  : 0xa9  McodeNullInstruction
LOG:Set_Results  : 0xaa  McodeNullInstruction
LOG:Set_Results  : 0xab  McodeNullInstruction
LOG:Set_Results  : 0xac  McodeStoreInstruction
LOG:Set_Results  : 0xad  McodeNullInstruction
LOG:Set_Results  : 0xae  McodeNullInstruction
LOG:Set_Results  : 0xaf  McodeNullInstruction
RunLog[0]: l_168 pc=0xa8  McodeInstructionBundle
RunLog[0]: 0xa8 $null        -> 
RunLog[0]: 0xa9 $null        -> 
RunLog[0]: 0xaa $null        -> 
RunLog[0]: 0xab $null        -> 
RunLog[0]: 0xac $st         0x400    0x28    0x96     -> 
RunLog[0]: 0xad $null        -> 
RunLog[0]: 0xae $null        -> 
RunLog[0]: 0xaf $null        -> 
Info: Tick on thread 0
Info: McodeAccelerator:: 0x9090d7f8 = IMEM[0xb0]
Info: McodeAccelerator:: 0xe8000000 = IMEM[0xb1]
Info: McodeAccelerator:: 0xe8000000 = IMEM[0xb2]
Info: McodeAccelerator:: 0x68000000 = IMEM[0xb3]
Info: McodeAccelerator:: 0xe8000000 = IMEM[0xb4]
Info: McodeAccelerator:: 0x68000000 = IMEM[0xb5]
Info: McodeAccelerator:: 0x68000000 = IMEM[0xb6]
Info: McodeAccelerator:: 0x68000000 = IMEM[0xb7]
Info: McodeMachine:Run_Machine PC=0xb0
Info: RunLog[0]: 0x7ff8 = Get_Register(26)

LOG:Get_Operands: 0xb0  McodeAluInstruction
Info: ___execute_alu_operation___
Info: 176: Alu!
LOG:Execute     : 0xb0  McodeAluInstruction
Info: RunLog[0]: Set_Register(16, 0x7ff0)
LOG:Set_Results  : 0xb0  McodeAluInstruction
RunLog[0]: l_176 pc=0xb0  McodeInstructionBundle
RunLog[0]: 0xb0 +           0x7ff8    0xfffffffffffffff8     -> 0x7ff0    
Info: Tick on thread 0
Info: McodeMachine:Run_Machine PC=0xb1
LOG:Get_Operands: 0xb1  McodeNullInstruction
Info: 177: Null!
LOG:Execute     : 0xb1  McodeNullInstruction
LOG:Set_Results  : 0xb1  McodeNullInstruction
RunLog[0]: l_177 pc=0xb1  McodeInstructionBundle
RunLog[0]: 0xb1 $null        -> 
Info: Tick on thread 0
Info: McodeMachine:Run_Machine PC=0xb2
LOG:Get_Operands: 0xb2  McodeNullInstruction
LOG:Get_Operands: 0xb3  McodeNullInstruction
Info: 178: Null!
LOG:Execute     : 0xb2  McodeNullInstruction
Info: 179: Null!
LOG:Execute     : 0xb3  McodeNullInstruction
LOG:Set_Results  : 0xb2  McodeNullInstruction
LOG:Set_Results  : 0xb3  McodeNullInstruction
RunLog[0]: l_178 pc=0xb2  McodeInstructionBundle
RunLog[0]: 0xb2 $null        -> 
RunLog[0]: 0xb3 $null        -> 
Info: Tick on thread 0
Info: McodeMachine:Run_Machine PC=0xb4
LOG:Get_Operands: 0xb4  McodeNullInstruction
LOG:Get_Operands: 0xb5  McodeNullInstruction
LOG:Get_Operands: 0xb6  McodeNullInstruction
LOG:Get_Operands: 0xb7  McodeNullInstruction
Info: 180: Null!
LOG:Execute     : 0xb4  McodeNullInstruction
Info: 181: Null!
LOG:Execute     : 0xb5  McodeNullInstruction
Info: 182: Null!
LOG:Execute     : 0xb6  McodeNullInstruction
Info: 183: Null!
LOG:Execute     : 0xb7  McodeNullInstruction
LOG:Set_Results  : 0xb4  McodeNullInstruction
LOG:Set_Results  : 0xb5  McodeNullInstruction
LOG:Set_Results  : 0xb6  McodeNullInstruction
LOG:Set_Results  : 0xb7  McodeNullInstruction
RunLog[0]: l_180 pc=0xb4  McodeInstructionBundle
RunLog[0]: 0xb4 $null        -> 
RunLog[0]: 0xb5 $null        -> 
RunLog[0]: 0xb6 $null        -> 
RunLog[0]: 0xb7 $null        -> 
Info: Tick on thread 0
Info: McodeAccelerator:: 0xe8000000 = IMEM[0xb8]
Info: McodeAccelerator:: 0x68000000 = IMEM[0xb9]
Info: McodeAccelerator:: 0x68000000 = IMEM[0xba]
Info: McodeAccelerator:: 0x68000000 = IMEM[0xbb]
Info: McodeAccelerator:: 0x4c918400 = IMEM[0xbc]
Info: McodeAccelerator:: 0x68000000 = IMEM[0xbd]
Info: McodeAccelerator:: 0x68000000 = IMEM[0xbe]
Info: McodeAccelerator:: 0x68000000 = IMEM[0xbf]
Info: McodeMachine:Run_Machine PC=0xb8
LOG:Get_Operands: 0xb8  McodeNullInstruction
LOG:Get_Operands: 0xb9  McodeNullInstruction
LOG:Get_Operands: 0xba  McodeNullInstruction
LOG:Get_Operands: 0xbb  McodeNullInstruction
Info: RunLog[0]: 0x7ff0 = Get_Register(16)

LOG:Get_Operands: 0xbc  McodeLoadInstruction
LOG:Get_Operands: 0xbd  McodeNullInstruction
LOG:Get_Operands: 0xbe  McodeNullInstruction
LOG:Get_Operands: 0xbf  McodeNullInstruction
Info: 184: Null!
LOG:Execute     : 0xb8  McodeNullInstruction
Info: 185: Null!
LOG:Execute     : 0xb9  McodeNullInstruction
Info: 186: Null!
LOG:Execute     : 0xba  McodeNullInstruction
Info: 187: Null!
LOG:Execute     : 0xbb  McodeNullInstruction
Info: McodeAccelerator:: 0x4 = DMEM[0xffe]

Info: ___execute_load_operation___
Info: 188: Load!
LOG:Execute     : 0xbc  McodeLoadInstruction
Info: 189: Null!
LOG:Execute     : 0xbd  McodeNullInstruction
Info: 190: Null!
LOG:Execute     : 0xbe  McodeNullInstruction
Info: 191: Null!
LOG:Execute     : 0xbf  McodeNullInstruction
LOG:Set_Results  : 0xb8  McodeNullInstruction
LOG:Set_Results  : 0xb9  McodeNullInstruction
LOG:Set_Results  : 0xba  McodeNullInstruction
LOG:Set_Results  : 0xbb  McodeNullInstruction
Info: RunLog[0]: Set_Register(17, 0x4)
LOG:Set_Results  : 0xbc  McodeLoadInstruction
LOG:Set_Results  : 0xbd  McodeNullInstruction
LOG:Set_Results  : 0xbe  McodeNullInstruction
LOG:Set_Results  : 0xbf  McodeNullInstruction
RunLog[0]: l_184 pc=0xb8  McodeInstructionBundle
RunLog[0]: 0xb8 $null        -> 
RunLog[0]: 0xb9 $null        -> 
RunLog[0]: 0xba $null        -> 
RunLog[0]: 0xbb $null        -> 
RunLog[0]: 0xbc $ld         0x7ff0    0x0     -> 0x4    
RunLog[0]: 0xbd $null        -> 
RunLog[0]: 0xbe $null        -> 
RunLog[0]: 0xbf $null        -> 
Info: Tick on thread 0
Info: McodeAccelerator:: 0x90920011 = IMEM[0xc0]
Info: McodeAccelerator:: 0x10938c01 = IMEM[0xc1]
Info: McodeAccelerator:: 0x1094d7f8 = IMEM[0xc2]
Info: McodeAccelerator:: 0x68000000 = IMEM[0xc3]
Info: McodeAccelerator:: 0xe8000000 = IMEM[0xc4]
Info: McodeAccelerator:: 0x68000000 = IMEM[0xc5]
Info: McodeAccelerator:: 0x68000000 = IMEM[0xc6]
Info: McodeAccelerator:: 0x68000000 = IMEM[0xc7]
Info: McodeMachine:Run_Machine PC=0xc0
Info: RunLog[0]: 0x0 = Get_Register(0)

Info: RunLog[0]: 0x4 = Get_Register(17)

LOG:Get_Operands: 0xc0  McodeAluInstruction
Info: RunLog[0]: 0x4 = Get_Register(17)

LOG:Get_Operands: 0xc1  McodeAluInstruction
Info: RunLog[0]: 0x7ff8 = Get_Register(26)

LOG:Get_Operands: 0xc2  McodeAluInstruction
LOG:Get_Operands: 0xc3  McodeNullInstruction
Info: ___execute_alu_operation___
Info: 192: Alu!
LOG:Execute     : 0xc0  McodeAluInstruction
Info: ___execute_alu_operation___
Info: 193: Alu!
LOG:Execute     : 0xc1  McodeAluInstruction
Info: ___execute_alu_operation___
Info: 194: Alu!
LOG:Execute     : 0xc2  McodeAluInstruction
Info: 195: Null!
LOG:Execute     : 0xc3  McodeNullInstruction
Info: RunLog[0]: Set_Register(18, 0x4)
LOG:Set_Results  : 0xc0  McodeAluInstruction
Info: RunLog[0]: Set_Register(19, 0x5)
LOG:Set_Results  : 0xc1  McodeAluInstruction
Info: RunLog[0]: Set_Register(20, 0x7ff0)
LOG:Set_Results  : 0xc2  McodeAluInstruction
LOG:Set_Results  : 0xc3  McodeNullInstruction
RunLog[0]: l_192 pc=0xc0  McodeInstructionBundle
RunLog[0]: 0xc0 +           0x0    0x4     -> 0x4    
RunLog[0]: 0xc1 +           0x4    0x1     -> 0x5    
RunLog[0]: 0xc2 +           0x7ff8    0xfffffffffffffff8     -> 0x7ff0    
RunLog[0]: 0xc3 $null        -> 
Info: Tick on thread 0
Info: McodeMachine:Run_Machine PC=0xc4
LOG:Get_Operands: 0xc4  McodeNullInstruction
LOG:Get_Operands: 0xc5  McodeNullInstruction
LOG:Get_Operands: 0xc6  McodeNullInstruction
LOG:Get_Operands: 0xc7  McodeNullInstruction
Info: 196: Null!
LOG:Execute     : 0xc4  McodeNullInstruction
Info: 197: Null!
LOG:Execute     : 0xc5  McodeNullInstruction
Info: 198: Null!
LOG:Execute     : 0xc6  McodeNullInstruction
Info: 199: Null!
LOG:Execute     : 0xc7  McodeNullInstruction
LOG:Set_Results  : 0xc4  McodeNullInstruction
LOG:Set_Results  : 0xc5  McodeNullInstruction
LOG:Set_Results  : 0xc6  McodeNullInstruction
LOG:Set_Results  : 0xc7  McodeNullInstruction
RunLog[0]: l_196 pc=0xc4  McodeInstructionBundle
RunLog[0]: 0xc4 $null        -> 
RunLog[0]: 0xc5 $null        -> 
RunLog[0]: 0xc6 $null        -> 
RunLog[0]: 0xc7 $null        -> 
Info: Tick on thread 0
Info: McodeAccelerator:: 0x8911f218 = IMEM[0xc8]
Info: McodeAccelerator:: 0x68000000 = IMEM[0xc9]
Info: McodeAccelerator:: 0x68000000 = IMEM[0xca]
Info: McodeAccelerator:: 0x68000000 = IMEM[0xcb]
Info: McodeAccelerator:: 0x5093a400 = IMEM[0xcc]
Info: McodeAccelerator:: 0x68000000 = IMEM[0xcd]
Info: McodeAccelerator:: 0x68000000 = IMEM[0xce]
Info: McodeAccelerator:: 0x68000000 = IMEM[0xcf]
Info: McodeMachine:Run_Machine PC=0xc8
Info: RunLog[0]: 0x1 = Get_Register(24)

LOG:Get_Operands: 0xc8  McodeBranchInstruction
LOG:Get_Operands: 0xc9  McodeNullInstruction
LOG:Get_Operands: 0xca  McodeNullInstruction
LOG:Get_Operands: 0xcb  McodeNullInstruction
Info: RunLog[0]: 0x7ff0 = Get_Register(20)

Info: RunLog[0]: 0x5 = Get_Register(19)

LOG:Get_Operands: 0xcc  McodeStoreInstruction
LOG:Get_Operands: 0xcd  McodeNullInstruction
LOG:Get_Operands: 0xce  McodeNullInstruction
LOG:Get_Operands: 0xcf  McodeNullInstruction
Info: ___execute_branch_operation___
Info: 200: Branch!
LOG:Execute     : 0xc8  McodeBranchInstruction
Info: 201: Null!
LOG:Execute     : 0xc9  McodeNullInstruction
Info: 202: Null!
LOG:Execute     : 0xca  McodeNullInstruction
Info: 203: Null!
LOG:Execute     : 0xcb  McodeNullInstruction
Info: McodeAccelerator:: DMEM[0xffe] = 0x5

Info: ___execute_store_operation___ 
Info: 204: Store!
LOG:Execute     : 0xcc  McodeStoreInstruction
Info: 205: Null!
LOG:Execute     : 0xcd  McodeNullInstruction
Info: 206: Null!
LOG:Execute     : 0xce  McodeNullInstruction
Info: 207: Null!
LOG:Execute     : 0xcf  McodeNullInstruction
LOG:Set_Results  : 0xc8  McodeBranchInstruction
LOG:Set_Results  : 0xc9  McodeNullInstruction
LOG:Set_Results  : 0xca  McodeNullInstruction
LOG:Set_Results  : 0xcb  McodeNullInstruction
LOG:Set_Results  : 0xcc  McodeStoreInstruction
LOG:Set_Results  : 0xcd  McodeNullInstruction
LOG:Set_Results  : 0xce  McodeNullInstruction
LOG:Set_Results  : 0xcf  McodeNullInstruction
RunLog[0]: l_200 pc=0xc8  McodeInstructionBundle
RunLog[0]: 0xc8 $branch     0x1     ->   npc=0x58
RunLog[0]: 0xc9 $null        -> 
RunLog[0]: 0xca $null        -> 
RunLog[0]: 0xcb $null        -> 
RunLog[0]: 0xcc $st         0x7ff0    0x0    0x5     -> 
RunLog[0]: 0xcd $null        -> 
RunLog[0]: 0xce $null        -> 
RunLog[0]: 0xcf $null        -> 
Info: Tick on thread 0
Info: McodeAccelerator:: 0x9087d7f8 = IMEM[0x58]
Info: McodeAccelerator:: 0xe8000000 = IMEM[0x59]
Info: McodeAccelerator:: 0xe8000000 = IMEM[0x5a]
Info: McodeAccelerator:: 0x68000000 = IMEM[0x5b]
Info: McodeAccelerator:: 0xe8000000 = IMEM[0x5c]
Info: McodeAccelerator:: 0x68000000 = IMEM[0x5d]
Info: McodeAccelerator:: 0x68000000 = IMEM[0x5e]
Info: McodeAccelerator:: 0x68000000 = IMEM[0x5f]
Info: McodeMachine:Run_Machine PC=0x58
Info: RunLog[0]: 0x7ff8 = Get_Register(26)

LOG:Get_Operands: 0x58  McodeAluInstruction
Info: ___execute_alu_operation___
Info: 88: Alu!
LOG:Execute     : 0x58  McodeAluInstruction
Info: RunLog[0]: Set_Register(7, 0x7ff0)
LOG:Set_Results  : 0x58  McodeAluInstruction
RunLog[0]: l_88 pc=0x58  McodeInstructionBundle
RunLog[0]: 0x58 +           0x7ff8    0xfffffffffffffff8     -> 0x7ff0    
Info: Tick on thread 0
Info: McodeMachine:Run_Machine PC=0x59
LOG:Get_Operands: 0x59  McodeNullInstruction
Info: 89: Null!
LOG:Execute     : 0x59  McodeNullInstruction
LOG:Set_Results  : 0x59  McodeNullInstruction
RunLog[0]: l_89 pc=0x59  McodeInstructionBundle
RunLog[0]: 0x59 $null        -> 
Info: Tick on thread 0
Info: McodeMachine:Run_Machine PC=0x5a
LOG:Get_Operands: 0x5a  McodeNullInstruction
LOG:Get_Operands: 0x5b  McodeNullInstruction
Info: 90: Null!
LOG:Execute     : 0x5a  McodeNullInstruction
Info: 91: Null!
LOG:Execute     : 0x5b  McodeNullInstruction
LOG:Set_Results  : 0x5a  McodeNullInstruction
LOG:Set_Results  : 0x5b  McodeNullInstruction
RunLog[0]: l_90 pc=0x5a  McodeInstructionBundle
RunLog[0]: 0x5a $null        -> 
RunLog[0]: 0x5b $null        -> 
Info: Tick on thread 0
Info: McodeMachine:Run_Machine PC=0x5c
LOG:Get_Operands: 0x5c  McodeNullInstruction
LOG:Get_Operands: 0x5d  McodeNullInstruction
LOG:Get_Operands: 0x5e  McodeNullInstruction
LOG:Get_Operands: 0x5f  McodeNullInstruction
Info: 92: Null!
LOG:Execute     : 0x5c  McodeNullInstruction
Info: 93: Null!
LOG:Execute     : 0x5d  McodeNullInstruction
Info: 94: Null!
LOG:Execute     : 0x5e  McodeNullInstruction
Info: 95: Null!
LOG:Execute     : 0x5f  McodeNullInstruction
LOG:Set_Results  : 0x5c  McodeNullInstruction
LOG:Set_Results  : 0x5d  McodeNullInstruction
LOG:Set_Results  : 0x5e  McodeNullInstruction
LOG:Set_Results  : 0x5f  McodeNullInstruction
RunLog[0]: l_92 pc=0x5c  McodeInstructionBundle
RunLog[0]: 0x5c $null        -> 
RunLog[0]: 0x5d $null        -> 
RunLog[0]: 0x5e $null        -> 
RunLog[0]: 0x5f $null        -> 
Info: Tick on thread 0
Info: McodeAccelerator:: 0x90990405 = IMEM[0x60]
Info: McodeAccelerator:: 0x68000000 = IMEM[0x61]
Info: McodeAccelerator:: 0x68000000 = IMEM[0x62]
Info: McodeAccelerator:: 0x68000000 = IMEM[0x63]
Info: McodeAccelerator:: 0x4c883c00 = IMEM[0x64]
Info: McodeAccelerator:: 0x68000000 = IMEM[0x65]
Info: McodeAccelerator:: 0x68000000 = IMEM[0x66]
Info: McodeAccelerator:: 0x68000000 = IMEM[0x67]
Info: McodeMachine:Run_Machine PC=0x60
Info: RunLog[0]: 0x0 = Get_Register(0)

LOG:Get_Operands: 0x60  McodeAluInstruction
LOG:Get_Operands: 0x61  McodeNullInstruction
LOG:Get_Operands: 0x62  McodeNullInstruction
LOG:Get_Operands: 0x63  McodeNullInstruction
Info: RunLog[0]: 0x7ff0 = Get_Register(7)

LOG:Get_Operands: 0x64  McodeLoadInstruction
LOG:Get_Operands: 0x65  McodeNullInstruction
LOG:Get_Operands: 0x66  McodeNullInstruction
LOG:Get_Operands: 0x67  McodeNullInstruction
Info: ___execute_alu_operation___
Info: 96: Alu!
LOG:Execute     : 0x60  McodeAluInstruction
Info: 97: Null!
LOG:Execute     : 0x61  McodeNullInstruction
Info: 98: Null!
LOG:Execute     : 0x62  McodeNullInstruction
Info: 99: Null!
LOG:Execute     : 0x63  McodeNullInstruction
Info: McodeAccelerator:: 0x5 = DMEM[0xffe]

Info: ___execute_load_operation___
Info: 100: Load!
LOG:Execute     : 0x64  McodeLoadInstruction
Info: 101: Null!
LOG:Execute     : 0x65  McodeNullInstruction
Info: 102: Null!
LOG:Execute     : 0x66  McodeNullInstruction
Info: 103: Null!
LOG:Execute     : 0x67  McodeNullInstruction
Info: RunLog[0]: Set_Register(25, 0x5)
LOG:Set_Results  : 0x60  McodeAluInstruction
LOG:Set_Results  : 0x61  McodeNullInstruction
LOG:Set_Results  : 0x62  McodeNullInstruction
LOG:Set_Results  : 0x63  McodeNullInstruction
Info: RunLog[0]: Set_Register(8, 0x5)
LOG:Set_Results  : 0x64  McodeLoadInstruction
LOG:Set_Results  : 0x65  McodeNullInstruction
LOG:Set_Results  : 0x66  McodeNullInstruction
LOG:Set_Results  : 0x67  McodeNullInstruction
RunLog[0]: l_96 pc=0x60  McodeInstructionBundle
RunLog[0]: 0x60 +           0x0    0x5     -> 0x5    
RunLog[0]: 0x61 $null        -> 
RunLog[0]: 0x62 $null        -> 
RunLog[0]: 0x63 $null        -> 
RunLog[0]: 0x64 $ld         0x7ff0    0x0     -> 0x5    
RunLog[0]: 0x65 $null        -> 
RunLog[0]: 0x66 $null        -> 
RunLog[0]: 0x67 $null        -> 
Info: Tick on thread 0
Info: McodeAccelerator:: 0x9499c808 = IMEM[0x68]
Info: McodeAccelerator:: 0xe8000000 = IMEM[0x69]
Info: McodeAccelerator:: 0xe8000000 = IMEM[0x6a]
Info: McodeAccelerator:: 0x68000000 = IMEM[0x6b]
Info: McodeAccelerator:: 0xe8000000 = IMEM[0x6c]
Info: McodeAccelerator:: 0x68000000 = IMEM[0x6d]
Info: McodeAccelerator:: 0x68000000 = IMEM[0x6e]
Info: McodeAccelerator:: 0x68000000 = IMEM[0x6f]
Info: McodeMachine:Run_Machine PC=0x68
Info: RunLog[0]: 0x5 = Get_Register(25)

Info: RunLog[0]: 0x5 = Get_Register(8)

LOG:Get_Operands: 0x68  McodeAluInstruction
Info: ___execute_alu_operation___
Info: 104: Alu!
LOG:Execute     : 0x68  McodeAluInstruction
Info: RunLog[0]: Set_Register(25, 0x0)
LOG:Set_Results  : 0x68  McodeAluInstruction
RunLog[0]: l_104 pc=0x68  McodeInstructionBundle
RunLog[0]: 0x68 -           0x5    0x5     -> 0x0    
Info: Tick on thread 0
Info: McodeMachine:Run_Machine PC=0x69
LOG:Get_Operands: 0x69  McodeNullInstruction
Info: 105: Null!
LOG:Execute     : 0x69  McodeNullInstruction
LOG:Set_Results  : 0x69  McodeNullInstruction
RunLog[0]: l_105 pc=0x69  McodeInstructionBundle
RunLog[0]: 0x69 $null        -> 
Info: Tick on thread 0
Info: McodeMachine:Run_Machine PC=0x6a
LOG:Get_Operands: 0x6a  McodeNullInstruction
LOG:Get_Operands: 0x6b  McodeNullInstruction
Info: 106: Null!
LOG:Execute     : 0x6a  McodeNullInstruction
Info: 107: Null!
LOG:Execute     : 0x6b  McodeNullInstruction
LOG:Set_Results  : 0x6a  McodeNullInstruction
LOG:Set_Results  : 0x6b  McodeNullInstruction
RunLog[0]: l_106 pc=0x6a  McodeInstructionBundle
RunLog[0]: 0x6a $null        -> 
RunLog[0]: 0x6b $null        -> 
Info: Tick on thread 0
Info: McodeMachine:Run_Machine PC=0x6c
LOG:Get_Operands: 0x6c  McodeNullInstruction
LOG:Get_Operands: 0x6d  McodeNullInstruction
LOG:Get_Operands: 0x6e  McodeNullInstruction
LOG:Get_Operands: 0x6f  McodeNullInstruction
Info: 108: Null!
LOG:Execute     : 0x6c  McodeNullInstruction
Info: 109: Null!
LOG:Execute     : 0x6d  McodeNullInstruction
Info: 110: Null!
LOG:Execute     : 0x6e  McodeNullInstruction
Info: 111: Null!
LOG:Execute     : 0x6f  McodeNullInstruction
LOG:Set_Results  : 0x6c  McodeNullInstruction
LOG:Set_Results  : 0x6d  McodeNullInstruction
LOG:Set_Results  : 0x6e  McodeNullInstruction
LOG:Set_Results  : 0x6f  McodeNullInstruction
RunLog[0]: l_108 pc=0x6c  McodeInstructionBundle
RunLog[0]: 0x6c $null        -> 
RunLog[0]: 0x6d $null        -> 
RunLog[0]: 0x6e $null        -> 
RunLog[0]: 0x6f $null        -> 
Info: Tick on thread 0
Info: McodeAccelerator:: 0x89100219 = IMEM[0x70]
Info: McodeAccelerator:: 0x68000000 = IMEM[0x71]
Info: McodeAccelerator:: 0x68000000 = IMEM[0x72]
Info: McodeAccelerator:: 0x68000000 = IMEM[0x73]
Info: McodeAccelerator:: 0x68000000 = IMEM[0x74]
Info: McodeAccelerator:: 0x68000000 = IMEM[0x75]
Info: McodeAccelerator:: 0x68000000 = IMEM[0x76]
Info: McodeAccelerator:: 0x68000000 = IMEM[0x77]
Info: McodeMachine:Run_Machine PC=0x70
Info: RunLog[0]: 0x0 = Get_Register(25)

LOG:Get_Operands: 0x70  McodeBranchInstruction
LOG:Get_Operands: 0x71  McodeNullInstruction
LOG:Get_Operands: 0x72  McodeNullInstruction
LOG:Get_Operands: 0x73  McodeNullInstruction
LOG:Get_Operands: 0x74  McodeNullInstruction
LOG:Get_Operands: 0x75  McodeNullInstruction
LOG:Get_Operands: 0x76  McodeNullInstruction
LOG:Get_Operands: 0x77  McodeNullInstruction
Info: ___execute_branch_operation___
Info: 112: Branch!
LOG:Execute     : 0x70  McodeBranchInstruction
Info: 113: Null!
LOG:Execute     : 0x71  McodeNullInstruction
Info: 114: Null!
LOG:Execute     : 0x72  McodeNullInstruction
Info: 115: Null!
LOG:Execute     : 0x73  McodeNullInstruction
Info: 116: Null!
LOG:Execute     : 0x74  McodeNullInstruction
Info: 117: Null!
LOG:Execute     : 0x75  McodeNullInstruction
Info: 118: Null!
LOG:Execute     : 0x76  McodeNullInstruction
Info: 119: Null!
LOG:Execute     : 0x77  McodeNullInstruction
LOG:Set_Results  : 0x70  McodeBranchInstruction
LOG:Set_Results  : 0x71  McodeNullInstruction
LOG:Set_Results  : 0x72  McodeNullInstruction
LOG:Set_Results  : 0x73  McodeNullInstruction
LOG:Set_Results  : 0x74  McodeNullInstruction
LOG:Set_Results  : 0x75  McodeNullInstruction
LOG:Set_Results  : 0x76  McodeNullInstruction
LOG:Set_Results  : 0x77  McodeNullInstruction
RunLog[0]: l_112 pc=0x70  McodeInstructionBundle
RunLog[0]: 0x70 $branch     0x0     ->   npc=0x78
RunLog[0]: 0x71 $null        -> 
RunLog[0]: 0x72 $null        -> 
RunLog[0]: 0x73 $null        -> 
RunLog[0]: 0x74 $null        -> 
RunLog[0]: 0x75 $null        -> 
RunLog[0]: 0x76 $null        -> 
RunLog[0]: 0x77 $null        -> 
Info: Tick on thread 0
Info: McodeAccelerator:: 0x89100b18 = IMEM[0x78]
Info: McodeAccelerator:: 0x68000000 = IMEM[0x79]
Info: McodeAccelerator:: 0x68000000 = IMEM[0x7a]
Info: McodeAccelerator:: 0x68000000 = IMEM[0x7b]
Info: McodeAccelerator:: 0x68000000 = IMEM[0x7c]
Info: McodeAccelerator:: 0x68000000 = IMEM[0x7d]
Info: McodeAccelerator:: 0x68000000 = IMEM[0x7e]
Info: McodeAccelerator:: 0x68000000 = IMEM[0x7f]
Info: McodeMachine:Run_Machine PC=0x78
Info: McodeMachine:Run_Machine: new bundle pc=0x78 (size=8)
Info: RunLog[0]: 0x1 = Get_Register(24)

LOG:Get_Operands: 0x78  McodeBranchInstruction
LOG:Get_Operands: 0x79  McodeNullInstruction
LOG:Get_Operands: 0x7a  McodeNullInstruction
LOG:Get_Operands: 0x7b  McodeNullInstruction
LOG:Get_Operands: 0x7c  McodeNullInstruction
LOG:Get_Operands: 0x7d  McodeNullInstruction
LOG:Get_Operands: 0x7e  McodeNullInstruction
LOG:Get_Operands: 0x7f  McodeNullInstruction
Info: ___execute_branch_operation___
Info: 120: Branch!
LOG:Execute     : 0x78  McodeBranchInstruction
Info: 121: Null!
LOG:Execute     : 0x79  McodeNullInstruction
Info: 122: Null!
LOG:Execute     : 0x7a  McodeNullInstruction
Info: 123: Null!
LOG:Execute     : 0x7b  McodeNullInstruction
Info: 124: Null!
LOG:Execute     : 0x7c  McodeNullInstruction
Info: 125: Null!
LOG:Execute     : 0x7d  McodeNullInstruction
Info: 126: Null!
LOG:Execute     : 0x7e  McodeNullInstruction
Info: 127: Null!
LOG:Execute     : 0x7f  McodeNullInstruction
LOG:Set_Results  : 0x78  McodeBranchInstruction
LOG:Set_Results  : 0x79  McodeNullInstruction
LOG:Set_Results  : 0x7a  McodeNullInstruction
LOG:Set_Results  : 0x7b  McodeNullInstruction
LOG:Set_Results  : 0x7c  McodeNullInstruction
LOG:Set_Results  : 0x7d  McodeNullInstruction
LOG:Set_Results  : 0x7e  McodeNullInstruction
LOG:Set_Results  : 0x7f  McodeNullInstruction
RunLog[0]: l_120 pc=0x78  McodeInstructionBundle
RunLog[0]: 0x78 $branch     0x1     ->   npc=0xd0
RunLog[0]: 0x79 $null        -> 
RunLog[0]: 0x7a $null        -> 
RunLog[0]: 0x7b $null        -> 
RunLog[0]: 0x7c $null        -> 
RunLog[0]: 0x7d $null        -> 
RunLog[0]: 0x7e $null        -> 
RunLog[0]: 0x7f $null        -> 
Info: Tick on thread 0
Info: McodeAccelerator:: 0xe8000000 = IMEM[0xd0]
Info: McodeAccelerator:: 0x68000000 = IMEM[0xd1]
Info: McodeAccelerator:: 0x68000000 = IMEM[0xd2]
Info: McodeAccelerator:: 0x68000000 = IMEM[0xd3]
Info: McodeAccelerator:: 0x4c95e428 = IMEM[0xd4]
Info: McodeAccelerator:: 0x68000000 = IMEM[0xd5]
Info: McodeAccelerator:: 0x68000000 = IMEM[0xd6]
Info: McodeAccelerator:: 0x68000000 = IMEM[0xd7]
Info: McodeMachine:Run_Machine PC=0xd0
Info: McodeMachine:Run_Machine: new bundle pc=0xd0 (size=8)
LOG:Get_Operands: 0xd0  McodeNullInstruction
LOG:Get_Operands: 0xd1  McodeNullInstruction
LOG:Get_Operands: 0xd2  McodeNullInstruction
LOG:Get_Operands: 0xd3  McodeNullInstruction
Info: RunLog[0]: 0x400 = Get_Register(28)

LOG:Get_Operands: 0xd4  McodeLoadInstruction
LOG:Get_Operands: 0xd5  McodeNullInstruction
LOG:Get_Operands: 0xd6  McodeNullInstruction
LOG:Get_Operands: 0xd7  McodeNullInstruction
Info: 208: Null!
LOG:Execute     : 0xd0  McodeNullInstruction
Info: 209: Null!
LOG:Execute     : 0xd1  McodeNullInstruction
Info: 210: Null!
LOG:Execute     : 0xd2  McodeNullInstruction
Info: 211: Null!
LOG:Execute     : 0xd3  McodeNullInstruction
Info: McodeAccelerator:: 0x96 = DMEM[0x85]

Info: ___execute_load_operation___
Info: 212: Load!
LOG:Execute     : 0xd4  McodeLoadInstruction
Info: 213: Null!
LOG:Execute     : 0xd5  McodeNullInstruction
Info: 214: Null!
LOG:Execute     : 0xd6  McodeNullInstruction
Info: 215: Null!
LOG:Execute     : 0xd7  McodeNullInstruction
LOG:Set_Results  : 0xd0  McodeNullInstruction
LOG:Set_Results  : 0xd1  McodeNullInstruction
LOG:Set_Results  : 0xd2  McodeNullInstruction
LOG:Set_Results  : 0xd3  McodeNullInstruction
Info: RunLog[0]: Set_Register(21, 0x96)
LOG:Set_Results  : 0xd4  McodeLoadInstruction
LOG:Set_Results  : 0xd5  McodeNullInstruction
LOG:Set_Results  : 0xd6  McodeNullInstruction
LOG:Set_Results  : 0xd7  McodeNullInstruction
RunLog[0]: l_208 pc=0xd0  McodeInstructionBundle
RunLog[0]: 0xd0 $null        -> 
RunLog[0]: 0xd1 $null        -> 
RunLog[0]: 0xd2 $null        -> 
RunLog[0]: 0xd3 $null        -> 
RunLog[0]: 0xd4 $ld         0x400    0x28     -> 0x96    
RunLog[0]: 0xd5 $null        -> 
RunLog[0]: 0xd6 $null        -> 
RunLog[0]: 0xd7 $null        -> 
Info: Tick on thread 0
Info: McodeAccelerator:: 0x89100118 = IMEM[0xd8]
Info: McodeAccelerator:: 0x10810015 = IMEM[0xd9]
Info: McodeAccelerator:: 0x68000000 = IMEM[0xda]
Info: McodeAccelerator:: 0x68000000 = IMEM[0xdb]
Info: McodeAccelerator:: 0x68000000 = IMEM[0xdc]
Info: McodeAccelerator:: 0x68000000 = IMEM[0xdd]
Info: McodeAccelerator:: 0x68000000 = IMEM[0xde]
Info: McodeAccelerator:: 0x68000000 = IMEM[0xdf]
Info: McodeMachine:Run_Machine PC=0xd8
Info: McodeMachine:Run_Machine: new bundle pc=0xd8 (size=8)
Info: RunLog[0]: 0x1 = Get_Register(24)

LOG:Get_Operands: 0xd8  McodeBranchInstruction
Info: RunLog[0]: 0x0 = Get_Register(0)

Info: RunLog[0]: 0x96 = Get_Register(21)

LOG:Get_Operands: 0xd9  McodeAluInstruction
LOG:Get_Operands: 0xda  McodeNullInstruction
LOG:Get_Operands: 0xdb  McodeNullInstruction
LOG:Get_Operands: 0xdc  McodeNullInstruction
LOG:Get_Operands: 0xdd  McodeNullInstruction
LOG:Get_Operands: 0xde  McodeNullInstruction
LOG:Get_Operands: 0xdf  McodeNullInstruction
Info: ___execute_branch_operation___
Info: 216: Branch!
LOG:Execute     : 0xd8  McodeBranchInstruction
Info: ___execute_alu_operation___
Info: 217: Alu!
LOG:Execute     : 0xd9  McodeAluInstruction
Info: 218: Null!
LOG:Execute     : 0xda  McodeNullInstruction
Info: 219: Null!
LOG:Execute     : 0xdb  McodeNullInstruction
Info: 220: Null!
LOG:Execute     : 0xdc  McodeNullInstruction
Info: 221: Null!
LOG:Execute     : 0xdd  McodeNullInstruction
Info: 222: Null!
LOG:Execute     : 0xde  McodeNullInstruction
Info: 223: Null!
LOG:Execute     : 0xdf  McodeNullInstruction
LOG:Set_Results  : 0xd8  McodeBranchInstruction
Info: RunLog[0]: Set_Register(1, 0x96)
LOG:Set_Results  : 0xd9  McodeAluInstruction
LOG:Set_Results  : 0xda  McodeNullInstruction
LOG:Set_Results  : 0xdb  McodeNullInstruction
LOG:Set_Results  : 0xdc  McodeNullInstruction
LOG:Set_Results  : 0xdd  McodeNullInstruction
LOG:Set_Results  : 0xde  McodeNullInstruction
LOG:Set_Results  : 0xdf  McodeNullInstruction
RunLog[0]: l_216 pc=0xd8  McodeInstructionBundle
RunLog[0]: 0xd8 $branch     0x1     ->   npc=0xe0
RunLog[0]: 0xd9 +           0x0    0x96     -> 0x96    
RunLog[0]: 0xda $null        -> 
RunLog[0]: 0xdb $null        -> 
RunLog[0]: 0xdc $null        -> 
RunLog[0]: 0xdd $null        -> 
RunLog[0]: 0xde $null        -> 
RunLog[0]: 0xdf $null        -> 
Info: Tick on thread 0
Info: McodeAccelerator:: 0x909b001a = IMEM[0xe0]
Info: McodeAccelerator:: 0xe8000000 = IMEM[0xe1]
Info: McodeAccelerator:: 0xe8000000 = IMEM[0xe2]
Info: McodeAccelerator:: 0x68000000 = IMEM[0xe3]
Info: McodeAccelerator:: 0xe8000000 = IMEM[0xe4]
Info: McodeAccelerator:: 0x68000000 = IMEM[0xe5]
Info: McodeAccelerator:: 0x68000000 = IMEM[0xe6]
Info: McodeAccelerator:: 0x68000000 = IMEM[0xe7]
Info: McodeMachine:Run_Machine PC=0xe0
Info: McodeMachine:Run_Machine: new bundle pc=0xe0 (size=1)
Info: RunLog[0]: 0x0 = Get_Register(0)

Info: RunLog[0]: 0x7ff8 = Get_Register(26)

LOG:Get_Operands: 0xe0  McodeAluInstruction
Info: ___execute_alu_operation___
Info: 224: Alu!
LOG:Execute     : 0xe0  McodeAluInstruction
Info: RunLog[0]: Set_Register(27, 0x7ff8)
LOG:Set_Results  : 0xe0  McodeAluInstruction
RunLog[0]: l_224 pc=0xe0  McodeInstructionBundle
RunLog[0]: 0xe0 +           0x0    0x7ff8     -> 0x7ff8    
Info: Tick on thread 0
Info: McodeMachine:Run_Machine PC=0xe1
Info: McodeMachine:Run_Machine: new bundle pc=0xe1 (size=1)
LOG:Get_Operands: 0xe1  McodeNullInstruction
Info: 225: Null!
LOG:Execute     : 0xe1  McodeNullInstruction
LOG:Set_Results  : 0xe1  McodeNullInstruction
RunLog[0]: l_225 pc=0xe1  McodeInstructionBundle
RunLog[0]: 0xe1 $null        -> 
Info: Tick on thread 0
Info: McodeMachine:Run_Machine PC=0xe2
Info: McodeMachine:Run_Machine: new bundle pc=0xe2 (size=2)
LOG:Get_Operands: 0xe2  McodeNullInstruction
LOG:Get_Operands: 0xe3  McodeNullInstruction
Info: 226: Null!
LOG:Execute     : 0xe2  McodeNullInstruction
Info: 227: Null!
LOG:Execute     : 0xe3  McodeNullInstruction
LOG:Set_Results  : 0xe2  McodeNullInstruction
LOG:Set_Results  : 0xe3  McodeNullInstruction
RunLog[0]: l_226 pc=0xe2  McodeInstructionBundle
RunLog[0]: 0xe2 $null        -> 
RunLog[0]: 0xe3 $null        -> 
Info: Tick on thread 0
Info: McodeMachine:Run_Machine PC=0xe4
Info: McodeMachine:Run_Machine: new bundle pc=0xe4 (size=4)
LOG:Get_Operands: 0xe4  McodeNullInstruction
LOG:Get_Operands: 0xe5  McodeNullInstruction
LOG:Get_Operands: 0xe6  McodeNullInstruction
LOG:Get_Operands: 0xe7  McodeNullInstruction
Info: 228: Null!
LOG:Execute     : 0xe4  McodeNullInstruction
Info: 229: Null!
LOG:Execute     : 0xe5  McodeNullInstruction
Info: 230: Null!
LOG:Execute     : 0xe6  McodeNullInstruction
Info: 231: Null!
LOG:Execute     : 0xe7  McodeNullInstruction
LOG:Set_Results  : 0xe4  McodeNullInstruction
LOG:Set_Results  : 0xe5  McodeNullInstruction
LOG:Set_Results  : 0xe6  McodeNullInstruction
LOG:Set_Results  : 0xe7  McodeNullInstruction
RunLog[0]: l_228 pc=0xe4  McodeInstructionBundle
RunLog[0]: 0xe4 $null        -> 
RunLog[0]: 0xe5 $null        -> 
RunLog[0]: 0xe6 $null        -> 
RunLog[0]: 0xe7 $null        -> 
Info: Tick on thread 0
Info: McodeAccelerator:: 0x8c000000 = IMEM[0xe8]
Info: McodeAccelerator:: 0x68000000 = IMEM[0xe9]
Info: McodeAccelerator:: 0x68000000 = IMEM[0xea]
Info: McodeAccelerator:: 0x68000000 = IMEM[0xeb]
Info: McodeAccelerator:: 0x4c9adc00 = IMEM[0xec]
Info: McodeAccelerator:: 0x68000000 = IMEM[0xed]
Info: McodeAccelerator:: 0x68000000 = IMEM[0xee]
Info: McodeAccelerator:: 0x68000000 = IMEM[0xef]
Info: McodeMachine:Run_Machine PC=0xe8
Info: McodeMachine:Run_Machine: new bundle pc=0xe8 (size=8)
LOG:Get_Operands: 0xe8  McodeReturnInstruction
LOG:Get_Operands: 0xe9  McodeNullInstruction
LOG:Get_Operands: 0xea  McodeNullInstruction
LOG:Get_Operands: 0xeb  McodeNullInstruction
Info: RunLog[0]: 0x7ff8 = Get_Register(27)

LOG:Get_Operands: 0xec  McodeLoadInstruction
LOG:Get_Operands: 0xed  McodeNullInstruction
LOG:Get_Operands: 0xee  McodeNullInstruction
LOG:Get_Operands: 0xef  McodeNullInstruction
Info: ___execute_return_operation___ npc= 0x38
Info: 232: Return! npc=0x38
LOG:Execute     : 0xe8  McodeReturnInstruction
Info: 233: Null!
LOG:Execute     : 0xe9  McodeNullInstruction
Info: 234: Null!
LOG:Execute     : 0xea  McodeNullInstruction
Info: 235: Null!
LOG:Execute     : 0xeb  McodeNullInstruction
Info: McodeAccelerator:: 0x7ff8 = DMEM[0xfff]

Info: ___execute_load_operation___
Info: 236: Load!
LOG:Execute     : 0xec  McodeLoadInstruction
Info: 237: Null!
LOG:Execute     : 0xed  McodeNullInstruction
Info: 238: Null!
LOG:Execute     : 0xee  McodeNullInstruction
Info: 239: Null!
LOG:Execute     : 0xef  McodeNullInstruction
LOG:Set_Results  : 0xe8  McodeReturnInstruction
LOG:Set_Results  : 0xe9  McodeNullInstruction
LOG:Set_Results  : 0xea  McodeNullInstruction
LOG:Set_Results  : 0xeb  McodeNullInstruction
Info: RunLog[0]: Set_Register(26, 0x7ff8)
LOG:Set_Results  : 0xec  McodeLoadInstruction
LOG:Set_Results  : 0xed  McodeNullInstruction
LOG:Set_Results  : 0xee  McodeNullInstruction
LOG:Set_Results  : 0xef  McodeNullInstruction
RunLog[0]: l_232 pc=0xe8  McodeInstructionBundle
RunLog[0]: 0xe8 $ret         ->   npc= 0x38
RunLog[0]: 0xe9 $null        -> 
RunLog[0]: 0xea $null        -> 
RunLog[0]: 0xeb $null        -> 
RunLog[0]: 0xec $ld         0x7ff8    0x0     -> 0x7ff8    
RunLog[0]: 0xed $null        -> 
RunLog[0]: 0xee $null        -> 
RunLog[0]: 0xef $null        -> 
Info: Tick on thread 0
Info: McodeAccelerator:: 0xec000000 = IMEM[0x38]
Info: McodeAccelerator:: 0xe8000000 = IMEM[0x39]
Info: McodeAccelerator:: 0xe8000000 = IMEM[0x3a]
Info: McodeAccelerator:: 0x68000000 = IMEM[0x3b]
Info: McodeAccelerator:: 0xe8000000 = IMEM[0x3c]
Info: McodeAccelerator:: 0x68000000 = IMEM[0x3d]
Info: McodeAccelerator:: 0x68000000 = IMEM[0x3e]
Info: McodeAccelerator:: 0x68000000 = IMEM[0x3f]
Info: McodeMachine:Run_Machine PC=0x38
Info: McodeMachine:Run_Machine: new bundle pc=0x38 (size=1)
LOG:Get_Operands: 0x38  McodeHaltInstruction
Info: 56: Halt!
LOG:Execute     : 0x38  McodeHaltInstruction
LOG:Set_Results  : 0x38  McodeHaltInstruction
RunLog[0]: l_56 pc=0x38  McodeInstructionBundle
RunLog[0]: 0x38 $halt        -> 
Info: Stopped after 184 ticks.
Info: number of non-null instructions executed = 148
Info: number of null instructions executed = 565
Warning: Unknown verify line keyword reg
Warning: Unknown verify line keyword mem
