Info: Thread 0 pc = 0
Info: imem file = alu.obj
Info: dmem file = data.map
Info: results file = alu.result
Info: Init: IMEM[0] = 0xd41c0400
Info: Init: IMEM[1] = 0x541b7ff8
Info: Init: IMEM[2] = 0xe8000000
Info: Init: IMEM[3] = 0x68000000
Info: Init: IMEM[4] = 0x909a001b
Info: Init: IMEM[5] = 0x109d0401
Info: Init: IMEM[6] = 0x109e040a
Info: Init: IMEM[7] = 0x68000000
Info: Init: IMEM[8] = 0x909e0403
Info: Init: IMEM[9] = 0x68000000
Info: Init: IMEM[10] = 0x68000000
Info: Init: IMEM[11] = 0x68000000
Info: Init: IMEM[12] = 0x509ee400
Info: Init: IMEM[13] = 0x68000000
Info: Init: IMEM[14] = 0x68000000
Info: Init: IMEM[15] = 0x68000000
Info: Init: IMEM[16] = 0x909e0400
Info: Init: IMEM[17] = 0x68000000
Info: Init: IMEM[18] = 0x68000000
Info: Init: IMEM[19] = 0x68000000
Info: Init: IMEM[20] = 0x509ee408
Info: Init: IMEM[21] = 0x68000000
Info: Init: IMEM[22] = 0x68000000
Info: Init: IMEM[23] = 0x68000000
Info: Init: IMEM[24] = 0x909e0400
Info: Init: IMEM[25] = 0x68000000
Info: Init: IMEM[26] = 0x68000000
Info: Init: IMEM[27] = 0x68000000
Info: Init: IMEM[28] = 0x509ee410
Info: Init: IMEM[29] = 0x68000000
Info: Init: IMEM[30] = 0x68000000
Info: Init: IMEM[31] = 0x68000000
Info: Init: IMEM[32] = 0x909e0400
Info: Init: IMEM[33] = 0x68000000
Info: Init: IMEM[34] = 0x68000000
Info: Init: IMEM[35] = 0x68000000
Info: Init: IMEM[36] = 0x509ee418
Info: Init: IMEM[37] = 0x68000000
Info: Init: IMEM[38] = 0x68000000
Info: Init: IMEM[39] = 0x68000000
Info: Init: IMEM[40] = 0x909e0400
Info: Init: IMEM[41] = 0x68000000
Info: Init: IMEM[42] = 0x68000000
Info: Init: IMEM[43] = 0x68000000
Info: Init: IMEM[44] = 0x509ee420
Info: Init: IMEM[45] = 0x68000000
Info: Init: IMEM[46] = 0x68000000
Info: Init: IMEM[47] = 0x68000000
Info: Init: IMEM[48] = 0x909e0400
Info: Init: IMEM[49] = 0x68000000
Info: Init: IMEM[50] = 0x68000000
Info: Init: IMEM[51] = 0x68000000
Info: Init: IMEM[52] = 0x509ee428
Info: Init: IMEM[53] = 0x68000000
Info: Init: IMEM[54] = 0x68000000
Info: Init: IMEM[55] = 0x68000000
Info: Init: IMEM[56] = 0x909e0400
Info: Init: IMEM[57] = 0x68000000
Info: Init: IMEM[58] = 0x68000000
Info: Init: IMEM[59] = 0x68000000
Info: Init: IMEM[60] = 0x509ee430
Info: Init: IMEM[61] = 0x68000000
Info: Init: IMEM[62] = 0x68000000
Info: Init: IMEM[63] = 0x68000000
Info: Init: IMEM[64] = 0x909e0400
Info: Init: IMEM[65] = 0x68000000
Info: Init: IMEM[66] = 0x68000000
Info: Init: IMEM[67] = 0x68000000
Info: Init: IMEM[68] = 0x509ee438
Info: Init: IMEM[69] = 0x68000000
Info: Init: IMEM[70] = 0x68000000
Info: Init: IMEM[71] = 0x68000000
Info: Init: IMEM[72] = 0x909e0400
Info: Init: IMEM[73] = 0x68000000
Info: Init: IMEM[74] = 0x68000000
Info: Init: IMEM[75] = 0x68000000
Info: Init: IMEM[76] = 0x509ee440
Info: Init: IMEM[77] = 0x68000000
Info: Init: IMEM[78] = 0x68000000
Info: Init: IMEM[79] = 0x68000000
Info: Init: IMEM[80] = 0x909e0400
Info: Init: IMEM[81] = 0x68000000
Info: Init: IMEM[82] = 0x68000000
Info: Init: IMEM[83] = 0x68000000
Info: Init: IMEM[84] = 0x509ee448
Info: Init: IMEM[85] = 0x68000000
Info: Init: IMEM[86] = 0x68000000
Info: Init: IMEM[87] = 0x68000000
Info: Init: IMEM[88] = 0x909e0400
Info: Init: IMEM[89] = 0x68000000
Info: Init: IMEM[90] = 0x68000000
Info: Init: IMEM[91] = 0x68000000
Info: Init: IMEM[92] = 0x509ee450
Info: Init: IMEM[93] = 0x68000000
Info: Init: IMEM[94] = 0x68000000
Info: Init: IMEM[95] = 0x68000000
Info: Init: IMEM[96] = 0x86000010
Info: Init: IMEM[97] = 0x68000000
Info: Init: IMEM[98] = 0x68000000
Info: Init: IMEM[99] = 0x68000000
Info: Init: IMEM[100] = 0x509ee458
Info: Init: IMEM[101] = 0x68000000
Info: Init: IMEM[102] = 0x68000000
Info: Init: IMEM[103] = 0x68000000
Info: Init: IMEM[104] = 0xec000000
Info: Init: IMEM[105] = 0xe8000000
Info: Init: IMEM[106] = 0xe8000000
Info: Init: IMEM[107] = 0x68000000
Info: Init: IMEM[108] = 0xe8000000
Info: Init: IMEM[109] = 0x68000000
Info: Init: IMEM[110] = 0x68000000
Info: Init: IMEM[111] = 0x68000000
Info: Init: IMEM[112] = 0x909a001b
Info: Init: IMEM[113] = 0x149bdc98
Info: Init: IMEM[114] = 0x109d0401
Info: Init: IMEM[115] = 0x68000000
Info: Init: IMEM[116] = 0x509adc00
Info: Init: IMEM[117] = 0x4c86e400
Info: Init: IMEM[118] = 0x4c87e408
Info: Init: IMEM[119] = 0x68000000
Info: Init: IMEM[120] = 0x90883007
Info: Init: IMEM[121] = 0xe8000000
Info: Init: IMEM[122] = 0xe8000000
Info: Init: IMEM[123] = 0x68000000
Info: Init: IMEM[124] = 0xe8000000
Info: Init: IMEM[125] = 0x68000000
Info: Init: IMEM[126] = 0x68000000
Info: Init: IMEM[127] = 0x68000000
Info: Init: IMEM[128] = 0xe8000000
Info: Init: IMEM[129] = 0x68000000
Info: Init: IMEM[130] = 0x68000000
Info: Init: IMEM[131] = 0x68000000
Info: Init: IMEM[132] = 0x5088e410
Info: Init: IMEM[133] = 0x4c89e400
Info: Init: IMEM[134] = 0x4c8ae408
Info: Init: IMEM[135] = 0x68000000
Info: Init: IMEM[136] = 0x948b480a
Info: Init: IMEM[137] = 0xe8000000
Info: Init: IMEM[138] = 0xe8000000
Info: Init: IMEM[139] = 0x68000000
Info: Init: IMEM[140] = 0xe8000000
Info: Init: IMEM[141] = 0x68000000
Info: Init: IMEM[142] = 0x68000000
Info: Init: IMEM[143] = 0x68000000
Info: Init: IMEM[144] = 0xe8000000
Info: Init: IMEM[145] = 0x68000000
Info: Init: IMEM[146] = 0x68000000
Info: Init: IMEM[147] = 0x68000000
Info: Init: IMEM[148] = 0x508be418
Info: Init: IMEM[149] = 0x4c8ce400
Info: Init: IMEM[150] = 0x4c8de408
Info: Init: IMEM[151] = 0x68000000
Info: Init: IMEM[152] = 0x988e600d
Info: Init: IMEM[153] = 0xe8000000
Info: Init: IMEM[154] = 0xe8000000
Info: Init: IMEM[155] = 0x68000000
Info: Init: IMEM[156] = 0xe8000000
Info: Init: IMEM[157] = 0x68000000
Info: Init: IMEM[158] = 0x68000000
Info: Init: IMEM[159] = 0x68000000
Info: Init: IMEM[160] = 0xe8000000
Info: Init: IMEM[161] = 0x68000000
Info: Init: IMEM[162] = 0x68000000
Info: Init: IMEM[163] = 0x68000000
Info: Init: IMEM[164] = 0x508ee420
Info: Init: IMEM[165] = 0x4c8fe400
Info: Init: IMEM[166] = 0x4c90e408
Info: Init: IMEM[167] = 0x68000000
Info: Init: IMEM[168] = 0xe8000000
Info: Init: IMEM[169] = 0x1c917810
Info: Init: IMEM[170] = 0x68000000
Info: Init: IMEM[171] = 0x68000000
Info: Init: IMEM[172] = 0x68000000
Info: Init: IMEM[173] = 0x68000000
Info: Init: IMEM[174] = 0x68000000
Info: Init: IMEM[175] = 0x68000000
Info: Init: IMEM[176] = 0xe8000000
Info: Init: IMEM[177] = 0x68000000
Info: Init: IMEM[178] = 0x68000000
Info: Init: IMEM[179] = 0x68000000
Info: Init: IMEM[180] = 0x5091e428
Info: Init: IMEM[181] = 0x4c92e400
Info: Init: IMEM[182] = 0x4c93e408
Info: Init: IMEM[183] = 0x68000000
Info: Init: IMEM[184] = 0xe8000000
Info: Init: IMEM[185] = 0x1c9f9013
Info: Init: IMEM[186] = 0x68000000
Info: Init: IMEM[187] = 0x68000000
Info: Init: IMEM[188] = 0x68000000
Info: Init: IMEM[189] = 0x68000000
Info: Init: IMEM[190] = 0x68000000
Info: Init: IMEM[191] = 0x68000000
Info: Init: IMEM[192] = 0x989ff813
Info: Init: IMEM[193] = 0x9494901f
Info: Init: IMEM[194] = 0xe8000000
Info: Init: IMEM[195] = 0x68000000
Info: Init: IMEM[196] = 0xe8000000
Info: Init: IMEM[197] = 0x68000000
Info: Init: IMEM[198] = 0x68000000
Info: Init: IMEM[199] = 0x68000000
Info: Init: IMEM[200] = 0xe8000000
Info: Init: IMEM[201] = 0x68000000
Info: Init: IMEM[202] = 0x68000000
Info: Init: IMEM[203] = 0x68000000
Info: Init: IMEM[204] = 0x5094e430
Info: Init: IMEM[205] = 0x4c95e400
Info: Init: IMEM[206] = 0x4c96e408
Info: Init: IMEM[207] = 0x68000000
Info: Init: IMEM[208] = 0xa497a816
Info: Init: IMEM[209] = 0xe8000000
Info: Init: IMEM[210] = 0xe8000000
Info: Init: IMEM[211] = 0x68000000
Info: Init: IMEM[212] = 0xe8000000
Info: Init: IMEM[213] = 0x68000000
Info: Init: IMEM[214] = 0x68000000
Info: Init: IMEM[215] = 0x68000000
Info: Init: IMEM[216] = 0xe8000000
Info: Init: IMEM[217] = 0x68000000
Info: Init: IMEM[218] = 0x68000000
Info: Init: IMEM[219] = 0x68000000
Info: Init: IMEM[220] = 0x5097e438
Info: Init: IMEM[221] = 0x4c98e400
Info: Init: IMEM[222] = 0x4c99e408
Info: Init: IMEM[223] = 0x68000000
Info: Init: IMEM[224] = 0xa086c019
Info: Init: IMEM[225] = 0xe8000000
Info: Init: IMEM[226] = 0xe8000000
Info: Init: IMEM[227] = 0x68000000
Info: Init: IMEM[228] = 0xe8000000
Info: Init: IMEM[229] = 0x68000000
Info: Init: IMEM[230] = 0x68000000
Info: Init: IMEM[231] = 0x68000000
Info: Init: IMEM[232] = 0xe8000000
Info: Init: IMEM[233] = 0x68000000
Info: Init: IMEM[234] = 0x68000000
Info: Init: IMEM[235] = 0x68000000
Info: Init: IMEM[236] = 0x5086e440
Info: Init: IMEM[237] = 0x4c87e400
Info: Init: IMEM[238] = 0x4c88e408
Info: Init: IMEM[239] = 0x68000000
Info: Init: IMEM[240] = 0xa8893808
Info: Init: IMEM[241] = 0xe8000000
Info: Init: IMEM[242] = 0xe8000000
Info: Init: IMEM[243] = 0x68000000
Info: Init: IMEM[244] = 0xe8000000
Info: Init: IMEM[245] = 0x68000000
Info: Init: IMEM[246] = 0x68000000
Info: Init: IMEM[247] = 0x68000000
Info: Init: IMEM[248] = 0xe8000000
Info: Init: IMEM[249] = 0x68000000
Info: Init: IMEM[250] = 0x68000000
Info: Init: IMEM[251] = 0x68000000
Info: Init: IMEM[252] = 0x5089e448
Info: Init: IMEM[253] = 0x4c8ae400
Info: Init: IMEM[254] = 0x4c8be408
Info: Init: IMEM[255] = 0x68000000
Info: Init: IMEM[256] = 0xb88c500b
Info: Init: IMEM[257] = 0xe8000000
Info: Init: IMEM[258] = 0xe8000000
Info: Init: IMEM[259] = 0x68000000
Info: Init: IMEM[260] = 0xe8000000
Info: Init: IMEM[261] = 0x68000000
Info: Init: IMEM[262] = 0x68000000
Info: Init: IMEM[263] = 0x68000000
Info: Init: IMEM[264] = 0xe8000000
Info: Init: IMEM[265] = 0x68000000
Info: Init: IMEM[266] = 0x68000000
Info: Init: IMEM[267] = 0x68000000
Info: Init: IMEM[268] = 0x508ce450
Info: Init: IMEM[269] = 0x4c8de400
Info: Init: IMEM[270] = 0x4c8ee408
Info: Init: IMEM[271] = 0x68000000
Info: Init: IMEM[272] = 0xbc8f680e
Info: Init: IMEM[273] = 0xe8000000
Info: Init: IMEM[274] = 0xe8000000
Info: Init: IMEM[275] = 0x68000000
Info: Init: IMEM[276] = 0xe8000000
Info: Init: IMEM[277] = 0x68000000
Info: Init: IMEM[278] = 0x68000000
Info: Init: IMEM[279] = 0x68000000
Info: Init: IMEM[280] = 0xe8000000
Info: Init: IMEM[281] = 0x68000000
Info: Init: IMEM[282] = 0x68000000
Info: Init: IMEM[283] = 0x68000000
Info: Init: IMEM[284] = 0x508fe458
Info: Init: IMEM[285] = 0x4c90e410
Info: Init: IMEM[286] = 0x68000000
Info: Init: IMEM[287] = 0x68000000
Info: Init: IMEM[288] = 0x8910011d
Info: Init: IMEM[289] = 0x10810010
Info: Init: IMEM[290] = 0x68000000
Info: Init: IMEM[291] = 0x68000000
Info: Init: IMEM[292] = 0x68000000
Info: Init: IMEM[293] = 0x68000000
Info: Init: IMEM[294] = 0x68000000
Info: Init: IMEM[295] = 0x68000000
Info: Init: IMEM[296] = 0x909b001a
Info: Init: IMEM[297] = 0xe8000000
Info: Init: IMEM[298] = 0xe8000000
Info: Init: IMEM[299] = 0x68000000
Info: Init: IMEM[300] = 0xe8000000
Info: Init: IMEM[301] = 0x68000000
Info: Init: IMEM[302] = 0x68000000
Info: Init: IMEM[303] = 0x68000000
Info: Init: IMEM[304] = 0x8c000000
Info: Init: IMEM[305] = 0x68000000
Info: Init: IMEM[306] = 0x68000000
Info: Init: IMEM[307] = 0x68000000
Info: Init: IMEM[308] = 0x4c9adc00
Info: Init: IMEM[309] = 0x68000000
Info: Init: IMEM[310] = 0x68000000
Info: Init: IMEM[311] = 0x68000000
Info: Loaded 312 instructions to i-mem
Info: Init: DMEM[0] = 0x0
Info: Init: DMEM[128] = 0xa
Info: Init: DMEM[129] = 0x3
Info: Init: DMEM[130] = 0x0
Info: Init: DMEM[131] = 0x0
Info: Init: DMEM[132] = 0x0
Info: Init: DMEM[133] = 0x0
Info: Init: DMEM[134] = 0x0
Info: Init: DMEM[135] = 0x0
Info: Init: DMEM[136] = 0x0
Info: Init: DMEM[137] = 0x0
Info: Init: DMEM[138] = 0x0
Info: Init: DMEM[139] = 0x0
Info: Loaded 13 words to d-mem
Info: Info: activate thread 0 to pc 0
Info: Tick on thread 0
Info: McodeAccelerator:: 0xd41c0400 = IMEM[0x0]
Info: McodeAccelerator:: 0x541b7ff8 = IMEM[0x1]
Info: McodeAccelerator:: 0xe8000000 = IMEM[0x2]
Info: McodeAccelerator:: 0x68000000 = IMEM[0x3]
Info: McodeAccelerator:: 0x909a001b = IMEM[0x4]
Info: McodeAccelerator:: 0x109d0401 = IMEM[0x5]
Info: McodeAccelerator:: 0x109e040a = IMEM[0x6]
Info: McodeAccelerator:: 0x68000000 = IMEM[0x7]
Info: McodeMachine:Run_Machine PC=0x0
Info: McodeMachine:Run_Machine: new bundle pc=0x0 (size=2)
LOG:Get_Operands: 0x0  McodeSetInstruction
LOG:Get_Operands: 0x1  McodeSetInstruction
Info: 0: Set!
LOG:Execute     : 0x0  McodeSetInstruction
Info: 1: Set!
LOG:Execute     : 0x1  McodeSetInstruction
Info: RunLog[0]: Set_Register(28, 0x400)
LOG:Set_Results  : 0x0  McodeSetInstruction
Info: RunLog[0]: Set_Register(27, 0x7ff8)
LOG:Set_Results  : 0x1  McodeSetInstruction
RunLog[0]: l_0 pc=0x0  McodeInstructionBundle
RunLog[0]: 0x0 $set        0x400     -> 0x400    
RunLog[0]: 0x1 $set        0x7ff8     -> 0x7ff8    
Info: Tick on thread 0
Info: McodeMachine:Run_Machine PC=0x2
Info: McodeMachine:Run_Machine: new bundle pc=0x2 (size=2)
LOG:Get_Operands: 0x2  McodeNullInstruction
LOG:Get_Operands: 0x3  McodeNullInstruction
Info: 2: Null!
LOG:Execute     : 0x2  McodeNullInstruction
Info: 3: Null!
LOG:Execute     : 0x3  McodeNullInstruction
LOG:Set_Results  : 0x2  McodeNullInstruction
LOG:Set_Results  : 0x3  McodeNullInstruction
RunLog[0]: l_2 pc=0x2  McodeInstructionBundle
RunLog[0]: 0x2 $null        -> 
RunLog[0]: 0x3 $null        -> 
Info: Tick on thread 0
Info: McodeMachine:Run_Machine PC=0x4
Info: McodeMachine:Run_Machine: new bundle pc=0x4 (size=4)
Info: RunLog[0]: 0x0 = Get_Register(0)

Info: RunLog[0]: 0x7ff8 = Get_Register(27)

LOG:Get_Operands: 0x4  McodeAluInstruction
Info: RunLog[0]: 0x0 = Get_Register(0)

LOG:Get_Operands: 0x5  McodeAluInstruction
Info: RunLog[0]: 0x0 = Get_Register(0)

LOG:Get_Operands: 0x6  McodeAluInstruction
LOG:Get_Operands: 0x7  McodeNullInstruction
Info: ___execute_alu_operation___
Info: 4: Alu!
LOG:Execute     : 0x4  McodeAluInstruction
Info: ___execute_alu_operation___
Info: 5: Alu!
LOG:Execute     : 0x5  McodeAluInstruction
Info: ___execute_alu_operation___
Info: 6: Alu!
LOG:Execute     : 0x6  McodeAluInstruction
Info: 7: Null!
LOG:Execute     : 0x7  McodeNullInstruction
Info: RunLog[0]: Set_Register(26, 0x7ff8)
LOG:Set_Results  : 0x4  McodeAluInstruction
Info: RunLog[0]: Set_Register(29, 0x1)
LOG:Set_Results  : 0x5  McodeAluInstruction
Info: RunLog[0]: Set_Register(30, 0xa)
LOG:Set_Results  : 0x6  McodeAluInstruction
LOG:Set_Results  : 0x7  McodeNullInstruction
RunLog[0]: l_4 pc=0x4  McodeInstructionBundle
RunLog[0]: 0x4 +           0x0    0x7ff8     -> 0x7ff8    
RunLog[0]: 0x5 +           0x0    0x1     -> 0x1    
RunLog[0]: 0x6 +           0x0    0xa     -> 0xa    
RunLog[0]: 0x7 $null        -> 
Info: Tick on thread 0
Info: McodeAccelerator:: 0x909e0403 = IMEM[0x8]
Info: McodeAccelerator:: 0x68000000 = IMEM[0x9]
Info: McodeAccelerator:: 0x68000000 = IMEM[0xa]
Info: McodeAccelerator:: 0x68000000 = IMEM[0xb]
Info: McodeAccelerator:: 0x509ee400 = IMEM[0xc]
Info: McodeAccelerator:: 0x68000000 = IMEM[0xd]
Info: McodeAccelerator:: 0x68000000 = IMEM[0xe]
Info: McodeAccelerator:: 0x68000000 = IMEM[0xf]
Info: McodeMachine:Run_Machine PC=0x8
Info: McodeMachine:Run_Machine: new bundle pc=0x8 (size=8)
Info: RunLog[0]: 0x0 = Get_Register(0)

LOG:Get_Operands: 0x8  McodeAluInstruction
LOG:Get_Operands: 0x9  McodeNullInstruction
LOG:Get_Operands: 0xa  McodeNullInstruction
LOG:Get_Operands: 0xb  McodeNullInstruction
Info: RunLog[0]: 0x400 = Get_Register(28)

Info: RunLog[0]: 0xa = Get_Register(30)

LOG:Get_Operands: 0xc  McodeStoreInstruction
LOG:Get_Operands: 0xd  McodeNullInstruction
LOG:Get_Operands: 0xe  McodeNullInstruction
LOG:Get_Operands: 0xf  McodeNullInstruction
Info: ___execute_alu_operation___
Info: 8: Alu!
LOG:Execute     : 0x8  McodeAluInstruction
Info: 9: Null!
LOG:Execute     : 0x9  McodeNullInstruction
Info: 10: Null!
LOG:Execute     : 0xa  McodeNullInstruction
Info: 11: Null!
LOG:Execute     : 0xb  McodeNullInstruction
Info: McodeAccelerator:: DMEM[0x80] = 0xa

Info: ___execute_store_operation___ 
Info: 12: Store!
LOG:Execute     : 0xc  McodeStoreInstruction
Info: 13: Null!
LOG:Execute     : 0xd  McodeNullInstruction
Info: 14: Null!
LOG:Execute     : 0xe  McodeNullInstruction
Info: 15: Null!
LOG:Execute     : 0xf  McodeNullInstruction
Info: RunLog[0]: Set_Register(30, 0x3)
LOG:Set_Results  : 0x8  McodeAluInstruction
LOG:Set_Results  : 0x9  McodeNullInstruction
LOG:Set_Results  : 0xa  McodeNullInstruction
LOG:Set_Results  : 0xb  McodeNullInstruction
LOG:Set_Results  : 0xc  McodeStoreInstruction
LOG:Set_Results  : 0xd  McodeNullInstruction
LOG:Set_Results  : 0xe  McodeNullInstruction
LOG:Set_Results  : 0xf  McodeNullInstruction
RunLog[0]: l_8 pc=0x8  McodeInstructionBundle
RunLog[0]: 0x8 +           0x0    0x3     -> 0x3    
RunLog[0]: 0x9 $null        -> 
RunLog[0]: 0xa $null        -> 
RunLog[0]: 0xb $null        -> 
RunLog[0]: 0xc $st         0x400    0x0    0xa     -> 
RunLog[0]: 0xd $null        -> 
RunLog[0]: 0xe $null        -> 
RunLog[0]: 0xf $null        -> 
Info: Tick on thread 0
Info: McodeAccelerator:: 0x909e0400 = IMEM[0x10]
Info: McodeAccelerator:: 0x68000000 = IMEM[0x11]
Info: McodeAccelerator:: 0x68000000 = IMEM[0x12]
Info: McodeAccelerator:: 0x68000000 = IMEM[0x13]
Info: McodeAccelerator:: 0x509ee408 = IMEM[0x14]
Info: McodeAccelerator:: 0x68000000 = IMEM[0x15]
Info: McodeAccelerator:: 0x68000000 = IMEM[0x16]
Info: McodeAccelerator:: 0x68000000 = IMEM[0x17]
Info: McodeMachine:Run_Machine PC=0x10
Info: McodeMachine:Run_Machine: new bundle pc=0x10 (size=8)
Info: RunLog[0]: 0x0 = Get_Register(0)

LOG:Get_Operands: 0x10  McodeAluInstruction
LOG:Get_Operands: 0x11  McodeNullInstruction
LOG:Get_Operands: 0x12  McodeNullInstruction
LOG:Get_Operands: 0x13  McodeNullInstruction
Info: RunLog[0]: 0x400 = Get_Register(28)

Info: RunLog[0]: 0x3 = Get_Register(30)

LOG:Get_Operands: 0x14  McodeStoreInstruction
LOG:Get_Operands: 0x15  McodeNullInstruction
LOG:Get_Operands: 0x16  McodeNullInstruction
LOG:Get_Operands: 0x17  McodeNullInstruction
Info: ___execute_alu_operation___
Info: 16: Alu!
LOG:Execute     : 0x10  McodeAluInstruction
Info: 17: Null!
LOG:Execute     : 0x11  McodeNullInstruction
Info: 18: Null!
LOG:Execute     : 0x12  McodeNullInstruction
Info: 19: Null!
LOG:Execute     : 0x13  McodeNullInstruction
Info: McodeAccelerator:: DMEM[0x81] = 0x3

Info: ___execute_store_operation___ 
Info: 20: Store!
LOG:Execute     : 0x14  McodeStoreInstruction
Info: 21: Null!
LOG:Execute     : 0x15  McodeNullInstruction
Info: 22: Null!
LOG:Execute     : 0x16  McodeNullInstruction
Info: 23: Null!
LOG:Execute     : 0x17  McodeNullInstruction
Info: RunLog[0]: Set_Register(30, 0x0)
LOG:Set_Results  : 0x10  McodeAluInstruction
LOG:Set_Results  : 0x11  McodeNullInstruction
LOG:Set_Results  : 0x12  McodeNullInstruction
LOG:Set_Results  : 0x13  McodeNullInstruction
LOG:Set_Results  : 0x14  McodeStoreInstruction
LOG:Set_Results  : 0x15  McodeNullInstruction
LOG:Set_Results  : 0x16  McodeNullInstruction
LOG:Set_Results  : 0x17  McodeNullInstruction
RunLog[0]: l_16 pc=0x10  McodeInstructionBundle
RunLog[0]: 0x10 +           0x0    0x0     -> 0x0    
RunLog[0]: 0x11 $null        -> 
RunLog[0]: 0x12 $null        -> 
RunLog[0]: 0x13 $null        -> 
RunLog[0]: 0x14 $st         0x400    0x8    0x3     -> 
RunLog[0]: 0x15 $null        -> 
RunLog[0]: 0x16 $null        -> 
RunLog[0]: 0x17 $null        -> 
Info: Tick on thread 0
Info: McodeAccelerator:: 0x909e0400 = IMEM[0x18]
Info: McodeAccelerator:: 0x68000000 = IMEM[0x19]
Info: McodeAccelerator:: 0x68000000 = IMEM[0x1a]
Info: McodeAccelerator:: 0x68000000 = IMEM[0x1b]
Info: McodeAccelerator:: 0x509ee410 = IMEM[0x1c]
Info: McodeAccelerator:: 0x68000000 = IMEM[0x1d]
Info: McodeAccelerator:: 0x68000000 = IMEM[0x1e]
Info: McodeAccelerator:: 0x68000000 = IMEM[0x1f]
Info: McodeMachine:Run_Machine PC=0x18
Info: McodeMachine:Run_Machine: new bundle pc=0x18 (size=8)
Info: RunLog[0]: 0x0 = Get_Register(0)

LOG:Get_Operands: 0x18  McodeAluInstruction
LOG:Get_Operands: 0x19  McodeNullInstruction
LOG:Get_Operands: 0x1a  McodeNullInstruction
LOG:Get_Operands: 0x1b  McodeNullInstruction
Info: RunLog[0]: 0x400 = Get_Register(28)

Info: RunLog[0]: 0x0 = Get_Register(30)

LOG:Get_Operands: 0x1c  McodeStoreInstruction
LOG:Get_Operands: 0x1d  McodeNullInstruction
LOG:Get_Operands: 0x1e  McodeNullInstruction
LOG:Get_Operands: 0x1f  McodeNullInstruction
Info: ___execute_alu_operation___
Info: 24: Alu!
LOG:Execute     : 0x18  McodeAluInstruction
Info: 25: Null!
LOG:Execute     : 0x19  McodeNullInstruction
Info: 26: Null!
LOG:Execute     : 0x1a  McodeNullInstruction
Info: 27: Null!
LOG:Execute     : 0x1b  McodeNullInstruction
Info: McodeAccelerator:: DMEM[0x82] = 0x0

Info: ___execute_store_operation___ 
Info: 28: Store!
LOG:Execute     : 0x1c  McodeStoreInstruction
Info: 29: Null!
LOG:Execute     : 0x1d  McodeNullInstruction
Info: 30: Null!
LOG:Execute     : 0x1e  McodeNullInstruction
Info: 31: Null!
LOG:Execute     : 0x1f  McodeNullInstruction
Info: RunLog[0]: Set_Register(30, 0x0)
LOG:Set_Results  : 0x18  McodeAluInstruction
LOG:Set_Results  : 0x19  McodeNullInstruction
LOG:Set_Results  : 0x1a  McodeNullInstruction
LOG:Set_Results  : 0x1b  McodeNullInstruction
LOG:Set_Results  : 0x1c  McodeStoreInstruction
LOG:Set_Results  : 0x1d  McodeNullInstruction
LOG:Set_Results  : 0x1e  McodeNullInstruction
LOG:Set_Results  : 0x1f  McodeNullInstruction
RunLog[0]: l_24 pc=0x18  McodeInstructionBundle
RunLog[0]: 0x18 +           0x0    0x0     -> 0x0    
RunLog[0]: 0x19 $null        -> 
RunLog[0]: 0x1a $null        -> 
RunLog[0]: 0x1b $null        -> 
RunLog[0]: 0x1c $st         0x400    0x10    0x0     -> 
RunLog[0]: 0x1d $null        -> 
RunLog[0]: 0x1e $null        -> 
RunLog[0]: 0x1f $null        -> 
Info: Tick on thread 0
Info: McodeAccelerator:: 0x909e0400 = IMEM[0x20]
Info: McodeAccelerator:: 0x68000000 = IMEM[0x21]
Info: McodeAccelerator:: 0x68000000 = IMEM[0x22]
Info: McodeAccelerator:: 0x68000000 = IMEM[0x23]
Info: McodeAccelerator:: 0x509ee418 = IMEM[0x24]
Info: McodeAccelerator:: 0x68000000 = IMEM[0x25]
Info: McodeAccelerator:: 0x68000000 = IMEM[0x26]
Info: McodeAccelerator:: 0x68000000 = IMEM[0x27]
Info: McodeMachine:Run_Machine PC=0x20
Info: McodeMachine:Run_Machine: new bundle pc=0x20 (size=8)
Info: RunLog[0]: 0x0 = Get_Register(0)

LOG:Get_Operands: 0x20  McodeAluInstruction
LOG:Get_Operands: 0x21  McodeNullInstruction
LOG:Get_Operands: 0x22  McodeNullInstruction
LOG:Get_Operands: 0x23  McodeNullInstruction
Info: RunLog[0]: 0x400 = Get_Register(28)

Info: RunLog[0]: 0x0 = Get_Register(30)

LOG:Get_Operands: 0x24  McodeStoreInstruction
LOG:Get_Operands: 0x25  McodeNullInstruction
LOG:Get_Operands: 0x26  McodeNullInstruction
LOG:Get_Operands: 0x27  McodeNullInstruction
Info: ___execute_alu_operation___
Info: 32: Alu!
LOG:Execute     : 0x20  McodeAluInstruction
Info: 33: Null!
LOG:Execute     : 0x21  McodeNullInstruction
Info: 34: Null!
LOG:Execute     : 0x22  McodeNullInstruction
Info: 35: Null!
LOG:Execute     : 0x23  McodeNullInstruction
Info: McodeAccelerator:: DMEM[0x83] = 0x0

Info: ___execute_store_operation___ 
Info: 36: Store!
LOG:Execute     : 0x24  McodeStoreInstruction
Info: 37: Null!
LOG:Execute     : 0x25  McodeNullInstruction
Info: 38: Null!
LOG:Execute     : 0x26  McodeNullInstruction
Info: 39: Null!
LOG:Execute     : 0x27  McodeNullInstruction
Info: RunLog[0]: Set_Register(30, 0x0)
LOG:Set_Results  : 0x20  McodeAluInstruction
LOG:Set_Results  : 0x21  McodeNullInstruction
LOG:Set_Results  : 0x22  McodeNullInstruction
LOG:Set_Results  : 0x23  McodeNullInstruction
LOG:Set_Results  : 0x24  McodeStoreInstruction
LOG:Set_Results  : 0x25  McodeNullInstruction
LOG:Set_Results  : 0x26  McodeNullInstruction
LOG:Set_Results  : 0x27  McodeNullInstruction
RunLog[0]: l_32 pc=0x20  McodeInstructionBundle
RunLog[0]: 0x20 +           0x0    0x0     -> 0x0    
RunLog[0]: 0x21 $null        -> 
RunLog[0]: 0x22 $null        -> 
RunLog[0]: 0x23 $null        -> 
RunLog[0]: 0x24 $st         0x400    0x18    0x0     -> 
RunLog[0]: 0x25 $null        -> 
RunLog[0]: 0x26 $null        -> 
RunLog[0]: 0x27 $null        -> 
Info: Tick on thread 0
Info: McodeAccelerator:: 0x909e0400 = IMEM[0x28]
Info: McodeAccelerator:: 0x68000000 = IMEM[0x29]
Info: McodeAccelerator:: 0x68000000 = IMEM[0x2a]
Info: McodeAccelerator:: 0x68000000 = IMEM[0x2b]
Info: McodeAccelerator:: 0x509ee420 = IMEM[0x2c]
Info: McodeAccelerator:: 0x68000000 = IMEM[0x2d]
Info: McodeAccelerator:: 0x68000000 = IMEM[0x2e]
Info: McodeAccelerator:: 0x68000000 = IMEM[0x2f]
Info: McodeMachine:Run_Machine PC=0x28
Info: McodeMachine:Run_Machine: new bundle pc=0x28 (size=8)
Info: RunLog[0]: 0x0 = Get_Register(0)

LOG:Get_Operands: 0x28  McodeAluInstruction
LOG:Get_Operands: 0x29  McodeNullInstruction
LOG:Get_Operands: 0x2a  McodeNullInstruction
LOG:Get_Operands: 0x2b  McodeNullInstruction
Info: RunLog[0]: 0x400 = Get_Register(28)

Info: RunLog[0]: 0x0 = Get_Register(30)

LOG:Get_Operands: 0x2c  McodeStoreInstruction
LOG:Get_Operands: 0x2d  McodeNullInstruction
LOG:Get_Operands: 0x2e  McodeNullInstruction
LOG:Get_Operands: 0x2f  McodeNullInstruction
Info: ___execute_alu_operation___
Info: 40: Alu!
LOG:Execute     : 0x28  McodeAluInstruction
Info: 41: Null!
LOG:Execute     : 0x29  McodeNullInstruction
Info: 42: Null!
LOG:Execute     : 0x2a  McodeNullInstruction
Info: 43: Null!
LOG:Execute     : 0x2b  McodeNullInstruction
Info: McodeAccelerator:: DMEM[0x84] = 0x0

Info: ___execute_store_operation___ 
Info: 44: Store!
LOG:Execute     : 0x2c  McodeStoreInstruction
Info: 45: Null!
LOG:Execute     : 0x2d  McodeNullInstruction
Info: 46: Null!
LOG:Execute     : 0x2e  McodeNullInstruction
Info: 47: Null!
LOG:Execute     : 0x2f  McodeNullInstruction
Info: RunLog[0]: Set_Register(30, 0x0)
LOG:Set_Results  : 0x28  McodeAluInstruction
LOG:Set_Results  : 0x29  McodeNullInstruction
LOG:Set_Results  : 0x2a  McodeNullInstruction
LOG:Set_Results  : 0x2b  McodeNullInstruction
LOG:Set_Results  : 0x2c  McodeStoreInstruction
LOG:Set_Results  : 0x2d  McodeNullInstruction
LOG:Set_Results  : 0x2e  McodeNullInstruction
LOG:Set_Results  : 0x2f  McodeNullInstruction
RunLog[0]: l_40 pc=0x28  McodeInstructionBundle
RunLog[0]: 0x28 +           0x0    0x0     -> 0x0    
RunLog[0]: 0x29 $null        -> 
RunLog[0]: 0x2a $null        -> 
RunLog[0]: 0x2b $null        -> 
RunLog[0]: 0x2c $st         0x400    0x20    0x0     -> 
RunLog[0]: 0x2d $null        -> 
RunLog[0]: 0x2e $null        -> 
RunLog[0]: 0x2f $null        -> 
Info: Tick on thread 0
Info: McodeAccelerator:: 0x909e0400 = IMEM[0x30]
Info: McodeAccelerator:: 0x68000000 = IMEM[0x31]
Info: McodeAccelerator:: 0x68000000 = IMEM[0x32]
Info: McodeAccelerator:: 0x68000000 = IMEM[0x33]
Info: McodeAccelerator:: 0x509ee428 = IMEM[0x34]
Info: McodeAccelerator:: 0x68000000 = IMEM[0x35]
Info: McodeAccelerator:: 0x68000000 = IMEM[0x36]
Info: McodeAccelerator:: 0x68000000 = IMEM[0x37]
Info: McodeMachine:Run_Machine PC=0x30
Info: McodeMachine:Run_Machine: new bundle pc=0x30 (size=8)
Info: RunLog[0]: 0x0 = Get_Register(0)

LOG:Get_Operands: 0x30  McodeAluInstruction
LOG:Get_Operands: 0x31  McodeNullInstruction
LOG:Get_Operands: 0x32  McodeNullInstruction
LOG:Get_Operands: 0x33  McodeNullInstruction
Info: RunLog[0]: 0x400 = Get_Register(28)

Info: RunLog[0]: 0x0 = Get_Register(30)

LOG:Get_Operands: 0x34  McodeStoreInstruction
LOG:Get_Operands: 0x35  McodeNullInstruction
LOG:Get_Operands: 0x36  McodeNullInstruction
LOG:Get_Operands: 0x37  McodeNullInstruction
Info: ___execute_alu_operation___
Info: 48: Alu!
LOG:Execute     : 0x30  McodeAluInstruction
Info: 49: Null!
LOG:Execute     : 0x31  McodeNullInstruction
Info: 50: Null!
LOG:Execute     : 0x32  McodeNullInstruction
Info: 51: Null!
LOG:Execute     : 0x33  McodeNullInstruction
Info: McodeAccelerator:: DMEM[0x85] = 0x0

Info: ___execute_store_operation___ 
Info: 52: Store!
LOG:Execute     : 0x34  McodeStoreInstruction
Info: 53: Null!
LOG:Execute     : 0x35  McodeNullInstruction
Info: 54: Null!
LOG:Execute     : 0x36  McodeNullInstruction
Info: 55: Null!
LOG:Execute     : 0x37  McodeNullInstruction
Info: RunLog[0]: Set_Register(30, 0x0)
LOG:Set_Results  : 0x30  McodeAluInstruction
LOG:Set_Results  : 0x31  McodeNullInstruction
LOG:Set_Results  : 0x32  McodeNullInstruction
LOG:Set_Results  : 0x33  McodeNullInstruction
LOG:Set_Results  : 0x34  McodeStoreInstruction
LOG:Set_Results  : 0x35  McodeNullInstruction
LOG:Set_Results  : 0x36  McodeNullInstruction
LOG:Set_Results  : 0x37  McodeNullInstruction
RunLog[0]: l_48 pc=0x30  McodeInstructionBundle
RunLog[0]: 0x30 +           0x0    0x0     -> 0x0    
RunLog[0]: 0x31 $null        -> 
RunLog[0]: 0x32 $null        -> 
RunLog[0]: 0x33 $null        -> 
RunLog[0]: 0x34 $st         0x400    0x28    0x0     -> 
RunLog[0]: 0x35 $null        -> 
RunLog[0]: 0x36 $null        -> 
RunLog[0]: 0x37 $null        -> 
Info: Tick on thread 0
Info: McodeAccelerator:: 0x909e0400 = IMEM[0x38]
Info: McodeAccelerator:: 0x68000000 = IMEM[0x39]
Info: McodeAccelerator:: 0x68000000 = IMEM[0x3a]
Info: McodeAccelerator:: 0x68000000 = IMEM[0x3b]
Info: McodeAccelerator:: 0x509ee430 = IMEM[0x3c]
Info: McodeAccelerator:: 0x68000000 = IMEM[0x3d]
Info: McodeAccelerator:: 0x68000000 = IMEM[0x3e]
Info: McodeAccelerator:: 0x68000000 = IMEM[0x3f]
Info: McodeMachine:Run_Machine PC=0x38
Info: McodeMachine:Run_Machine: new bundle pc=0x38 (size=8)
Info: RunLog[0]: 0x0 = Get_Register(0)

LOG:Get_Operands: 0x38  McodeAluInstruction
LOG:Get_Operands: 0x39  McodeNullInstruction
LOG:Get_Operands: 0x3a  McodeNullInstruction
LOG:Get_Operands: 0x3b  McodeNullInstruction
Info: RunLog[0]: 0x400 = Get_Register(28)

Info: RunLog[0]: 0x0 = Get_Register(30)

LOG:Get_Operands: 0x3c  McodeStoreInstruction
LOG:Get_Operands: 0x3d  McodeNullInstruction
LOG:Get_Operands: 0x3e  McodeNullInstruction
LOG:Get_Operands: 0x3f  McodeNullInstruction
Info: ___execute_alu_operation___
Info: 56: Alu!
LOG:Execute     : 0x38  McodeAluInstruction
Info: 57: Null!
LOG:Execute     : 0x39  McodeNullInstruction
Info: 58: Null!
LOG:Execute     : 0x3a  McodeNullInstruction
Info: 59: Null!
LOG:Execute     : 0x3b  McodeNullInstruction
Info: McodeAccelerator:: DMEM[0x86] = 0x0

Info: ___execute_store_operation___ 
Info: 60: Store!
LOG:Execute     : 0x3c  McodeStoreInstruction
Info: 61: Null!
LOG:Execute     : 0x3d  McodeNullInstruction
Info: 62: Null!
LOG:Execute     : 0x3e  McodeNullInstruction
Info: 63: Null!
LOG:Execute     : 0x3f  McodeNullInstruction
Info: RunLog[0]: Set_Register(30, 0x0)
LOG:Set_Results  : 0x38  McodeAluInstruction
LOG:Set_Results  : 0x39  McodeNullInstruction
LOG:Set_Results  : 0x3a  McodeNullInstruction
LOG:Set_Results  : 0x3b  McodeNullInstruction
LOG:Set_Results  : 0x3c  McodeStoreInstruction
LOG:Set_Results  : 0x3d  McodeNullInstruction
LOG:Set_Results  : 0x3e  McodeNullInstruction
LOG:Set_Results  : 0x3f  McodeNullInstruction
RunLog[0]: l_56 pc=0x38  McodeInstructionBundle
RunLog[0]: 0x38 +           0x0    0x0     -> 0x0    
RunLog[0]: 0x39 $null        -> 
RunLog[0]: 0x3a $null        -> 
RunLog[0]: 0x3b $null        -> 
RunLog[0]: 0x3c $st         0x400    0x30    0x0     -> 
RunLog[0]: 0x3d $null        -> 
RunLog[0]: 0x3e $null        -> 
RunLog[0]: 0x3f $null        -> 
Info: Tick on thread 0
Info: McodeAccelerator:: 0x909e0400 = IMEM[0x40]
Info: McodeAccelerator:: 0x68000000 = IMEM[0x41]
Info: McodeAccelerator:: 0x68000000 = IMEM[0x42]
Info: McodeAccelerator:: 0x68000000 = IMEM[0x43]
Info: McodeAccelerator:: 0x509ee438 = IMEM[0x44]
Info: McodeAccelerator:: 0x68000000 = IMEM[0x45]
Info: McodeAccelerator:: 0x68000000 = IMEM[0x46]
Info: McodeAccelerator:: 0x68000000 = IMEM[0x47]
Info: McodeMachine:Run_Machine PC=0x40
Info: McodeMachine:Run_Machine: new bundle pc=0x40 (size=8)
Info: RunLog[0]: 0x0 = Get_Register(0)

LOG:Get_Operands: 0x40  McodeAluInstruction
LOG:Get_Operands: 0x41  McodeNullInstruction
LOG:Get_Operands: 0x42  McodeNullInstruction
LOG:Get_Operands: 0x43  McodeNullInstruction
Info: RunLog[0]: 0x400 = Get_Register(28)

Info: RunLog[0]: 0x0 = Get_Register(30)

LOG:Get_Operands: 0x44  McodeStoreInstruction
LOG:Get_Operands: 0x45  McodeNullInstruction
LOG:Get_Operands: 0x46  McodeNullInstruction
LOG:Get_Operands: 0x47  McodeNullInstruction
Info: ___execute_alu_operation___
Info: 64: Alu!
LOG:Execute     : 0x40  McodeAluInstruction
Info: 65: Null!
LOG:Execute     : 0x41  McodeNullInstruction
Info: 66: Null!
LOG:Execute     : 0x42  McodeNullInstruction
Info: 67: Null!
LOG:Execute     : 0x43  McodeNullInstruction
Info: McodeAccelerator:: DMEM[0x87] = 0x0

Info: ___execute_store_operation___ 
Info: 68: Store!
LOG:Execute     : 0x44  McodeStoreInstruction
Info: 69: Null!
LOG:Execute     : 0x45  McodeNullInstruction
Info: 70: Null!
LOG:Execute     : 0x46  McodeNullInstruction
Info: 71: Null!
LOG:Execute     : 0x47  McodeNullInstruction
Info: RunLog[0]: Set_Register(30, 0x0)
LOG:Set_Results  : 0x40  McodeAluInstruction
LOG:Set_Results  : 0x41  McodeNullInstruction
LOG:Set_Results  : 0x42  McodeNullInstruction
LOG:Set_Results  : 0x43  McodeNullInstruction
LOG:Set_Results  : 0x44  McodeStoreInstruction
LOG:Set_Results  : 0x45  McodeNullInstruction
LOG:Set_Results  : 0x46  McodeNullInstruction
LOG:Set_Results  : 0x47  McodeNullInstruction
RunLog[0]: l_64 pc=0x40  McodeInstructionBundle
RunLog[0]: 0x40 +           0x0    0x0     -> 0x0    
RunLog[0]: 0x41 $null        -> 
RunLog[0]: 0x42 $null        -> 
RunLog[0]: 0x43 $null        -> 
RunLog[0]: 0x44 $st         0x400    0x38    0x0     -> 
RunLog[0]: 0x45 $null        -> 
RunLog[0]: 0x46 $null        -> 
RunLog[0]: 0x47 $null        -> 
Info: Tick on thread 0
Info: McodeAccelerator:: 0x909e0400 = IMEM[0x48]
Info: McodeAccelerator:: 0x68000000 = IMEM[0x49]
Info: McodeAccelerator:: 0x68000000 = IMEM[0x4a]
Info: McodeAccelerator:: 0x68000000 = IMEM[0x4b]
Info: McodeAccelerator:: 0x509ee440 = IMEM[0x4c]
Info: McodeAccelerator:: 0x68000000 = IMEM[0x4d]
Info: McodeAccelerator:: 0x68000000 = IMEM[0x4e]
Info: McodeAccelerator:: 0x68000000 = IMEM[0x4f]
Info: McodeMachine:Run_Machine PC=0x48
Info: McodeMachine:Run_Machine: new bundle pc=0x48 (size=8)
Info: RunLog[0]: 0x0 = Get_Register(0)

LOG:Get_Operands: 0x48  McodeAluInstruction
LOG:Get_Operands: 0x49  McodeNullInstruction
LOG:Get_Operands: 0x4a  McodeNullInstruction
LOG:Get_Operands: 0x4b  McodeNullInstruction
Info: RunLog[0]: 0x400 = Get_Register(28)

Info: RunLog[0]: 0x0 = Get_Register(30)

LOG:Get_Operands: 0x4c  McodeStoreInstruction
LOG:Get_Operands: 0x4d  McodeNullInstruction
LOG:Get_Operands: 0x4e  McodeNullInstruction
LOG:Get_Operands: 0x4f  McodeNullInstruction
Info: ___execute_alu_operation___
Info: 72: Alu!
LOG:Execute     : 0x48  McodeAluInstruction
Info: 73: Null!
LOG:Execute     : 0x49  McodeNullInstruction
Info: 74: Null!
LOG:Execute     : 0x4a  McodeNullInstruction
Info: 75: Null!
LOG:Execute     : 0x4b  McodeNullInstruction
Info: McodeAccelerator:: DMEM[0x88] = 0x0

Info: ___execute_store_operation___ 
Info: 76: Store!
LOG:Execute     : 0x4c  McodeStoreInstruction
Info: 77: Null!
LOG:Execute     : 0x4d  McodeNullInstruction
Info: 78: Null!
LOG:Execute     : 0x4e  McodeNullInstruction
Info: 79: Null!
LOG:Execute     : 0x4f  McodeNullInstruction
Info: RunLog[0]: Set_Register(30, 0x0)
LOG:Set_Results  : 0x48  McodeAluInstruction
LOG:Set_Results  : 0x49  McodeNullInstruction
LOG:Set_Results  : 0x4a  McodeNullInstruction
LOG:Set_Results  : 0x4b  McodeNullInstruction
LOG:Set_Results  : 0x4c  McodeStoreInstruction
LOG:Set_Results  : 0x4d  McodeNullInstruction
LOG:Set_Results  : 0x4e  McodeNullInstruction
LOG:Set_Results  : 0x4f  McodeNullInstruction
RunLog[0]: l_72 pc=0x48  McodeInstructionBundle
RunLog[0]: 0x48 +           0x0    0x0     -> 0x0    
RunLog[0]: 0x49 $null        -> 
RunLog[0]: 0x4a $null        -> 
RunLog[0]: 0x4b $null        -> 
RunLog[0]: 0x4c $st         0x400    0x40    0x0     -> 
RunLog[0]: 0x4d $null        -> 
RunLog[0]: 0x4e $null        -> 
RunLog[0]: 0x4f $null        -> 
Info: Tick on thread 0
Info: McodeAccelerator:: 0x909e0400 = IMEM[0x50]
Info: McodeAccelerator:: 0x68000000 = IMEM[0x51]
Info: McodeAccelerator:: 0x68000000 = IMEM[0x52]
Info: McodeAccelerator:: 0x68000000 = IMEM[0x53]
Info: McodeAccelerator:: 0x509ee448 = IMEM[0x54]
Info: McodeAccelerator:: 0x68000000 = IMEM[0x55]
Info: McodeAccelerator:: 0x68000000 = IMEM[0x56]
Info: McodeAccelerator:: 0x68000000 = IMEM[0x57]
Info: McodeMachine:Run_Machine PC=0x50
Info: McodeMachine:Run_Machine: new bundle pc=0x50 (size=8)
Info: RunLog[0]: 0x0 = Get_Register(0)

LOG:Get_Operands: 0x50  McodeAluInstruction
LOG:Get_Operands: 0x51  McodeNullInstruction
LOG:Get_Operands: 0x52  McodeNullInstruction
LOG:Get_Operands: 0x53  McodeNullInstruction
Info: RunLog[0]: 0x400 = Get_Register(28)

Info: RunLog[0]: 0x0 = Get_Register(30)

LOG:Get_Operands: 0x54  McodeStoreInstruction
LOG:Get_Operands: 0x55  McodeNullInstruction
LOG:Get_Operands: 0x56  McodeNullInstruction
LOG:Get_Operands: 0x57  McodeNullInstruction
Info: ___execute_alu_operation___
Info: 80: Alu!
LOG:Execute     : 0x50  McodeAluInstruction
Info: 81: Null!
LOG:Execute     : 0x51  McodeNullInstruction
Info: 82: Null!
LOG:Execute     : 0x52  McodeNullInstruction
Info: 83: Null!
LOG:Execute     : 0x53  McodeNullInstruction
Info: McodeAccelerator:: DMEM[0x89] = 0x0

Info: ___execute_store_operation___ 
Info: 84: Store!
LOG:Execute     : 0x54  McodeStoreInstruction
Info: 85: Null!
LOG:Execute     : 0x55  McodeNullInstruction
Info: 86: Null!
LOG:Execute     : 0x56  McodeNullInstruction
Info: 87: Null!
LOG:Execute     : 0x57  McodeNullInstruction
Info: RunLog[0]: Set_Register(30, 0x0)
LOG:Set_Results  : 0x50  McodeAluInstruction
LOG:Set_Results  : 0x51  McodeNullInstruction
LOG:Set_Results  : 0x52  McodeNullInstruction
LOG:Set_Results  : 0x53  McodeNullInstruction
LOG:Set_Results  : 0x54  McodeStoreInstruction
LOG:Set_Results  : 0x55  McodeNullInstruction
LOG:Set_Results  : 0x56  McodeNullInstruction
LOG:Set_Results  : 0x57  McodeNullInstruction
RunLog[0]: l_80 pc=0x50  McodeInstructionBundle
RunLog[0]: 0x50 +           0x0    0x0     -> 0x0    
RunLog[0]: 0x51 $null        -> 
RunLog[0]: 0x52 $null        -> 
RunLog[0]: 0x53 $null        -> 
RunLog[0]: 0x54 $st         0x400    0x48    0x0     -> 
RunLog[0]: 0x55 $null        -> 
RunLog[0]: 0x56 $null        -> 
RunLog[0]: 0x57 $null        -> 
Info: Tick on thread 0
Info: McodeAccelerator:: 0x909e0400 = IMEM[0x58]
Info: McodeAccelerator:: 0x68000000 = IMEM[0x59]
Info: McodeAccelerator:: 0x68000000 = IMEM[0x5a]
Info: McodeAccelerator:: 0x68000000 = IMEM[0x5b]
Info: McodeAccelerator:: 0x509ee450 = IMEM[0x5c]
Info: McodeAccelerator:: 0x68000000 = IMEM[0x5d]
Info: McodeAccelerator:: 0x68000000 = IMEM[0x5e]
Info: McodeAccelerator:: 0x68000000 = IMEM[0x5f]
Info: McodeMachine:Run_Machine PC=0x58
Info: McodeMachine:Run_Machine: new bundle pc=0x58 (size=8)
Info: RunLog[0]: 0x0 = Get_Register(0)

LOG:Get_Operands: 0x58  McodeAluInstruction
LOG:Get_Operands: 0x59  McodeNullInstruction
LOG:Get_Operands: 0x5a  McodeNullInstruction
LOG:Get_Operands: 0x5b  McodeNullInstruction
Info: RunLog[0]: 0x400 = Get_Register(28)

Info: RunLog[0]: 0x0 = Get_Register(30)

LOG:Get_Operands: 0x5c  McodeStoreInstruction
LOG:Get_Operands: 0x5d  McodeNullInstruction
LOG:Get_Operands: 0x5e  McodeNullInstruction
LOG:Get_Operands: 0x5f  McodeNullInstruction
Info: ___execute_alu_operation___
Info: 88: Alu!
LOG:Execute     : 0x58  McodeAluInstruction
Info: 89: Null!
LOG:Execute     : 0x59  McodeNullInstruction
Info: 90: Null!
LOG:Execute     : 0x5a  McodeNullInstruction
Info: 91: Null!
LOG:Execute     : 0x5b  McodeNullInstruction
Info: McodeAccelerator:: DMEM[0x8a] = 0x0

Info: ___execute_store_operation___ 
Info: 92: Store!
LOG:Execute     : 0x5c  McodeStoreInstruction
Info: 93: Null!
LOG:Execute     : 0x5d  McodeNullInstruction
Info: 94: Null!
LOG:Execute     : 0x5e  McodeNullInstruction
Info: 95: Null!
LOG:Execute     : 0x5f  McodeNullInstruction
Info: RunLog[0]: Set_Register(30, 0x0)
LOG:Set_Results  : 0x58  McodeAluInstruction
LOG:Set_Results  : 0x59  McodeNullInstruction
LOG:Set_Results  : 0x5a  McodeNullInstruction
LOG:Set_Results  : 0x5b  McodeNullInstruction
LOG:Set_Results  : 0x5c  McodeStoreInstruction
LOG:Set_Results  : 0x5d  McodeNullInstruction
LOG:Set_Results  : 0x5e  McodeNullInstruction
LOG:Set_Results  : 0x5f  McodeNullInstruction
RunLog[0]: l_88 pc=0x58  McodeInstructionBundle
RunLog[0]: 0x58 +           0x0    0x0     -> 0x0    
RunLog[0]: 0x59 $null        -> 
RunLog[0]: 0x5a $null        -> 
RunLog[0]: 0x5b $null        -> 
RunLog[0]: 0x5c $st         0x400    0x50    0x0     -> 
RunLog[0]: 0x5d $null        -> 
RunLog[0]: 0x5e $null        -> 
RunLog[0]: 0x5f $null        -> 
Info: Tick on thread 0
Info: McodeAccelerator:: 0x86000010 = IMEM[0x60]
Info: McodeAccelerator:: 0x68000000 = IMEM[0x61]
Info: McodeAccelerator:: 0x68000000 = IMEM[0x62]
Info: McodeAccelerator:: 0x68000000 = IMEM[0x63]
Info: McodeAccelerator:: 0x509ee458 = IMEM[0x64]
Info: McodeAccelerator:: 0x68000000 = IMEM[0x65]
Info: McodeAccelerator:: 0x68000000 = IMEM[0x66]
Info: McodeAccelerator:: 0x68000000 = IMEM[0x67]
Info: McodeMachine:Run_Machine PC=0x60
Info: McodeMachine:Run_Machine: new bundle pc=0x60 (size=8)
LOG:Get_Operands: 0x60  McodeCallInstruction
LOG:Get_Operands: 0x61  McodeNullInstruction
LOG:Get_Operands: 0x62  McodeNullInstruction
LOG:Get_Operands: 0x63  McodeNullInstruction
Info: RunLog[0]: 0x400 = Get_Register(28)

Info: RunLog[0]: 0x0 = Get_Register(30)

LOG:Get_Operands: 0x64  McodeStoreInstruction
LOG:Get_Operands: 0x65  McodeNullInstruction
LOG:Get_Operands: 0x66  McodeNullInstruction
LOG:Get_Operands: 0x67  McodeNullInstruction
Info: ___execute_call_operation___ npc = 0x70
Info: 96: Call! npc=0x70
LOG:Execute     : 0x60  McodeCallInstruction
Info: 97: Null!
LOG:Execute     : 0x61  McodeNullInstruction
Info: 98: Null!
LOG:Execute     : 0x62  McodeNullInstruction
Info: 99: Null!
LOG:Execute     : 0x63  McodeNullInstruction
Info: McodeAccelerator:: DMEM[0x8b] = 0x0

Info: ___execute_store_operation___ 
Info: 100: Store!
LOG:Execute     : 0x64  McodeStoreInstruction
Info: 101: Null!
LOG:Execute     : 0x65  McodeNullInstruction
Info: 102: Null!
LOG:Execute     : 0x66  McodeNullInstruction
Info: 103: Null!
LOG:Execute     : 0x67  McodeNullInstruction
LOG:Set_Results  : 0x60  McodeCallInstruction
LOG:Set_Results  : 0x61  McodeNullInstruction
LOG:Set_Results  : 0x62  McodeNullInstruction
LOG:Set_Results  : 0x63  McodeNullInstruction
LOG:Set_Results  : 0x64  McodeStoreInstruction
LOG:Set_Results  : 0x65  McodeNullInstruction
LOG:Set_Results  : 0x66  McodeNullInstruction
LOG:Set_Results  : 0x67  McodeNullInstruction
RunLog[0]: l_96 pc=0x60  McodeInstructionBundle
RunLog[0]: 0x60 $call        ->   npc=0x70
RunLog[0]: 0x61 $null        -> 
RunLog[0]: 0x62 $null        -> 
RunLog[0]: 0x63 $null        -> 
RunLog[0]: 0x64 $st         0x400    0x58    0x0     -> 
RunLog[0]: 0x65 $null        -> 
RunLog[0]: 0x66 $null        -> 
RunLog[0]: 0x67 $null        -> 
Info: Tick on thread 0
Info: McodeAccelerator:: 0x909a001b = IMEM[0x70]
Info: McodeAccelerator:: 0x149bdc98 = IMEM[0x71]
Info: McodeAccelerator:: 0x109d0401 = IMEM[0x72]
Info: McodeAccelerator:: 0x68000000 = IMEM[0x73]
Info: McodeAccelerator:: 0x509adc00 = IMEM[0x74]
Info: McodeAccelerator:: 0x4c86e400 = IMEM[0x75]
Info: McodeAccelerator:: 0x4c87e408 = IMEM[0x76]
Info: McodeAccelerator:: 0x68000000 = IMEM[0x77]
Info: McodeMachine:Run_Machine PC=0x70
Info: McodeMachine:Run_Machine: new bundle pc=0x70 (size=8)
Info: RunLog[0]: 0x0 = Get_Register(0)

Info: RunLog[0]: 0x7ff8 = Get_Register(27)

LOG:Get_Operands: 0x70  McodeAluInstruction
Info: RunLog[0]: 0x7ff8 = Get_Register(27)

LOG:Get_Operands: 0x71  McodeAluInstruction
Info: RunLog[0]: 0x0 = Get_Register(0)

LOG:Get_Operands: 0x72  McodeAluInstruction
LOG:Get_Operands: 0x73  McodeNullInstruction
Info: RunLog[0]: 0x7ff8 = Get_Register(27)

Info: RunLog[0]: 0x7ff8 = Get_Register(26)

LOG:Get_Operands: 0x74  McodeStoreInstruction
Info: RunLog[0]: 0x400 = Get_Register(28)

LOG:Get_Operands: 0x75  McodeLoadInstruction
Info: RunLog[0]: 0x400 = Get_Register(28)

LOG:Get_Operands: 0x76  McodeLoadInstruction
LOG:Get_Operands: 0x77  McodeNullInstruction
Info: ___execute_alu_operation___
Info: 112: Alu!
LOG:Execute     : 0x70  McodeAluInstruction
Info: ___execute_alu_operation___
Info: 113: Alu!
LOG:Execute     : 0x71  McodeAluInstruction
Info: ___execute_alu_operation___
Info: 114: Alu!
LOG:Execute     : 0x72  McodeAluInstruction
Info: 115: Null!
LOG:Execute     : 0x73  McodeNullInstruction
Info: McodeAccelerator:: DMEM[0xfff] = 0x7ff8

Info: ___execute_store_operation___ 
Info: 116: Store!
LOG:Execute     : 0x74  McodeStoreInstruction
Info: McodeAccelerator:: 0xa = DMEM[0x80]

Info: ___execute_load_operation___
Info: 117: Load!
LOG:Execute     : 0x75  McodeLoadInstruction
Info: McodeAccelerator:: 0x3 = DMEM[0x81]

Info: ___execute_load_operation___
Info: 118: Load!
LOG:Execute     : 0x76  McodeLoadInstruction
Info: 119: Null!
LOG:Execute     : 0x77  McodeNullInstruction
Info: RunLog[0]: Set_Register(26, 0x7ff8)
LOG:Set_Results  : 0x70  McodeAluInstruction
Info: RunLog[0]: Set_Register(27, 0x7f60)
LOG:Set_Results  : 0x71  McodeAluInstruction
Info: RunLog[0]: Set_Register(29, 0x1)
LOG:Set_Results  : 0x72  McodeAluInstruction
LOG:Set_Results  : 0x73  McodeNullInstruction
LOG:Set_Results  : 0x74  McodeStoreInstruction
Info: RunLog[0]: Set_Register(6, 0xa)
LOG:Set_Results  : 0x75  McodeLoadInstruction
Info: RunLog[0]: Set_Register(7, 0x3)
LOG:Set_Results  : 0x76  McodeLoadInstruction
LOG:Set_Results  : 0x77  McodeNullInstruction
RunLog[0]: l_112 pc=0x70  McodeInstructionBundle
RunLog[0]: 0x70 +           0x0    0x7ff8     -> 0x7ff8    
RunLog[0]: 0x71 -           0x7ff8    0x98     -> 0x7f60    
RunLog[0]: 0x72 +           0x0    0x1     -> 0x1    
RunLog[0]: 0x73 $null        -> 
RunLog[0]: 0x74 $st         0x7ff8    0x0    0x7ff8     -> 
RunLog[0]: 0x75 $ld         0x400    0x0     -> 0xa    
RunLog[0]: 0x76 $ld         0x400    0x8     -> 0x3    
RunLog[0]: 0x77 $null        -> 
Info: Tick on thread 0
Info: McodeAccelerator:: 0x90883007 = IMEM[0x78]
Info: McodeAccelerator:: 0xe8000000 = IMEM[0x79]
Info: McodeAccelerator:: 0xe8000000 = IMEM[0x7a]
Info: McodeAccelerator:: 0x68000000 = IMEM[0x7b]
Info: McodeAccelerator:: 0xe8000000 = IMEM[0x7c]
Info: McodeAccelerator:: 0x68000000 = IMEM[0x7d]
Info: McodeAccelerator:: 0x68000000 = IMEM[0x7e]
Info: McodeAccelerator:: 0x68000000 = IMEM[0x7f]
Info: McodeMachine:Run_Machine PC=0x78
Info: McodeMachine:Run_Machine: new bundle pc=0x78 (size=1)
Info: RunLog[0]: 0xa = Get_Register(6)

Info: RunLog[0]: 0x3 = Get_Register(7)

LOG:Get_Operands: 0x78  McodeAluInstruction
Info: ___execute_alu_operation___
Info: 120: Alu!
LOG:Execute     : 0x78  McodeAluInstruction
Info: RunLog[0]: Set_Register(8, 0xd)
LOG:Set_Results  : 0x78  McodeAluInstruction
RunLog[0]: l_120 pc=0x78  McodeInstructionBundle
RunLog[0]: 0x78 +           0xa    0x3     -> 0xd    
Info: Tick on thread 0
Info: McodeMachine:Run_Machine PC=0x79
Info: McodeMachine:Run_Machine: new bundle pc=0x79 (size=1)
LOG:Get_Operands: 0x79  McodeNullInstruction
Info: 121: Null!
LOG:Execute     : 0x79  McodeNullInstruction
LOG:Set_Results  : 0x79  McodeNullInstruction
RunLog[0]: l_121 pc=0x79  McodeInstructionBundle
RunLog[0]: 0x79 $null        -> 
Info: Tick on thread 0
Info: McodeMachine:Run_Machine PC=0x7a
Info: McodeMachine:Run_Machine: new bundle pc=0x7a (size=2)
LOG:Get_Operands: 0x7a  McodeNullInstruction
LOG:Get_Operands: 0x7b  McodeNullInstruction
Info: 122: Null!
LOG:Execute     : 0x7a  McodeNullInstruction
Info: 123: Null!
LOG:Execute     : 0x7b  McodeNullInstruction
LOG:Set_Results  : 0x7a  McodeNullInstruction
LOG:Set_Results  : 0x7b  McodeNullInstruction
RunLog[0]: l_122 pc=0x7a  McodeInstructionBundle
RunLog[0]: 0x7a $null        -> 
RunLog[0]: 0x7b $null        -> 
Info: Tick on thread 0
Info: McodeMachine:Run_Machine PC=0x7c
Info: McodeMachine:Run_Machine: new bundle pc=0x7c (size=4)
LOG:Get_Operands: 0x7c  McodeNullInstruction
LOG:Get_Operands: 0x7d  McodeNullInstruction
LOG:Get_Operands: 0x7e  McodeNullInstruction
LOG:Get_Operands: 0x7f  McodeNullInstruction
Info: 124: Null!
LOG:Execute     : 0x7c  McodeNullInstruction
Info: 125: Null!
LOG:Execute     : 0x7d  McodeNullInstruction
Info: 126: Null!
LOG:Execute     : 0x7e  McodeNullInstruction
Info: 127: Null!
LOG:Execute     : 0x7f  McodeNullInstruction
LOG:Set_Results  : 0x7c  McodeNullInstruction
LOG:Set_Results  : 0x7d  McodeNullInstruction
LOG:Set_Results  : 0x7e  McodeNullInstruction
LOG:Set_Results  : 0x7f  McodeNullInstruction
RunLog[0]: l_124 pc=0x7c  McodeInstructionBundle
RunLog[0]: 0x7c $null        -> 
RunLog[0]: 0x7d $null        -> 
RunLog[0]: 0x7e $null        -> 
RunLog[0]: 0x7f $null        -> 
Info: Tick on thread 0
Info: McodeAccelerator:: 0xe8000000 = IMEM[0x80]
Info: McodeAccelerator:: 0x68000000 = IMEM[0x81]
Info: McodeAccelerator:: 0x68000000 = IMEM[0x82]
Info: McodeAccelerator:: 0x68000000 = IMEM[0x83]
Info: McodeAccelerator:: 0x5088e410 = IMEM[0x84]
Info: McodeAccelerator:: 0x4c89e400 = IMEM[0x85]
Info: McodeAccelerator:: 0x4c8ae408 = IMEM[0x86]
Info: McodeAccelerator:: 0x68000000 = IMEM[0x87]
Info: McodeMachine:Run_Machine PC=0x80
Info: McodeMachine:Run_Machine: new bundle pc=0x80 (size=8)
LOG:Get_Operands: 0x80  McodeNullInstruction
LOG:Get_Operands: 0x81  McodeNullInstruction
LOG:Get_Operands: 0x82  McodeNullInstruction
LOG:Get_Operands: 0x83  McodeNullInstruction
Info: RunLog[0]: 0x400 = Get_Register(28)

Info: RunLog[0]: 0xd = Get_Register(8)

LOG:Get_Operands: 0x84  McodeStoreInstruction
Info: RunLog[0]: 0x400 = Get_Register(28)

LOG:Get_Operands: 0x85  McodeLoadInstruction
Info: RunLog[0]: 0x400 = Get_Register(28)

LOG:Get_Operands: 0x86  McodeLoadInstruction
LOG:Get_Operands: 0x87  McodeNullInstruction
Info: 128: Null!
LOG:Execute     : 0x80  McodeNullInstruction
Info: 129: Null!
LOG:Execute     : 0x81  McodeNullInstruction
Info: 130: Null!
LOG:Execute     : 0x82  McodeNullInstruction
Info: 131: Null!
LOG:Execute     : 0x83  McodeNullInstruction
Info: McodeAccelerator:: DMEM[0x82] = 0xd

Info: ___execute_store_operation___ 
Info: 132: Store!
LOG:Execute     : 0x84  McodeStoreInstruction
Info: McodeAccelerator:: 0xa = DMEM[0x80]

Info: ___execute_load_operation___
Info: 133: Load!
LOG:Execute     : 0x85  McodeLoadInstruction
Info: McodeAccelerator:: 0x3 = DMEM[0x81]

Info: ___execute_load_operation___
Info: 134: Load!
LOG:Execute     : 0x86  McodeLoadInstruction
Info: 135: Null!
LOG:Execute     : 0x87  McodeNullInstruction
LOG:Set_Results  : 0x80  McodeNullInstruction
LOG:Set_Results  : 0x81  McodeNullInstruction
LOG:Set_Results  : 0x82  McodeNullInstruction
LOG:Set_Results  : 0x83  McodeNullInstruction
LOG:Set_Results  : 0x84  McodeStoreInstruction
Info: RunLog[0]: Set_Register(9, 0xa)
LOG:Set_Results  : 0x85  McodeLoadInstruction
Info: RunLog[0]: Set_Register(10, 0x3)
LOG:Set_Results  : 0x86  McodeLoadInstruction
LOG:Set_Results  : 0x87  McodeNullInstruction
RunLog[0]: l_128 pc=0x80  McodeInstructionBundle
RunLog[0]: 0x80 $null        -> 
RunLog[0]: 0x81 $null        -> 
RunLog[0]: 0x82 $null        -> 
RunLog[0]: 0x83 $null        -> 
RunLog[0]: 0x84 $st         0x400    0x10    0xd     -> 
RunLog[0]: 0x85 $ld         0x400    0x0     -> 0xa    
RunLog[0]: 0x86 $ld         0x400    0x8     -> 0x3    
RunLog[0]: 0x87 $null        -> 
Info: Tick on thread 0
Info: McodeAccelerator:: 0x948b480a = IMEM[0x88]
Info: McodeAccelerator:: 0xe8000000 = IMEM[0x89]
Info: McodeAccelerator:: 0xe8000000 = IMEM[0x8a]
Info: McodeAccelerator:: 0x68000000 = IMEM[0x8b]
Info: McodeAccelerator:: 0xe8000000 = IMEM[0x8c]
Info: McodeAccelerator:: 0x68000000 = IMEM[0x8d]
Info: McodeAccelerator:: 0x68000000 = IMEM[0x8e]
Info: McodeAccelerator:: 0x68000000 = IMEM[0x8f]
Info: McodeMachine:Run_Machine PC=0x88
Info: McodeMachine:Run_Machine: new bundle pc=0x88 (size=1)
Info: RunLog[0]: 0xa = Get_Register(9)

Info: RunLog[0]: 0x3 = Get_Register(10)

LOG:Get_Operands: 0x88  McodeAluInstruction
Info: ___execute_alu_operation___
Info: 136: Alu!
LOG:Execute     : 0x88  McodeAluInstruction
Info: RunLog[0]: Set_Register(11, 0x7)
LOG:Set_Results  : 0x88  McodeAluInstruction
RunLog[0]: l_136 pc=0x88  McodeInstructionBundle
RunLog[0]: 0x88 -           0xa    0x3     -> 0x7    
Info: Tick on thread 0
Info: McodeMachine:Run_Machine PC=0x89
Info: McodeMachine:Run_Machine: new bundle pc=0x89 (size=1)
LOG:Get_Operands: 0x89  McodeNullInstruction
Info: 137: Null!
LOG:Execute     : 0x89  McodeNullInstruction
LOG:Set_Results  : 0x89  McodeNullInstruction
RunLog[0]: l_137 pc=0x89  McodeInstructionBundle
RunLog[0]: 0x89 $null        -> 
Info: Tick on thread 0
Info: McodeMachine:Run_Machine PC=0x8a
Info: McodeMachine:Run_Machine: new bundle pc=0x8a (size=2)
LOG:Get_Operands: 0x8a  McodeNullInstruction
LOG:Get_Operands: 0x8b  McodeNullInstruction
Info: 138: Null!
LOG:Execute     : 0x8a  McodeNullInstruction
Info: 139: Null!
LOG:Execute     : 0x8b  McodeNullInstruction
LOG:Set_Results  : 0x8a  McodeNullInstruction
LOG:Set_Results  : 0x8b  McodeNullInstruction
RunLog[0]: l_138 pc=0x8a  McodeInstructionBundle
RunLog[0]: 0x8a $null        -> 
RunLog[0]: 0x8b $null        -> 
Info: Tick on thread 0
Info: McodeMachine:Run_Machine PC=0x8c
Info: McodeMachine:Run_Machine: new bundle pc=0x8c (size=4)
LOG:Get_Operands: 0x8c  McodeNullInstruction
LOG:Get_Operands: 0x8d  McodeNullInstruction
LOG:Get_Operands: 0x8e  McodeNullInstruction
LOG:Get_Operands: 0x8f  McodeNullInstruction
Info: 140: Null!
LOG:Execute     : 0x8c  McodeNullInstruction
Info: 141: Null!
LOG:Execute     : 0x8d  McodeNullInstruction
Info: 142: Null!
LOG:Execute     : 0x8e  McodeNullInstruction
Info: 143: Null!
LOG:Execute     : 0x8f  McodeNullInstruction
LOG:Set_Results  : 0x8c  McodeNullInstruction
LOG:Set_Results  : 0x8d  McodeNullInstruction
LOG:Set_Results  : 0x8e  McodeNullInstruction
LOG:Set_Results  : 0x8f  McodeNullInstruction
RunLog[0]: l_140 pc=0x8c  McodeInstructionBundle
RunLog[0]: 0x8c $null        -> 
RunLog[0]: 0x8d $null        -> 
RunLog[0]: 0x8e $null        -> 
RunLog[0]: 0x8f $null        -> 
Info: Tick on thread 0
Info: McodeAccelerator:: 0xe8000000 = IMEM[0x90]
Info: McodeAccelerator:: 0x68000000 = IMEM[0x91]
Info: McodeAccelerator:: 0x68000000 = IMEM[0x92]
Info: McodeAccelerator:: 0x68000000 = IMEM[0x93]
Info: McodeAccelerator:: 0x508be418 = IMEM[0x94]
Info: McodeAccelerator:: 0x4c8ce400 = IMEM[0x95]
Info: McodeAccelerator:: 0x4c8de408 = IMEM[0x96]
Info: McodeAccelerator:: 0x68000000 = IMEM[0x97]
Info: McodeMachine:Run_Machine PC=0x90
Info: McodeMachine:Run_Machine: new bundle pc=0x90 (size=8)
LOG:Get_Operands: 0x90  McodeNullInstruction
LOG:Get_Operands: 0x91  McodeNullInstruction
LOG:Get_Operands: 0x92  McodeNullInstruction
LOG:Get_Operands: 0x93  McodeNullInstruction
Info: RunLog[0]: 0x400 = Get_Register(28)

Info: RunLog[0]: 0x7 = Get_Register(11)

LOG:Get_Operands: 0x94  McodeStoreInstruction
Info: RunLog[0]: 0x400 = Get_Register(28)

LOG:Get_Operands: 0x95  McodeLoadInstruction
Info: RunLog[0]: 0x400 = Get_Register(28)

LOG:Get_Operands: 0x96  McodeLoadInstruction
LOG:Get_Operands: 0x97  McodeNullInstruction
Info: 144: Null!
LOG:Execute     : 0x90  McodeNullInstruction
Info: 145: Null!
LOG:Execute     : 0x91  McodeNullInstruction
Info: 146: Null!
LOG:Execute     : 0x92  McodeNullInstruction
Info: 147: Null!
LOG:Execute     : 0x93  McodeNullInstruction
Info: McodeAccelerator:: DMEM[0x83] = 0x7

Info: ___execute_store_operation___ 
Info: 148: Store!
LOG:Execute     : 0x94  McodeStoreInstruction
Info: McodeAccelerator:: 0xa = DMEM[0x80]

Info: ___execute_load_operation___
Info: 149: Load!
LOG:Execute     : 0x95  McodeLoadInstruction
Info: McodeAccelerator:: 0x3 = DMEM[0x81]

Info: ___execute_load_operation___
Info: 150: Load!
LOG:Execute     : 0x96  McodeLoadInstruction
Info: 151: Null!
LOG:Execute     : 0x97  McodeNullInstruction
LOG:Set_Results  : 0x90  McodeNullInstruction
LOG:Set_Results  : 0x91  McodeNullInstruction
LOG:Set_Results  : 0x92  McodeNullInstruction
LOG:Set_Results  : 0x93  McodeNullInstruction
LOG:Set_Results  : 0x94  McodeStoreInstruction
Info: RunLog[0]: Set_Register(12, 0xa)
LOG:Set_Results  : 0x95  McodeLoadInstruction
Info: RunLog[0]: Set_Register(13, 0x3)
LOG:Set_Results  : 0x96  McodeLoadInstruction
LOG:Set_Results  : 0x97  McodeNullInstruction
RunLog[0]: l_144 pc=0x90  McodeInstructionBundle
RunLog[0]: 0x90 $null        -> 
RunLog[0]: 0x91 $null        -> 
RunLog[0]: 0x92 $null        -> 
RunLog[0]: 0x93 $null        -> 
RunLog[0]: 0x94 $st         0x400    0x18    0x7     -> 
RunLog[0]: 0x95 $ld         0x400    0x0     -> 0xa    
RunLog[0]: 0x96 $ld         0x400    0x8     -> 0x3    
RunLog[0]: 0x97 $null        -> 
Info: Tick on thread 0
Info: McodeAccelerator:: 0x988e600d = IMEM[0x98]
Info: McodeAccelerator:: 0xe8000000 = IMEM[0x99]
Info: McodeAccelerator:: 0xe8000000 = IMEM[0x9a]
Info: McodeAccelerator:: 0x68000000 = IMEM[0x9b]
Info: McodeAccelerator:: 0xe8000000 = IMEM[0x9c]
Info: McodeAccelerator:: 0x68000000 = IMEM[0x9d]
Info: McodeAccelerator:: 0x68000000 = IMEM[0x9e]
Info: McodeAccelerator:: 0x68000000 = IMEM[0x9f]
Info: McodeMachine:Run_Machine PC=0x98
Info: McodeMachine:Run_Machine: new bundle pc=0x98 (size=1)
Info: RunLog[0]: 0xa = Get_Register(12)

Info: RunLog[0]: 0x3 = Get_Register(13)

LOG:Get_Operands: 0x98  McodeAluInstruction
Info: ___execute_alu_operation___
Info: 152: Alu!
LOG:Execute     : 0x98  McodeAluInstruction
Info: RunLog[0]: Set_Register(14, 0x1e)
LOG:Set_Results  : 0x98  McodeAluInstruction
RunLog[0]: l_152 pc=0x98  McodeInstructionBundle
RunLog[0]: 0x98 *           0xa    0x3     -> 0x1e    
Info: Tick on thread 0
Info: McodeMachine:Run_Machine PC=0x99
Info: McodeMachine:Run_Machine: new bundle pc=0x99 (size=1)
LOG:Get_Operands: 0x99  McodeNullInstruction
Info: 153: Null!
LOG:Execute     : 0x99  McodeNullInstruction
LOG:Set_Results  : 0x99  McodeNullInstruction
RunLog[0]: l_153 pc=0x99  McodeInstructionBundle
RunLog[0]: 0x99 $null        -> 
Info: Tick on thread 0
Info: McodeMachine:Run_Machine PC=0x9a
Info: McodeMachine:Run_Machine: new bundle pc=0x9a (size=2)
LOG:Get_Operands: 0x9a  McodeNullInstruction
LOG:Get_Operands: 0x9b  McodeNullInstruction
Info: 154: Null!
LOG:Execute     : 0x9a  McodeNullInstruction
Info: 155: Null!
LOG:Execute     : 0x9b  McodeNullInstruction
LOG:Set_Results  : 0x9a  McodeNullInstruction
LOG:Set_Results  : 0x9b  McodeNullInstruction
RunLog[0]: l_154 pc=0x9a  McodeInstructionBundle
RunLog[0]: 0x9a $null        -> 
RunLog[0]: 0x9b $null        -> 
Info: Tick on thread 0
Info: McodeMachine:Run_Machine PC=0x9c
Info: McodeMachine:Run_Machine: new bundle pc=0x9c (size=4)
LOG:Get_Operands: 0x9c  McodeNullInstruction
LOG:Get_Operands: 0x9d  McodeNullInstruction
LOG:Get_Operands: 0x9e  McodeNullInstruction
LOG:Get_Operands: 0x9f  McodeNullInstruction
Info: 156: Null!
LOG:Execute     : 0x9c  McodeNullInstruction
Info: 157: Null!
LOG:Execute     : 0x9d  McodeNullInstruction
Info: 158: Null!
LOG:Execute     : 0x9e  McodeNullInstruction
Info: 159: Null!
LOG:Execute     : 0x9f  McodeNullInstruction
LOG:Set_Results  : 0x9c  McodeNullInstruction
LOG:Set_Results  : 0x9d  McodeNullInstruction
LOG:Set_Results  : 0x9e  McodeNullInstruction
LOG:Set_Results  : 0x9f  McodeNullInstruction
RunLog[0]: l_156 pc=0x9c  McodeInstructionBundle
RunLog[0]: 0x9c $null        -> 
RunLog[0]: 0x9d $null        -> 
RunLog[0]: 0x9e $null        -> 
RunLog[0]: 0x9f $null        -> 
Info: Tick on thread 0
Info: McodeAccelerator:: 0xe8000000 = IMEM[0xa0]
Info: McodeAccelerator:: 0x68000000 = IMEM[0xa1]
Info: McodeAccelerator:: 0x68000000 = IMEM[0xa2]
Info: McodeAccelerator:: 0x68000000 = IMEM[0xa3]
Info: McodeAccelerator:: 0x508ee420 = IMEM[0xa4]
Info: McodeAccelerator:: 0x4c8fe400 = IMEM[0xa5]
Info: McodeAccelerator:: 0x4c90e408 = IMEM[0xa6]
Info: McodeAccelerator:: 0x68000000 = IMEM[0xa7]
Info: McodeMachine:Run_Machine PC=0xa0
Info: McodeMachine:Run_Machine: new bundle pc=0xa0 (size=8)
LOG:Get_Operands: 0xa0  McodeNullInstruction
LOG:Get_Operands: 0xa1  McodeNullInstruction
LOG:Get_Operands: 0xa2  McodeNullInstruction
LOG:Get_Operands: 0xa3  McodeNullInstruction
Info: RunLog[0]: 0x400 = Get_Register(28)

Info: RunLog[0]: 0x1e = Get_Register(14)

LOG:Get_Operands: 0xa4  McodeStoreInstruction
Info: RunLog[0]: 0x400 = Get_Register(28)

LOG:Get_Operands: 0xa5  McodeLoadInstruction
Info: RunLog[0]: 0x400 = Get_Register(28)

LOG:Get_Operands: 0xa6  McodeLoadInstruction
LOG:Get_Operands: 0xa7  McodeNullInstruction
Info: 160: Null!
LOG:Execute     : 0xa0  McodeNullInstruction
Info: 161: Null!
LOG:Execute     : 0xa1  McodeNullInstruction
Info: 162: Null!
LOG:Execute     : 0xa2  McodeNullInstruction
Info: 163: Null!
LOG:Execute     : 0xa3  McodeNullInstruction
Info: McodeAccelerator:: DMEM[0x84] = 0x1e

Info: ___execute_store_operation___ 
Info: 164: Store!
LOG:Execute     : 0xa4  McodeStoreInstruction
Info: McodeAccelerator:: 0xa = DMEM[0x80]

Info: ___execute_load_operation___
Info: 165: Load!
LOG:Execute     : 0xa5  McodeLoadInstruction
Info: McodeAccelerator:: 0x3 = DMEM[0x81]

Info: ___execute_load_operation___
Info: 166: Load!
LOG:Execute     : 0xa6  McodeLoadInstruction
Info: 167: Null!
LOG:Execute     : 0xa7  McodeNullInstruction
LOG:Set_Results  : 0xa0  McodeNullInstruction
LOG:Set_Results  : 0xa1  McodeNullInstruction
LOG:Set_Results  : 0xa2  McodeNullInstruction
LOG:Set_Results  : 0xa3  McodeNullInstruction
LOG:Set_Results  : 0xa4  McodeStoreInstruction
Info: RunLog[0]: Set_Register(15, 0xa)
LOG:Set_Results  : 0xa5  McodeLoadInstruction
Info: RunLog[0]: Set_Register(16, 0x3)
LOG:Set_Results  : 0xa6  McodeLoadInstruction
LOG:Set_Results  : 0xa7  McodeNullInstruction
RunLog[0]: l_160 pc=0xa0  McodeInstructionBundle
RunLog[0]: 0xa0 $null        -> 
RunLog[0]: 0xa1 $null        -> 
RunLog[0]: 0xa2 $null        -> 
RunLog[0]: 0xa3 $null        -> 
RunLog[0]: 0xa4 $st         0x400    0x20    0x1e     -> 
RunLog[0]: 0xa5 $ld         0x400    0x0     -> 0xa    
RunLog[0]: 0xa6 $ld         0x400    0x8     -> 0x3    
RunLog[0]: 0xa7 $null        -> 
Info: Tick on thread 0
Info: McodeAccelerator:: 0xe8000000 = IMEM[0xa8]
Info: McodeAccelerator:: 0x1c917810 = IMEM[0xa9]
Info: McodeAccelerator:: 0x68000000 = IMEM[0xaa]
Info: McodeAccelerator:: 0x68000000 = IMEM[0xab]
Info: McodeAccelerator:: 0x68000000 = IMEM[0xac]
Info: McodeAccelerator:: 0x68000000 = IMEM[0xad]
Info: McodeAccelerator:: 0x68000000 = IMEM[0xae]
Info: McodeAccelerator:: 0x68000000 = IMEM[0xaf]
Info: McodeMachine:Run_Machine PC=0xa8
Info: McodeMachine:Run_Machine: new bundle pc=0xa8 (size=8)
LOG:Get_Operands: 0xa8  McodeNullInstruction
Info: RunLog[0]: 0xa = Get_Register(15)

Info: RunLog[0]: 0x3 = Get_Register(16)

LOG:Get_Operands: 0xa9  McodeAluInstruction
LOG:Get_Operands: 0xaa  McodeNullInstruction
LOG:Get_Operands: 0xab  McodeNullInstruction
LOG:Get_Operands: 0xac  McodeNullInstruction
LOG:Get_Operands: 0xad  McodeNullInstruction
LOG:Get_Operands: 0xae  McodeNullInstruction
LOG:Get_Operands: 0xaf  McodeNullInstruction
Info: 168: Null!
LOG:Execute     : 0xa8  McodeNullInstruction
Info: ___execute_alu_operation___
Info: 169: Alu!
LOG:Execute     : 0xa9  McodeAluInstruction
Info: 170: Null!
LOG:Execute     : 0xaa  McodeNullInstruction
Info: 171: Null!
LOG:Execute     : 0xab  McodeNullInstruction
Info: 172: Null!
LOG:Execute     : 0xac  McodeNullInstruction
Info: 173: Null!
LOG:Execute     : 0xad  McodeNullInstruction
Info: 174: Null!
LOG:Execute     : 0xae  McodeNullInstruction
Info: 175: Null!
LOG:Execute     : 0xaf  McodeNullInstruction
LOG:Set_Results  : 0xa8  McodeNullInstruction
Info: RunLog[0]: Set_Register(17, 0x3)
LOG:Set_Results  : 0xa9  McodeAluInstruction
LOG:Set_Results  : 0xaa  McodeNullInstruction
LOG:Set_Results  : 0xab  McodeNullInstruction
LOG:Set_Results  : 0xac  McodeNullInstruction
LOG:Set_Results  : 0xad  McodeNullInstruction
LOG:Set_Results  : 0xae  McodeNullInstruction
LOG:Set_Results  : 0xaf  McodeNullInstruction
RunLog[0]: l_168 pc=0xa8  McodeInstructionBundle
RunLog[0]: 0xa8 $null        -> 
RunLog[0]: 0xa9 /           0xa    0x3     -> 0x3    
RunLog[0]: 0xaa $null        -> 
RunLog[0]: 0xab $null        -> 
RunLog[0]: 0xac $null        -> 
RunLog[0]: 0xad $null        -> 
RunLog[0]: 0xae $null        -> 
RunLog[0]: 0xaf $null        -> 
Info: Tick on thread 0
Info: McodeAccelerator:: 0xe8000000 = IMEM[0xb0]
Info: McodeAccelerator:: 0x68000000 = IMEM[0xb1]
Info: McodeAccelerator:: 0x68000000 = IMEM[0xb2]
Info: McodeAccelerator:: 0x68000000 = IMEM[0xb3]
Info: McodeAccelerator:: 0x5091e428 = IMEM[0xb4]
Info: McodeAccelerator:: 0x4c92e400 = IMEM[0xb5]
Info: McodeAccelerator:: 0x4c93e408 = IMEM[0xb6]
Info: McodeAccelerator:: 0x68000000 = IMEM[0xb7]
Info: McodeMachine:Run_Machine PC=0xb0
Info: McodeMachine:Run_Machine: new bundle pc=0xb0 (size=8)
LOG:Get_Operands: 0xb0  McodeNullInstruction
LOG:Get_Operands: 0xb1  McodeNullInstruction
LOG:Get_Operands: 0xb2  McodeNullInstruction
LOG:Get_Operands: 0xb3  McodeNullInstruction
Info: RunLog[0]: 0x400 = Get_Register(28)

Info: RunLog[0]: 0x3 = Get_Register(17)

LOG:Get_Operands: 0xb4  McodeStoreInstruction
Info: RunLog[0]: 0x400 = Get_Register(28)

LOG:Get_Operands: 0xb5  McodeLoadInstruction
Info: RunLog[0]: 0x400 = Get_Register(28)

LOG:Get_Operands: 0xb6  McodeLoadInstruction
LOG:Get_Operands: 0xb7  McodeNullInstruction
Info: 176: Null!
LOG:Execute     : 0xb0  McodeNullInstruction
Info: 177: Null!
LOG:Execute     : 0xb1  McodeNullInstruction
Info: 178: Null!
LOG:Execute     : 0xb2  McodeNullInstruction
Info: 179: Null!
LOG:Execute     : 0xb3  McodeNullInstruction
Info: McodeAccelerator:: DMEM[0x85] = 0x3

Info: ___execute_store_operation___ 
Info: 180: Store!
LOG:Execute     : 0xb4  McodeStoreInstruction
Info: McodeAccelerator:: 0xa = DMEM[0x80]

Info: ___execute_load_operation___
Info: 181: Load!
LOG:Execute     : 0xb5  McodeLoadInstruction
Info: McodeAccelerator:: 0x3 = DMEM[0x81]

Info: ___execute_load_operation___
Info: 182: Load!
LOG:Execute     : 0xb6  McodeLoadInstruction
Info: 183: Null!
LOG:Execute     : 0xb7  McodeNullInstruction
LOG:Set_Results  : 0xb0  McodeNullInstruction
LOG:Set_Results  : 0xb1  McodeNullInstruction
LOG:Set_Results  : 0xb2  McodeNullInstruction
LOG:Set_Results  : 0xb3  McodeNullInstruction
LOG:Set_Results  : 0xb4  McodeStoreInstruction
Info: RunLog[0]: Set_Register(18, 0xa)
LOG:Set_Results  : 0xb5  McodeLoadInstruction
Info: RunLog[0]: Set_Register(19, 0x3)
LOG:Set_Results  : 0xb6  McodeLoadInstruction
LOG:Set_Results  : 0xb7  McodeNullInstruction
RunLog[0]: l_176 pc=0xb0  McodeInstructionBundle
RunLog[0]: 0xb0 $null        -> 
RunLog[0]: 0xb1 $null        -> 
RunLog[0]: 0xb2 $null        -> 
RunLog[0]: 0xb3 $null        -> 
RunLog[0]: 0xb4 $st         0x400    0x28    0x3     -> 
RunLog[0]: 0xb5 $ld         0x400    0x0     -> 0xa    
RunLog[0]: 0xb6 $ld         0x400    0x8     -> 0x3    
RunLog[0]: 0xb7 $null        -> 
Info: Tick on thread 0
Info: McodeAccelerator:: 0xe8000000 = IMEM[0xb8]
Info: McodeAccelerator:: 0x1c9f9013 = IMEM[0xb9]
Info: McodeAccelerator:: 0x68000000 = IMEM[0xba]
Info: McodeAccelerator:: 0x68000000 = IMEM[0xbb]
Info: McodeAccelerator:: 0x68000000 = IMEM[0xbc]
Info: McodeAccelerator:: 0x68000000 = IMEM[0xbd]
Info: McodeAccelerator:: 0x68000000 = IMEM[0xbe]
Info: McodeAccelerator:: 0x68000000 = IMEM[0xbf]
Info: McodeMachine:Run_Machine PC=0xb8
Info: McodeMachine:Run_Machine: new bundle pc=0xb8 (size=8)
LOG:Get_Operands: 0xb8  McodeNullInstruction
Info: RunLog[0]: 0xa = Get_Register(18)

Info: RunLog[0]: 0x3 = Get_Register(19)

LOG:Get_Operands: 0xb9  McodeAluInstruction
LOG:Get_Operands: 0xba  McodeNullInstruction
LOG:Get_Operands: 0xbb  McodeNullInstruction
LOG:Get_Operands: 0xbc  McodeNullInstruction
LOG:Get_Operands: 0xbd  McodeNullInstruction
LOG:Get_Operands: 0xbe  McodeNullInstruction
LOG:Get_Operands: 0xbf  McodeNullInstruction
Info: 184: Null!
LOG:Execute     : 0xb8  McodeNullInstruction
Info: ___execute_alu_operation___
Info: 185: Alu!
LOG:Execute     : 0xb9  McodeAluInstruction
Info: 186: Null!
LOG:Execute     : 0xba  McodeNullInstruction
Info: 187: Null!
LOG:Execute     : 0xbb  McodeNullInstruction
Info: 188: Null!
LOG:Execute     : 0xbc  McodeNullInstruction
Info: 189: Null!
LOG:Execute     : 0xbd  McodeNullInstruction
Info: 190: Null!
LOG:Execute     : 0xbe  McodeNullInstruction
Info: 191: Null!
LOG:Execute     : 0xbf  McodeNullInstruction
LOG:Set_Results  : 0xb8  McodeNullInstruction
Info: RunLog[0]: Set_Register(31, 0x3)
LOG:Set_Results  : 0xb9  McodeAluInstruction
LOG:Set_Results  : 0xba  McodeNullInstruction
LOG:Set_Results  : 0xbb  McodeNullInstruction
LOG:Set_Results  : 0xbc  McodeNullInstruction
LOG:Set_Results  : 0xbd  McodeNullInstruction
LOG:Set_Results  : 0xbe  McodeNullInstruction
LOG:Set_Results  : 0xbf  McodeNullInstruction
RunLog[0]: l_184 pc=0xb8  McodeInstructionBundle
RunLog[0]: 0xb8 $null        -> 
RunLog[0]: 0xb9 /           0xa    0x3     -> 0x3    
RunLog[0]: 0xba $null        -> 
RunLog[0]: 0xbb $null        -> 
RunLog[0]: 0xbc $null        -> 
RunLog[0]: 0xbd $null        -> 
RunLog[0]: 0xbe $null        -> 
RunLog[0]: 0xbf $null        -> 
Info: Tick on thread 0
Info: McodeAccelerator:: 0x989ff813 = IMEM[0xc0]
Info: McodeAccelerator:: 0x9494901f = IMEM[0xc1]
Info: McodeAccelerator:: 0xe8000000 = IMEM[0xc2]
Info: McodeAccelerator:: 0x68000000 = IMEM[0xc3]
Info: McodeAccelerator:: 0xe8000000 = IMEM[0xc4]
Info: McodeAccelerator:: 0x68000000 = IMEM[0xc5]
Info: McodeAccelerator:: 0x68000000 = IMEM[0xc6]
Info: McodeAccelerator:: 0x68000000 = IMEM[0xc7]
Info: McodeMachine:Run_Machine PC=0xc0
Info: McodeMachine:Run_Machine: new bundle pc=0xc0 (size=1)
Info: RunLog[0]: 0x3 = Get_Register(31)

Info: RunLog[0]: 0x3 = Get_Register(19)

LOG:Get_Operands: 0xc0  McodeAluInstruction
Info: ___execute_alu_operation___
Info: 192: Alu!
LOG:Execute     : 0xc0  McodeAluInstruction
Info: RunLog[0]: Set_Register(31, 0x9)
LOG:Set_Results  : 0xc0  McodeAluInstruction
RunLog[0]: l_192 pc=0xc0  McodeInstructionBundle
RunLog[0]: 0xc0 *           0x3    0x3     -> 0x9    
Info: Tick on thread 0
Info: McodeMachine:Run_Machine PC=0xc1
Info: McodeMachine:Run_Machine: new bundle pc=0xc1 (size=1)
Info: RunLog[0]: 0xa = Get_Register(18)

Info: RunLog[0]: 0x9 = Get_Register(31)

LOG:Get_Operands: 0xc1  McodeAluInstruction
Info: ___execute_alu_operation___
Info: 193: Alu!
LOG:Execute     : 0xc1  McodeAluInstruction
Info: RunLog[0]: Set_Register(20, 0x1)
LOG:Set_Results  : 0xc1  McodeAluInstruction
RunLog[0]: l_193 pc=0xc1  McodeInstructionBundle
RunLog[0]: 0xc1 -           0xa    0x9     -> 0x1    
Info: Tick on thread 0
Info: McodeMachine:Run_Machine PC=0xc2
Info: McodeMachine:Run_Machine: new bundle pc=0xc2 (size=2)
LOG:Get_Operands: 0xc2  McodeNullInstruction
LOG:Get_Operands: 0xc3  McodeNullInstruction
Info: 194: Null!
LOG:Execute     : 0xc2  McodeNullInstruction
Info: 195: Null!
LOG:Execute     : 0xc3  McodeNullInstruction
LOG:Set_Results  : 0xc2  McodeNullInstruction
LOG:Set_Results  : 0xc3  McodeNullInstruction
RunLog[0]: l_194 pc=0xc2  McodeInstructionBundle
RunLog[0]: 0xc2 $null        -> 
RunLog[0]: 0xc3 $null        -> 
Info: Tick on thread 0
Info: McodeMachine:Run_Machine PC=0xc4
Info: McodeMachine:Run_Machine: new bundle pc=0xc4 (size=4)
LOG:Get_Operands: 0xc4  McodeNullInstruction
LOG:Get_Operands: 0xc5  McodeNullInstruction
LOG:Get_Operands: 0xc6  McodeNullInstruction
LOG:Get_Operands: 0xc7  McodeNullInstruction
Info: 196: Null!
LOG:Execute     : 0xc4  McodeNullInstruction
Info: 197: Null!
LOG:Execute     : 0xc5  McodeNullInstruction
Info: 198: Null!
LOG:Execute     : 0xc6  McodeNullInstruction
Info: 199: Null!
LOG:Execute     : 0xc7  McodeNullInstruction
LOG:Set_Results  : 0xc4  McodeNullInstruction
LOG:Set_Results  : 0xc5  McodeNullInstruction
LOG:Set_Results  : 0xc6  McodeNullInstruction
LOG:Set_Results  : 0xc7  McodeNullInstruction
RunLog[0]: l_196 pc=0xc4  McodeInstructionBundle
RunLog[0]: 0xc4 $null        -> 
RunLog[0]: 0xc5 $null        -> 
RunLog[0]: 0xc6 $null        -> 
RunLog[0]: 0xc7 $null        -> 
Info: Tick on thread 0
Info: McodeAccelerator:: 0xe8000000 = IMEM[0xc8]
Info: McodeAccelerator:: 0x68000000 = IMEM[0xc9]
Info: McodeAccelerator:: 0x68000000 = IMEM[0xca]
Info: McodeAccelerator:: 0x68000000 = IMEM[0xcb]
Info: McodeAccelerator:: 0x5094e430 = IMEM[0xcc]
Info: McodeAccelerator:: 0x4c95e400 = IMEM[0xcd]
Info: McodeAccelerator:: 0x4c96e408 = IMEM[0xce]
Info: McodeAccelerator:: 0x68000000 = IMEM[0xcf]
Info: McodeMachine:Run_Machine PC=0xc8
Info: McodeMachine:Run_Machine: new bundle pc=0xc8 (size=8)
LOG:Get_Operands: 0xc8  McodeNullInstruction
LOG:Get_Operands: 0xc9  McodeNullInstruction
LOG:Get_Operands: 0xca  McodeNullInstruction
LOG:Get_Operands: 0xcb  McodeNullInstruction
Info: RunLog[0]: 0x400 = Get_Register(28)

Info: RunLog[0]: 0x1 = Get_Register(20)

LOG:Get_Operands: 0xcc  McodeStoreInstruction
Info: RunLog[0]: 0x400 = Get_Register(28)

LOG:Get_Operands: 0xcd  McodeLoadInstruction
Info: RunLog[0]: 0x400 = Get_Register(28)

LOG:Get_Operands: 0xce  McodeLoadInstruction
LOG:Get_Operands: 0xcf  McodeNullInstruction
Info: 200: Null!
LOG:Execute     : 0xc8  McodeNullInstruction
Info: 201: Null!
LOG:Execute     : 0xc9  McodeNullInstruction
Info: 202: Null!
LOG:Execute     : 0xca  McodeNullInstruction
Info: 203: Null!
LOG:Execute     : 0xcb  McodeNullInstruction
Info: McodeAccelerator:: DMEM[0x86] = 0x1

Info: ___execute_store_operation___ 
Info: 204: Store!
LOG:Execute     : 0xcc  McodeStoreInstruction
Info: McodeAccelerator:: 0xa = DMEM[0x80]

Info: ___execute_load_operation___
Info: 205: Load!
LOG:Execute     : 0xcd  McodeLoadInstruction
Info: McodeAccelerator:: 0x3 = DMEM[0x81]

Info: ___execute_load_operation___
Info: 206: Load!
LOG:Execute     : 0xce  McodeLoadInstruction
Info: 207: Null!
LOG:Execute     : 0xcf  McodeNullInstruction
LOG:Set_Results  : 0xc8  McodeNullInstruction
LOG:Set_Results  : 0xc9  McodeNullInstruction
LOG:Set_Results  : 0xca  McodeNullInstruction
LOG:Set_Results  : 0xcb  McodeNullInstruction
LOG:Set_Results  : 0xcc  McodeStoreInstruction
Info: RunLog[0]: Set_Register(21, 0xa)
LOG:Set_Results  : 0xcd  McodeLoadInstruction
Info: RunLog[0]: Set_Register(22, 0x3)
LOG:Set_Results  : 0xce  McodeLoadInstruction
LOG:Set_Results  : 0xcf  McodeNullInstruction
RunLog[0]: l_200 pc=0xc8  McodeInstructionBundle
RunLog[0]: 0xc8 $null        -> 
RunLog[0]: 0xc9 $null        -> 
RunLog[0]: 0xca $null        -> 
RunLog[0]: 0xcb $null        -> 
RunLog[0]: 0xcc $st         0x400    0x30    0x1     -> 
RunLog[0]: 0xcd $ld         0x400    0x0     -> 0xa    
RunLog[0]: 0xce $ld         0x400    0x8     -> 0x3    
RunLog[0]: 0xcf $null        -> 
Info: Tick on thread 0
Info: McodeAccelerator:: 0xa497a816 = IMEM[0xd0]
Info: McodeAccelerator:: 0xe8000000 = IMEM[0xd1]
Info: McodeAccelerator:: 0xe8000000 = IMEM[0xd2]
Info: McodeAccelerator:: 0x68000000 = IMEM[0xd3]
Info: McodeAccelerator:: 0xe8000000 = IMEM[0xd4]
Info: McodeAccelerator:: 0x68000000 = IMEM[0xd5]
Info: McodeAccelerator:: 0x68000000 = IMEM[0xd6]
Info: McodeAccelerator:: 0x68000000 = IMEM[0xd7]
Info: McodeMachine:Run_Machine PC=0xd0
Info: McodeMachine:Run_Machine: new bundle pc=0xd0 (size=1)
Info: RunLog[0]: 0xa = Get_Register(21)

Info: RunLog[0]: 0x3 = Get_Register(22)

LOG:Get_Operands: 0xd0  McodeAluInstruction
Info: ___execute_alu_operation___
Info: 208: Alu!
LOG:Execute     : 0xd0  McodeAluInstruction
Info: RunLog[0]: Set_Register(23, 0x2)
LOG:Set_Results  : 0xd0  McodeAluInstruction
RunLog[0]: l_208 pc=0xd0  McodeInstructionBundle
RunLog[0]: 0xd0 &           0xa    0x3     -> 0x2    
Info: Tick on thread 0
Info: McodeMachine:Run_Machine PC=0xd1
Info: McodeMachine:Run_Machine: new bundle pc=0xd1 (size=1)
LOG:Get_Operands: 0xd1  McodeNullInstruction
Info: 209: Null!
LOG:Execute     : 0xd1  McodeNullInstruction
LOG:Set_Results  : 0xd1  McodeNullInstruction
RunLog[0]: l_209 pc=0xd1  McodeInstructionBundle
RunLog[0]: 0xd1 $null        -> 
Info: Tick on thread 0
Info: McodeMachine:Run_Machine PC=0xd2
Info: McodeMachine:Run_Machine: new bundle pc=0xd2 (size=2)
LOG:Get_Operands: 0xd2  McodeNullInstruction
LOG:Get_Operands: 0xd3  McodeNullInstruction
Info: 210: Null!
LOG:Execute     : 0xd2  McodeNullInstruction
Info: 211: Null!
LOG:Execute     : 0xd3  McodeNullInstruction
LOG:Set_Results  : 0xd2  McodeNullInstruction
LOG:Set_Results  : 0xd3  McodeNullInstruction
RunLog[0]: l_210 pc=0xd2  McodeInstructionBundle
RunLog[0]: 0xd2 $null        -> 
RunLog[0]: 0xd3 $null        -> 
Info: Tick on thread 0
Info: McodeMachine:Run_Machine PC=0xd4
Info: McodeMachine:Run_Machine: new bundle pc=0xd4 (size=4)
LOG:Get_Operands: 0xd4  McodeNullInstruction
LOG:Get_Operands: 0xd5  McodeNullInstruction
LOG:Get_Operands: 0xd6  McodeNullInstruction
LOG:Get_Operands: 0xd7  McodeNullInstruction
Info: 212: Null!
LOG:Execute     : 0xd4  McodeNullInstruction
Info: 213: Null!
LOG:Execute     : 0xd5  McodeNullInstruction
Info: 214: Null!
LOG:Execute     : 0xd6  McodeNullInstruction
Info: 215: Null!
LOG:Execute     : 0xd7  McodeNullInstruction
LOG:Set_Results  : 0xd4  McodeNullInstruction
LOG:Set_Results  : 0xd5  McodeNullInstruction
LOG:Set_Results  : 0xd6  McodeNullInstruction
LOG:Set_Results  : 0xd7  McodeNullInstruction
RunLog[0]: l_212 pc=0xd4  McodeInstructionBundle
RunLog[0]: 0xd4 $null        -> 
RunLog[0]: 0xd5 $null        -> 
RunLog[0]: 0xd6 $null        -> 
RunLog[0]: 0xd7 $null        -> 
Info: Tick on thread 0
Info: McodeAccelerator:: 0xe8000000 = IMEM[0xd8]
Info: McodeAccelerator:: 0x68000000 = IMEM[0xd9]
Info: McodeAccelerator:: 0x68000000 = IMEM[0xda]
Info: McodeAccelerator:: 0x68000000 = IMEM[0xdb]
Info: McodeAccelerator:: 0x5097e438 = IMEM[0xdc]
Info: McodeAccelerator:: 0x4c98e400 = IMEM[0xdd]
Info: McodeAccelerator:: 0x4c99e408 = IMEM[0xde]
Info: McodeAccelerator:: 0x68000000 = IMEM[0xdf]
Info: McodeMachine:Run_Machine PC=0xd8
Info: McodeMachine:Run_Machine: new bundle pc=0xd8 (size=8)
LOG:Get_Operands: 0xd8  McodeNullInstruction
LOG:Get_Operands: 0xd9  McodeNullInstruction
LOG:Get_Operands: 0xda  McodeNullInstruction
LOG:Get_Operands: 0xdb  McodeNullInstruction
Info: RunLog[0]: 0x400 = Get_Register(28)

Info: RunLog[0]: 0x2 = Get_Register(23)

LOG:Get_Operands: 0xdc  McodeStoreInstruction
Info: RunLog[0]: 0x400 = Get_Register(28)

LOG:Get_Operands: 0xdd  McodeLoadInstruction
Info: RunLog[0]: 0x400 = Get_Register(28)

LOG:Get_Operands: 0xde  McodeLoadInstruction
LOG:Get_Operands: 0xdf  McodeNullInstruction
Info: 216: Null!
LOG:Execute     : 0xd8  McodeNullInstruction
Info: 217: Null!
LOG:Execute     : 0xd9  McodeNullInstruction
Info: 218: Null!
LOG:Execute     : 0xda  McodeNullInstruction
Info: 219: Null!
LOG:Execute     : 0xdb  McodeNullInstruction
Info: McodeAccelerator:: DMEM[0x87] = 0x2

Info: ___execute_store_operation___ 
Info: 220: Store!
LOG:Execute     : 0xdc  McodeStoreInstruction
Info: McodeAccelerator:: 0xa = DMEM[0x80]

Info: ___execute_load_operation___
Info: 221: Load!
LOG:Execute     : 0xdd  McodeLoadInstruction
Info: McodeAccelerator:: 0x3 = DMEM[0x81]

Info: ___execute_load_operation___
Info: 222: Load!
LOG:Execute     : 0xde  McodeLoadInstruction
Info: 223: Null!
LOG:Execute     : 0xdf  McodeNullInstruction
LOG:Set_Results  : 0xd8  McodeNullInstruction
LOG:Set_Results  : 0xd9  McodeNullInstruction
LOG:Set_Results  : 0xda  McodeNullInstruction
LOG:Set_Results  : 0xdb  McodeNullInstruction
LOG:Set_Results  : 0xdc  McodeStoreInstruction
Info: RunLog[0]: Set_Register(24, 0xa)
LOG:Set_Results  : 0xdd  McodeLoadInstruction
Info: RunLog[0]: Set_Register(25, 0x3)
LOG:Set_Results  : 0xde  McodeLoadInstruction
LOG:Set_Results  : 0xdf  McodeNullInstruction
RunLog[0]: l_216 pc=0xd8  McodeInstructionBundle
RunLog[0]: 0xd8 $null        -> 
RunLog[0]: 0xd9 $null        -> 
RunLog[0]: 0xda $null        -> 
RunLog[0]: 0xdb $null        -> 
RunLog[0]: 0xdc $st         0x400    0x38    0x2     -> 
RunLog[0]: 0xdd $ld         0x400    0x0     -> 0xa    
RunLog[0]: 0xde $ld         0x400    0x8     -> 0x3    
RunLog[0]: 0xdf $null        -> 
Info: Tick on thread 0
Info: McodeAccelerator:: 0xa086c019 = IMEM[0xe0]
Info: McodeAccelerator:: 0xe8000000 = IMEM[0xe1]
Info: McodeAccelerator:: 0xe8000000 = IMEM[0xe2]
Info: McodeAccelerator:: 0x68000000 = IMEM[0xe3]
Info: McodeAccelerator:: 0xe8000000 = IMEM[0xe4]
Info: McodeAccelerator:: 0x68000000 = IMEM[0xe5]
Info: McodeAccelerator:: 0x68000000 = IMEM[0xe6]
Info: McodeAccelerator:: 0x68000000 = IMEM[0xe7]
Info: McodeMachine:Run_Machine PC=0xe0
Info: McodeMachine:Run_Machine: new bundle pc=0xe0 (size=1)
Info: RunLog[0]: 0xa = Get_Register(24)

Info: RunLog[0]: 0x3 = Get_Register(25)

LOG:Get_Operands: 0xe0  McodeAluInstruction
Info: ___execute_alu_operation___
Info: 224: Alu!
LOG:Execute     : 0xe0  McodeAluInstruction
Info: RunLog[0]: Set_Register(6, 0xb)
LOG:Set_Results  : 0xe0  McodeAluInstruction
RunLog[0]: l_224 pc=0xe0  McodeInstructionBundle
RunLog[0]: 0xe0 |           0xa    0x3     -> 0xb    
Info: Tick on thread 0
Info: McodeMachine:Run_Machine PC=0xe1
Info: McodeMachine:Run_Machine: new bundle pc=0xe1 (size=1)
LOG:Get_Operands: 0xe1  McodeNullInstruction
Info: 225: Null!
LOG:Execute     : 0xe1  McodeNullInstruction
LOG:Set_Results  : 0xe1  McodeNullInstruction
RunLog[0]: l_225 pc=0xe1  McodeInstructionBundle
RunLog[0]: 0xe1 $null        -> 
Info: Tick on thread 0
Info: McodeMachine:Run_Machine PC=0xe2
Info: McodeMachine:Run_Machine: new bundle pc=0xe2 (size=2)
LOG:Get_Operands: 0xe2  McodeNullInstruction
LOG:Get_Operands: 0xe3  McodeNullInstruction
Info: 226: Null!
LOG:Execute     : 0xe2  McodeNullInstruction
Info: 227: Null!
LOG:Execute     : 0xe3  McodeNullInstruction
LOG:Set_Results  : 0xe2  McodeNullInstruction
LOG:Set_Results  : 0xe3  McodeNullInstruction
RunLog[0]: l_226 pc=0xe2  McodeInstructionBundle
RunLog[0]: 0xe2 $null        -> 
RunLog[0]: 0xe3 $null        -> 
Info: Tick on thread 0
Info: McodeMachine:Run_Machine PC=0xe4
Info: McodeMachine:Run_Machine: new bundle pc=0xe4 (size=4)
LOG:Get_Operands: 0xe4  McodeNullInstruction
LOG:Get_Operands: 0xe5  McodeNullInstruction
LOG:Get_Operands: 0xe6  McodeNullInstruction
LOG:Get_Operands: 0xe7  McodeNullInstruction
Info: 228: Null!
LOG:Execute     : 0xe4  McodeNullInstruction
Info: 229: Null!
LOG:Execute     : 0xe5  McodeNullInstruction
Info: 230: Null!
LOG:Execute     : 0xe6  McodeNullInstruction
Info: 231: Null!
LOG:Execute     : 0xe7  McodeNullInstruction
LOG:Set_Results  : 0xe4  McodeNullInstruction
LOG:Set_Results  : 0xe5  McodeNullInstruction
LOG:Set_Results  : 0xe6  McodeNullInstruction
LOG:Set_Results  : 0xe7  McodeNullInstruction
RunLog[0]: l_228 pc=0xe4  McodeInstructionBundle
RunLog[0]: 0xe4 $null        -> 
RunLog[0]: 0xe5 $null        -> 
RunLog[0]: 0xe6 $null        -> 
RunLog[0]: 0xe7 $null        -> 
Info: Tick on thread 0
Info: McodeAccelerator:: 0xe8000000 = IMEM[0xe8]
Info: McodeAccelerator:: 0x68000000 = IMEM[0xe9]
Info: McodeAccelerator:: 0x68000000 = IMEM[0xea]
Info: McodeAccelerator:: 0x68000000 = IMEM[0xeb]
Info: McodeAccelerator:: 0x5086e440 = IMEM[0xec]
Info: McodeAccelerator:: 0x4c87e400 = IMEM[0xed]
Info: McodeAccelerator:: 0x4c88e408 = IMEM[0xee]
Info: McodeAccelerator:: 0x68000000 = IMEM[0xef]
Info: McodeMachine:Run_Machine PC=0xe8
Info: McodeMachine:Run_Machine: new bundle pc=0xe8 (size=8)
LOG:Get_Operands: 0xe8  McodeNullInstruction
LOG:Get_Operands: 0xe9  McodeNullInstruction
LOG:Get_Operands: 0xea  McodeNullInstruction
LOG:Get_Operands: 0xeb  McodeNullInstruction
Info: RunLog[0]: 0x400 = Get_Register(28)

Info: RunLog[0]: 0xb = Get_Register(6)

LOG:Get_Operands: 0xec  McodeStoreInstruction
Info: RunLog[0]: 0x400 = Get_Register(28)

LOG:Get_Operands: 0xed  McodeLoadInstruction
Info: RunLog[0]: 0x400 = Get_Register(28)

LOG:Get_Operands: 0xee  McodeLoadInstruction
LOG:Get_Operands: 0xef  McodeNullInstruction
Info: 232: Null!
LOG:Execute     : 0xe8  McodeNullInstruction
Info: 233: Null!
LOG:Execute     : 0xe9  McodeNullInstruction
Info: 234: Null!
LOG:Execute     : 0xea  McodeNullInstruction
Info: 235: Null!
LOG:Execute     : 0xeb  McodeNullInstruction
Info: McodeAccelerator:: DMEM[0x88] = 0xb

Info: ___execute_store_operation___ 
Info: 236: Store!
LOG:Execute     : 0xec  McodeStoreInstruction
Info: McodeAccelerator:: 0xa = DMEM[0x80]

Info: ___execute_load_operation___
Info: 237: Load!
LOG:Execute     : 0xed  McodeLoadInstruction
Info: McodeAccelerator:: 0x3 = DMEM[0x81]

Info: ___execute_load_operation___
Info: 238: Load!
LOG:Execute     : 0xee  McodeLoadInstruction
Info: 239: Null!
LOG:Execute     : 0xef  McodeNullInstruction
LOG:Set_Results  : 0xe8  McodeNullInstruction
LOG:Set_Results  : 0xe9  McodeNullInstruction
LOG:Set_Results  : 0xea  McodeNullInstruction
LOG:Set_Results  : 0xeb  McodeNullInstruction
LOG:Set_Results  : 0xec  McodeStoreInstruction
Info: RunLog[0]: Set_Register(7, 0xa)
LOG:Set_Results  : 0xed  McodeLoadInstruction
Info: RunLog[0]: Set_Register(8, 0x3)
LOG:Set_Results  : 0xee  McodeLoadInstruction
LOG:Set_Results  : 0xef  McodeNullInstruction
RunLog[0]: l_232 pc=0xe8  McodeInstructionBundle
RunLog[0]: 0xe8 $null        -> 
RunLog[0]: 0xe9 $null        -> 
RunLog[0]: 0xea $null        -> 
RunLog[0]: 0xeb $null        -> 
RunLog[0]: 0xec $st         0x400    0x40    0xb     -> 
RunLog[0]: 0xed $ld         0x400    0x0     -> 0xa    
RunLog[0]: 0xee $ld         0x400    0x8     -> 0x3    
RunLog[0]: 0xef $null        -> 
Info: Tick on thread 0
Info: McodeAccelerator:: 0xa8893808 = IMEM[0xf0]
Info: McodeAccelerator:: 0xe8000000 = IMEM[0xf1]
Info: McodeAccelerator:: 0xe8000000 = IMEM[0xf2]
Info: McodeAccelerator:: 0x68000000 = IMEM[0xf3]
Info: McodeAccelerator:: 0xe8000000 = IMEM[0xf4]
Info: McodeAccelerator:: 0x68000000 = IMEM[0xf5]
Info: McodeAccelerator:: 0x68000000 = IMEM[0xf6]
Info: McodeAccelerator:: 0x68000000 = IMEM[0xf7]
Info: McodeMachine:Run_Machine PC=0xf0
Info: McodeMachine:Run_Machine: new bundle pc=0xf0 (size=1)
Info: RunLog[0]: 0xa = Get_Register(7)

Info: RunLog[0]: 0x3 = Get_Register(8)

LOG:Get_Operands: 0xf0  McodeAluInstruction
Info: ___execute_alu_operation___
Info: 240: Alu!
LOG:Execute     : 0xf0  McodeAluInstruction
Info: RunLog[0]: Set_Register(9, 0x9)
LOG:Set_Results  : 0xf0  McodeAluInstruction
RunLog[0]: l_240 pc=0xf0  McodeInstructionBundle
RunLog[0]: 0xf0 ^           0xa    0x3     -> 0x9    
Info: Tick on thread 0
Info: McodeMachine:Run_Machine PC=0xf1
Info: McodeMachine:Run_Machine: new bundle pc=0xf1 (size=1)
LOG:Get_Operands: 0xf1  McodeNullInstruction
Info: 241: Null!
LOG:Execute     : 0xf1  McodeNullInstruction
LOG:Set_Results  : 0xf1  McodeNullInstruction
RunLog[0]: l_241 pc=0xf1  McodeInstructionBundle
RunLog[0]: 0xf1 $null        -> 
Info: Tick on thread 0
Info: McodeMachine:Run_Machine PC=0xf2
Info: McodeMachine:Run_Machine: new bundle pc=0xf2 (size=2)
LOG:Get_Operands: 0xf2  McodeNullInstruction
LOG:Get_Operands: 0xf3  McodeNullInstruction
Info: 242: Null!
LOG:Execute     : 0xf2  McodeNullInstruction
Info: 243: Null!
LOG:Execute     : 0xf3  McodeNullInstruction
LOG:Set_Results  : 0xf2  McodeNullInstruction
LOG:Set_Results  : 0xf3  McodeNullInstruction
RunLog[0]: l_242 pc=0xf2  McodeInstructionBundle
RunLog[0]: 0xf2 $null        -> 
RunLog[0]: 0xf3 $null        -> 
Info: Tick on thread 0
Info: McodeMachine:Run_Machine PC=0xf4
Info: McodeMachine:Run_Machine: new bundle pc=0xf4 (size=4)
LOG:Get_Operands: 0xf4  McodeNullInstruction
LOG:Get_Operands: 0xf5  McodeNullInstruction
LOG:Get_Operands: 0xf6  McodeNullInstruction
LOG:Get_Operands: 0xf7  McodeNullInstruction
Info: 244: Null!
LOG:Execute     : 0xf4  McodeNullInstruction
Info: 245: Null!
LOG:Execute     : 0xf5  McodeNullInstruction
Info: 246: Null!
LOG:Execute     : 0xf6  McodeNullInstruction
Info: 247: Null!
LOG:Execute     : 0xf7  McodeNullInstruction
LOG:Set_Results  : 0xf4  McodeNullInstruction
LOG:Set_Results  : 0xf5  McodeNullInstruction
LOG:Set_Results  : 0xf6  McodeNullInstruction
LOG:Set_Results  : 0xf7  McodeNullInstruction
RunLog[0]: l_244 pc=0xf4  McodeInstructionBundle
RunLog[0]: 0xf4 $null        -> 
RunLog[0]: 0xf5 $null        -> 
RunLog[0]: 0xf6 $null        -> 
RunLog[0]: 0xf7 $null        -> 
Info: Tick on thread 0
Info: McodeAccelerator:: 0xe8000000 = IMEM[0xf8]
Info: McodeAccelerator:: 0x68000000 = IMEM[0xf9]
Info: McodeAccelerator:: 0x68000000 = IMEM[0xfa]
Info: McodeAccelerator:: 0x68000000 = IMEM[0xfb]
Info: McodeAccelerator:: 0x5089e448 = IMEM[0xfc]
Info: McodeAccelerator:: 0x4c8ae400 = IMEM[0xfd]
Info: McodeAccelerator:: 0x4c8be408 = IMEM[0xfe]
Info: McodeAccelerator:: 0x68000000 = IMEM[0xff]
Info: McodeMachine:Run_Machine PC=0xf8
Info: McodeMachine:Run_Machine: new bundle pc=0xf8 (size=8)
LOG:Get_Operands: 0xf8  McodeNullInstruction
LOG:Get_Operands: 0xf9  McodeNullInstruction
LOG:Get_Operands: 0xfa  McodeNullInstruction
LOG:Get_Operands: 0xfb  McodeNullInstruction
Info: RunLog[0]: 0x400 = Get_Register(28)

Info: RunLog[0]: 0x9 = Get_Register(9)

LOG:Get_Operands: 0xfc  McodeStoreInstruction
Info: RunLog[0]: 0x400 = Get_Register(28)

LOG:Get_Operands: 0xfd  McodeLoadInstruction
Info: RunLog[0]: 0x400 = Get_Register(28)

LOG:Get_Operands: 0xfe  McodeLoadInstruction
LOG:Get_Operands: 0xff  McodeNullInstruction
Info: 248: Null!
LOG:Execute     : 0xf8  McodeNullInstruction
Info: 249: Null!
LOG:Execute     : 0xf9  McodeNullInstruction
Info: 250: Null!
LOG:Execute     : 0xfa  McodeNullInstruction
Info: 251: Null!
LOG:Execute     : 0xfb  McodeNullInstruction
Info: McodeAccelerator:: DMEM[0x89] = 0x9

Info: ___execute_store_operation___ 
Info: 252: Store!
LOG:Execute     : 0xfc  McodeStoreInstruction
Info: McodeAccelerator:: 0xa = DMEM[0x80]

Info: ___execute_load_operation___
Info: 253: Load!
LOG:Execute     : 0xfd  McodeLoadInstruction
Info: McodeAccelerator:: 0x3 = DMEM[0x81]

Info: ___execute_load_operation___
Info: 254: Load!
LOG:Execute     : 0xfe  McodeLoadInstruction
Info: 255: Null!
LOG:Execute     : 0xff  McodeNullInstruction
LOG:Set_Results  : 0xf8  McodeNullInstruction
LOG:Set_Results  : 0xf9  McodeNullInstruction
LOG:Set_Results  : 0xfa  McodeNullInstruction
LOG:Set_Results  : 0xfb  McodeNullInstruction
LOG:Set_Results  : 0xfc  McodeStoreInstruction
Info: RunLog[0]: Set_Register(10, 0xa)
LOG:Set_Results  : 0xfd  McodeLoadInstruction
Info: RunLog[0]: Set_Register(11, 0x3)
LOG:Set_Results  : 0xfe  McodeLoadInstruction
LOG:Set_Results  : 0xff  McodeNullInstruction
RunLog[0]: l_248 pc=0xf8  McodeInstructionBundle
RunLog[0]: 0xf8 $null        -> 
RunLog[0]: 0xf9 $null        -> 
RunLog[0]: 0xfa $null        -> 
RunLog[0]: 0xfb $null        -> 
RunLog[0]: 0xfc $st         0x400    0x48    0x9     -> 
RunLog[0]: 0xfd $ld         0x400    0x0     -> 0xa    
RunLog[0]: 0xfe $ld         0x400    0x8     -> 0x3    
RunLog[0]: 0xff $null        -> 
Info: Tick on thread 0
Info: McodeAccelerator:: 0xb88c500b = IMEM[0x100]
Info: McodeAccelerator:: 0xe8000000 = IMEM[0x101]
Info: McodeAccelerator:: 0xe8000000 = IMEM[0x102]
Info: McodeAccelerator:: 0x68000000 = IMEM[0x103]
Info: McodeAccelerator:: 0xe8000000 = IMEM[0x104]
Info: McodeAccelerator:: 0x68000000 = IMEM[0x105]
Info: McodeAccelerator:: 0x68000000 = IMEM[0x106]
Info: McodeAccelerator:: 0x68000000 = IMEM[0x107]
Info: McodeMachine:Run_Machine PC=0x100
Info: McodeMachine:Run_Machine: new bundle pc=0x100 (size=1)
Info: RunLog[0]: 0xa = Get_Register(10)

Info: RunLog[0]: 0x3 = Get_Register(11)

LOG:Get_Operands: 0x100  McodeAluInstruction
Info: ___execute_alu_operation___
Info: 256: Alu!
LOG:Execute     : 0x100  McodeAluInstruction
Info: RunLog[0]: Set_Register(12, 0x50)
LOG:Set_Results  : 0x100  McodeAluInstruction
RunLog[0]: l_256 pc=0x100  McodeInstructionBundle
RunLog[0]: 0x100 <<          0xa    0x3     -> 0x50    
Info: Tick on thread 0
Info: McodeMachine:Run_Machine PC=0x101
Info: McodeMachine:Run_Machine: new bundle pc=0x101 (size=1)
LOG:Get_Operands: 0x101  McodeNullInstruction
Info: 257: Null!
LOG:Execute     : 0x101  McodeNullInstruction
LOG:Set_Results  : 0x101  McodeNullInstruction
RunLog[0]: l_257 pc=0x101  McodeInstructionBundle
RunLog[0]: 0x101 $null        -> 
Info: Tick on thread 0
Info: McodeMachine:Run_Machine PC=0x102
Info: McodeMachine:Run_Machine: new bundle pc=0x102 (size=2)
LOG:Get_Operands: 0x102  McodeNullInstruction
LOG:Get_Operands: 0x103  McodeNullInstruction
Info: 258: Null!
LOG:Execute     : 0x102  McodeNullInstruction
Info: 259: Null!
LOG:Execute     : 0x103  McodeNullInstruction
LOG:Set_Results  : 0x102  McodeNullInstruction
LOG:Set_Results  : 0x103  McodeNullInstruction
RunLog[0]: l_258 pc=0x102  McodeInstructionBundle
RunLog[0]: 0x102 $null        -> 
RunLog[0]: 0x103 $null        -> 
Info: Tick on thread 0
Info: McodeMachine:Run_Machine PC=0x104
Info: McodeMachine:Run_Machine: new bundle pc=0x104 (size=4)
LOG:Get_Operands: 0x104  McodeNullInstruction
LOG:Get_Operands: 0x105  McodeNullInstruction
LOG:Get_Operands: 0x106  McodeNullInstruction
LOG:Get_Operands: 0x107  McodeNullInstruction
Info: 260: Null!
LOG:Execute     : 0x104  McodeNullInstruction
Info: 261: Null!
LOG:Execute     : 0x105  McodeNullInstruction
Info: 262: Null!
LOG:Execute     : 0x106  McodeNullInstruction
Info: 263: Null!
LOG:Execute     : 0x107  McodeNullInstruction
LOG:Set_Results  : 0x104  McodeNullInstruction
LOG:Set_Results  : 0x105  McodeNullInstruction
LOG:Set_Results  : 0x106  McodeNullInstruction
LOG:Set_Results  : 0x107  McodeNullInstruction
RunLog[0]: l_260 pc=0x104  McodeInstructionBundle
RunLog[0]: 0x104 $null        -> 
RunLog[0]: 0x105 $null        -> 
RunLog[0]: 0x106 $null        -> 
RunLog[0]: 0x107 $null        -> 
Info: Tick on thread 0
Info: McodeAccelerator:: 0xe8000000 = IMEM[0x108]
Info: McodeAccelerator:: 0x68000000 = IMEM[0x109]
Info: McodeAccelerator:: 0x68000000 = IMEM[0x10a]
Info: McodeAccelerator:: 0x68000000 = IMEM[0x10b]
Info: McodeAccelerator:: 0x508ce450 = IMEM[0x10c]
Info: McodeAccelerator:: 0x4c8de400 = IMEM[0x10d]
Info: McodeAccelerator:: 0x4c8ee408 = IMEM[0x10e]
Info: McodeAccelerator:: 0x68000000 = IMEM[0x10f]
Info: McodeMachine:Run_Machine PC=0x108
Info: McodeMachine:Run_Machine: new bundle pc=0x108 (size=8)
LOG:Get_Operands: 0x108  McodeNullInstruction
LOG:Get_Operands: 0x109  McodeNullInstruction
LOG:Get_Operands: 0x10a  McodeNullInstruction
LOG:Get_Operands: 0x10b  McodeNullInstruction
Info: RunLog[0]: 0x400 = Get_Register(28)

Info: RunLog[0]: 0x50 = Get_Register(12)

LOG:Get_Operands: 0x10c  McodeStoreInstruction
Info: RunLog[0]: 0x400 = Get_Register(28)

LOG:Get_Operands: 0x10d  McodeLoadInstruction
Info: RunLog[0]: 0x400 = Get_Register(28)

LOG:Get_Operands: 0x10e  McodeLoadInstruction
LOG:Get_Operands: 0x10f  McodeNullInstruction
Info: 264: Null!
LOG:Execute     : 0x108  McodeNullInstruction
Info: 265: Null!
LOG:Execute     : 0x109  McodeNullInstruction
Info: 266: Null!
LOG:Execute     : 0x10a  McodeNullInstruction
Info: 267: Null!
LOG:Execute     : 0x10b  McodeNullInstruction
Info: McodeAccelerator:: DMEM[0x8a] = 0x50

Info: ___execute_store_operation___ 
Info: 268: Store!
LOG:Execute     : 0x10c  McodeStoreInstruction
Info: McodeAccelerator:: 0xa = DMEM[0x80]

Info: ___execute_load_operation___
Info: 269: Load!
LOG:Execute     : 0x10d  McodeLoadInstruction
Info: McodeAccelerator:: 0x3 = DMEM[0x81]

Info: ___execute_load_operation___
Info: 270: Load!
LOG:Execute     : 0x10e  McodeLoadInstruction
Info: 271: Null!
LOG:Execute     : 0x10f  McodeNullInstruction
LOG:Set_Results  : 0x108  McodeNullInstruction
LOG:Set_Results  : 0x109  McodeNullInstruction
LOG:Set_Results  : 0x10a  McodeNullInstruction
LOG:Set_Results  : 0x10b  McodeNullInstruction
LOG:Set_Results  : 0x10c  McodeStoreInstruction
Info: RunLog[0]: Set_Register(13, 0xa)
LOG:Set_Results  : 0x10d  McodeLoadInstruction
Info: RunLog[0]: Set_Register(14, 0x3)
LOG:Set_Results  : 0x10e  McodeLoadInstruction
LOG:Set_Results  : 0x10f  McodeNullInstruction
RunLog[0]: l_264 pc=0x108  McodeInstructionBundle
RunLog[0]: 0x108 $null        -> 
RunLog[0]: 0x109 $null        -> 
RunLog[0]: 0x10a $null        -> 
RunLog[0]: 0x10b $null        -> 
RunLog[0]: 0x10c $st         0x400    0x50    0x50     -> 
RunLog[0]: 0x10d $ld         0x400    0x0     -> 0xa    
RunLog[0]: 0x10e $ld         0x400    0x8     -> 0x3    
RunLog[0]: 0x10f $null        -> 
Info: Tick on thread 0
Info: McodeAccelerator:: 0xbc8f680e = IMEM[0x110]
Info: McodeAccelerator:: 0xe8000000 = IMEM[0x111]
Info: McodeAccelerator:: 0xe8000000 = IMEM[0x112]
Info: McodeAccelerator:: 0x68000000 = IMEM[0x113]
Info: McodeAccelerator:: 0xe8000000 = IMEM[0x114]
Info: McodeAccelerator:: 0x68000000 = IMEM[0x115]
Info: McodeAccelerator:: 0x68000000 = IMEM[0x116]
Info: McodeAccelerator:: 0x68000000 = IMEM[0x117]
Info: McodeMachine:Run_Machine PC=0x110
Info: McodeMachine:Run_Machine: new bundle pc=0x110 (size=1)
Info: RunLog[0]: 0xa = Get_Register(13)

Info: RunLog[0]: 0x3 = Get_Register(14)

LOG:Get_Operands: 0x110  McodeAluInstruction
Info: ___execute_alu_operation___
Info: 272: Alu!
LOG:Execute     : 0x110  McodeAluInstruction
Info: RunLog[0]: Set_Register(15, 0x1)
LOG:Set_Results  : 0x110  McodeAluInstruction
RunLog[0]: l_272 pc=0x110  McodeInstructionBundle
RunLog[0]: 0x110 >>          0xa    0x3     -> 0x1    
Info: Tick on thread 0
Info: McodeMachine:Run_Machine PC=0x111
Info: McodeMachine:Run_Machine: new bundle pc=0x111 (size=1)
LOG:Get_Operands: 0x111  McodeNullInstruction
Info: 273: Null!
LOG:Execute     : 0x111  McodeNullInstruction
LOG:Set_Results  : 0x111  McodeNullInstruction
RunLog[0]: l_273 pc=0x111  McodeInstructionBundle
RunLog[0]: 0x111 $null        -> 
Info: Tick on thread 0
Info: McodeMachine:Run_Machine PC=0x112
Info: McodeMachine:Run_Machine: new bundle pc=0x112 (size=2)
LOG:Get_Operands: 0x112  McodeNullInstruction
LOG:Get_Operands: 0x113  McodeNullInstruction
Info: 274: Null!
LOG:Execute     : 0x112  McodeNullInstruction
Info: 275: Null!
LOG:Execute     : 0x113  McodeNullInstruction
LOG:Set_Results  : 0x112  McodeNullInstruction
LOG:Set_Results  : 0x113  McodeNullInstruction
RunLog[0]: l_274 pc=0x112  McodeInstructionBundle
RunLog[0]: 0x112 $null        -> 
RunLog[0]: 0x113 $null        -> 
Info: Tick on thread 0
Info: McodeMachine:Run_Machine PC=0x114
Info: McodeMachine:Run_Machine: new bundle pc=0x114 (size=4)
LOG:Get_Operands: 0x114  McodeNullInstruction
LOG:Get_Operands: 0x115  McodeNullInstruction
LOG:Get_Operands: 0x116  McodeNullInstruction
LOG:Get_Operands: 0x117  McodeNullInstruction
Info: 276: Null!
LOG:Execute     : 0x114  McodeNullInstruction
Info: 277: Null!
LOG:Execute     : 0x115  McodeNullInstruction
Info: 278: Null!
LOG:Execute     : 0x116  McodeNullInstruction
Info: 279: Null!
LOG:Execute     : 0x117  McodeNullInstruction
LOG:Set_Results  : 0x114  McodeNullInstruction
LOG:Set_Results  : 0x115  McodeNullInstruction
LOG:Set_Results  : 0x116  McodeNullInstruction
LOG:Set_Results  : 0x117  McodeNullInstruction
RunLog[0]: l_276 pc=0x114  McodeInstructionBundle
RunLog[0]: 0x114 $null        -> 
RunLog[0]: 0x115 $null        -> 
RunLog[0]: 0x116 $null        -> 
RunLog[0]: 0x117 $null        -> 
Info: Tick on thread 0
Info: McodeAccelerator:: 0xe8000000 = IMEM[0x118]
Info: McodeAccelerator:: 0x68000000 = IMEM[0x119]
Info: McodeAccelerator:: 0x68000000 = IMEM[0x11a]
Info: McodeAccelerator:: 0x68000000 = IMEM[0x11b]
Info: McodeAccelerator:: 0x508fe458 = IMEM[0x11c]
Info: McodeAccelerator:: 0x4c90e410 = IMEM[0x11d]
Info: McodeAccelerator:: 0x68000000 = IMEM[0x11e]
Info: McodeAccelerator:: 0x68000000 = IMEM[0x11f]
Info: McodeMachine:Run_Machine PC=0x118
Info: McodeMachine:Run_Machine: new bundle pc=0x118 (size=8)
LOG:Get_Operands: 0x118  McodeNullInstruction
LOG:Get_Operands: 0x119  McodeNullInstruction
LOG:Get_Operands: 0x11a  McodeNullInstruction
LOG:Get_Operands: 0x11b  McodeNullInstruction
Info: RunLog[0]: 0x400 = Get_Register(28)

Info: RunLog[0]: 0x1 = Get_Register(15)

LOG:Get_Operands: 0x11c  McodeStoreInstruction
Info: RunLog[0]: 0x400 = Get_Register(28)

LOG:Get_Operands: 0x11d  McodeLoadInstruction
LOG:Get_Operands: 0x11e  McodeNullInstruction
LOG:Get_Operands: 0x11f  McodeNullInstruction
Info: 280: Null!
LOG:Execute     : 0x118  McodeNullInstruction
Info: 281: Null!
LOG:Execute     : 0x119  McodeNullInstruction
Info: 282: Null!
LOG:Execute     : 0x11a  McodeNullInstruction
Info: 283: Null!
LOG:Execute     : 0x11b  McodeNullInstruction
Info: McodeAccelerator:: DMEM[0x8b] = 0x1

Info: ___execute_store_operation___ 
Info: 284: Store!
LOG:Execute     : 0x11c  McodeStoreInstruction
Info: McodeAccelerator:: 0xd = DMEM[0x82]

Info: ___execute_load_operation___
Info: 285: Load!
LOG:Execute     : 0x11d  McodeLoadInstruction
Info: 286: Null!
LOG:Execute     : 0x11e  McodeNullInstruction
Info: 287: Null!
LOG:Execute     : 0x11f  McodeNullInstruction
LOG:Set_Results  : 0x118  McodeNullInstruction
LOG:Set_Results  : 0x119  McodeNullInstruction
LOG:Set_Results  : 0x11a  McodeNullInstruction
LOG:Set_Results  : 0x11b  McodeNullInstruction
LOG:Set_Results  : 0x11c  McodeStoreInstruction
Info: RunLog[0]: Set_Register(16, 0xd)
LOG:Set_Results  : 0x11d  McodeLoadInstruction
LOG:Set_Results  : 0x11e  McodeNullInstruction
LOG:Set_Results  : 0x11f  McodeNullInstruction
RunLog[0]: l_280 pc=0x118  McodeInstructionBundle
RunLog[0]: 0x118 $null        -> 
RunLog[0]: 0x119 $null        -> 
RunLog[0]: 0x11a $null        -> 
RunLog[0]: 0x11b $null        -> 
RunLog[0]: 0x11c $st         0x400    0x58    0x1     -> 
RunLog[0]: 0x11d $ld         0x400    0x10     -> 0xd    
RunLog[0]: 0x11e $null        -> 
RunLog[0]: 0x11f $null        -> 
Info: Tick on thread 0
Info: McodeAccelerator:: 0x8910011d = IMEM[0x120]
Info: McodeAccelerator:: 0x10810010 = IMEM[0x121]
Info: McodeAccelerator:: 0x68000000 = IMEM[0x122]
Info: McodeAccelerator:: 0x68000000 = IMEM[0x123]
Info: McodeAccelerator:: 0x68000000 = IMEM[0x124]
Info: McodeAccelerator:: 0x68000000 = IMEM[0x125]
Info: McodeAccelerator:: 0x68000000 = IMEM[0x126]
Info: McodeAccelerator:: 0x68000000 = IMEM[0x127]
Info: McodeMachine:Run_Machine PC=0x120
Info: McodeMachine:Run_Machine: new bundle pc=0x120 (size=8)
Info: RunLog[0]: 0x1 = Get_Register(29)

LOG:Get_Operands: 0x120  McodeBranchInstruction
Info: RunLog[0]: 0x0 = Get_Register(0)

Info: RunLog[0]: 0xd = Get_Register(16)

LOG:Get_Operands: 0x121  McodeAluInstruction
LOG:Get_Operands: 0x122  McodeNullInstruction
LOG:Get_Operands: 0x123  McodeNullInstruction
LOG:Get_Operands: 0x124  McodeNullInstruction
LOG:Get_Operands: 0x125  McodeNullInstruction
LOG:Get_Operands: 0x126  McodeNullInstruction
LOG:Get_Operands: 0x127  McodeNullInstruction
Info: ___execute_branch_operation___
Info: 288: Branch!
LOG:Execute     : 0x120  McodeBranchInstruction
Info: ___execute_alu_operation___
Info: 289: Alu!
LOG:Execute     : 0x121  McodeAluInstruction
Info: 290: Null!
LOG:Execute     : 0x122  McodeNullInstruction
Info: 291: Null!
LOG:Execute     : 0x123  McodeNullInstruction
Info: 292: Null!
LOG:Execute     : 0x124  McodeNullInstruction
Info: 293: Null!
LOG:Execute     : 0x125  McodeNullInstruction
Info: 294: Null!
LOG:Execute     : 0x126  McodeNullInstruction
Info: 295: Null!
LOG:Execute     : 0x127  McodeNullInstruction
LOG:Set_Results  : 0x120  McodeBranchInstruction
Info: RunLog[0]: Set_Register(1, 0xd)
LOG:Set_Results  : 0x121  McodeAluInstruction
LOG:Set_Results  : 0x122  McodeNullInstruction
LOG:Set_Results  : 0x123  McodeNullInstruction
LOG:Set_Results  : 0x124  McodeNullInstruction
LOG:Set_Results  : 0x125  McodeNullInstruction
LOG:Set_Results  : 0x126  McodeNullInstruction
LOG:Set_Results  : 0x127  McodeNullInstruction
RunLog[0]: l_288 pc=0x120  McodeInstructionBundle
RunLog[0]: 0x120 $branch     0x1     ->   npc=0x128
RunLog[0]: 0x121 +           0x0    0xd     -> 0xd    
RunLog[0]: 0x122 $null        -> 
RunLog[0]: 0x123 $null        -> 
RunLog[0]: 0x124 $null        -> 
RunLog[0]: 0x125 $null        -> 
RunLog[0]: 0x126 $null        -> 
RunLog[0]: 0x127 $null        -> 
Info: Tick on thread 0
Info: McodeAccelerator:: 0x909b001a = IMEM[0x128]
Info: McodeAccelerator:: 0xe8000000 = IMEM[0x129]
Info: McodeAccelerator:: 0xe8000000 = IMEM[0x12a]
Info: McodeAccelerator:: 0x68000000 = IMEM[0x12b]
Info: McodeAccelerator:: 0xe8000000 = IMEM[0x12c]
Info: McodeAccelerator:: 0x68000000 = IMEM[0x12d]
Info: McodeAccelerator:: 0x68000000 = IMEM[0x12e]
Info: McodeAccelerator:: 0x68000000 = IMEM[0x12f]
Info: McodeMachine:Run_Machine PC=0x128
Info: McodeMachine:Run_Machine: new bundle pc=0x128 (size=1)
Info: RunLog[0]: 0x0 = Get_Register(0)

Info: RunLog[0]: 0x7ff8 = Get_Register(26)

LOG:Get_Operands: 0x128  McodeAluInstruction
Info: ___execute_alu_operation___
Info: 296: Alu!
LOG:Execute     : 0x128  McodeAluInstruction
Info: RunLog[0]: Set_Register(27, 0x7ff8)
LOG:Set_Results  : 0x128  McodeAluInstruction
RunLog[0]: l_296 pc=0x128  McodeInstructionBundle
RunLog[0]: 0x128 +           0x0    0x7ff8     -> 0x7ff8    
Info: Tick on thread 0
Info: McodeMachine:Run_Machine PC=0x129
Info: McodeMachine:Run_Machine: new bundle pc=0x129 (size=1)
LOG:Get_Operands: 0x129  McodeNullInstruction
Info: 297: Null!
LOG:Execute     : 0x129  McodeNullInstruction
LOG:Set_Results  : 0x129  McodeNullInstruction
RunLog[0]: l_297 pc=0x129  McodeInstructionBundle
RunLog[0]: 0x129 $null        -> 
Info: Tick on thread 0
Info: McodeMachine:Run_Machine PC=0x12a
Info: McodeMachine:Run_Machine: new bundle pc=0x12a (size=2)
LOG:Get_Operands: 0x12a  McodeNullInstruction
LOG:Get_Operands: 0x12b  McodeNullInstruction
Info: 298: Null!
LOG:Execute     : 0x12a  McodeNullInstruction
Info: 299: Null!
LOG:Execute     : 0x12b  McodeNullInstruction
LOG:Set_Results  : 0x12a  McodeNullInstruction
LOG:Set_Results  : 0x12b  McodeNullInstruction
RunLog[0]: l_298 pc=0x12a  McodeInstructionBundle
RunLog[0]: 0x12a $null        -> 
RunLog[0]: 0x12b $null        -> 
Info: Tick on thread 0
Info: McodeMachine:Run_Machine PC=0x12c
Info: McodeMachine:Run_Machine: new bundle pc=0x12c (size=4)
LOG:Get_Operands: 0x12c  McodeNullInstruction
LOG:Get_Operands: 0x12d  McodeNullInstruction
LOG:Get_Operands: 0x12e  McodeNullInstruction
LOG:Get_Operands: 0x12f  McodeNullInstruction
Info: 300: Null!
LOG:Execute     : 0x12c  McodeNullInstruction
Info: 301: Null!
LOG:Execute     : 0x12d  McodeNullInstruction
Info: 302: Null!
LOG:Execute     : 0x12e  McodeNullInstruction
Info: 303: Null!
LOG:Execute     : 0x12f  McodeNullInstruction
LOG:Set_Results  : 0x12c  McodeNullInstruction
LOG:Set_Results  : 0x12d  McodeNullInstruction
LOG:Set_Results  : 0x12e  McodeNullInstruction
LOG:Set_Results  : 0x12f  McodeNullInstruction
RunLog[0]: l_300 pc=0x12c  McodeInstructionBundle
RunLog[0]: 0x12c $null        -> 
RunLog[0]: 0x12d $null        -> 
RunLog[0]: 0x12e $null        -> 
RunLog[0]: 0x12f $null        -> 
Info: Tick on thread 0
Info: McodeAccelerator:: 0x8c000000 = IMEM[0x130]
Info: McodeAccelerator:: 0x68000000 = IMEM[0x131]
Info: McodeAccelerator:: 0x68000000 = IMEM[0x132]
Info: McodeAccelerator:: 0x68000000 = IMEM[0x133]
Info: McodeAccelerator:: 0x4c9adc00 = IMEM[0x134]
Info: McodeAccelerator:: 0x68000000 = IMEM[0x135]
Info: McodeAccelerator:: 0x68000000 = IMEM[0x136]
Info: McodeAccelerator:: 0x68000000 = IMEM[0x137]
Info: McodeMachine:Run_Machine PC=0x130
Info: McodeMachine:Run_Machine: new bundle pc=0x130 (size=8)
LOG:Get_Operands: 0x130  McodeReturnInstruction
LOG:Get_Operands: 0x131  McodeNullInstruction
LOG:Get_Operands: 0x132  McodeNullInstruction
LOG:Get_Operands: 0x133  McodeNullInstruction
Info: RunLog[0]: 0x7ff8 = Get_Register(27)

LOG:Get_Operands: 0x134  McodeLoadInstruction
LOG:Get_Operands: 0x135  McodeNullInstruction
LOG:Get_Operands: 0x136  McodeNullInstruction
LOG:Get_Operands: 0x137  McodeNullInstruction
Info: ___execute_return_operation___ npc= 0x68
Info: 304: Return! npc=0x68
LOG:Execute     : 0x130  McodeReturnInstruction
Info: 305: Null!
LOG:Execute     : 0x131  McodeNullInstruction
Info: 306: Null!
LOG:Execute     : 0x132  McodeNullInstruction
Info: 307: Null!
LOG:Execute     : 0x133  McodeNullInstruction
Info: McodeAccelerator:: 0x7ff8 = DMEM[0xfff]

Info: ___execute_load_operation___
Info: 308: Load!
LOG:Execute     : 0x134  McodeLoadInstruction
Info: 309: Null!
LOG:Execute     : 0x135  McodeNullInstruction
Info: 310: Null!
LOG:Execute     : 0x136  McodeNullInstruction
Info: 311: Null!
LOG:Execute     : 0x137  McodeNullInstruction
LOG:Set_Results  : 0x130  McodeReturnInstruction
LOG:Set_Results  : 0x131  McodeNullInstruction
LOG:Set_Results  : 0x132  McodeNullInstruction
LOG:Set_Results  : 0x133  McodeNullInstruction
Info: RunLog[0]: Set_Register(26, 0x7ff8)
LOG:Set_Results  : 0x134  McodeLoadInstruction
LOG:Set_Results  : 0x135  McodeNullInstruction
LOG:Set_Results  : 0x136  McodeNullInstruction
LOG:Set_Results  : 0x137  McodeNullInstruction
RunLog[0]: l_304 pc=0x130  McodeInstructionBundle
RunLog[0]: 0x130 $ret         ->   npc= 0x68
RunLog[0]: 0x131 $null        -> 
RunLog[0]: 0x132 $null        -> 
RunLog[0]: 0x133 $null        -> 
RunLog[0]: 0x134 $ld         0x7ff8    0x0     -> 0x7ff8    
RunLog[0]: 0x135 $null        -> 
RunLog[0]: 0x136 $null        -> 
RunLog[0]: 0x137 $null        -> 
Info: Tick on thread 0
Info: McodeAccelerator:: 0xec000000 = IMEM[0x68]
Info: McodeAccelerator:: 0xe8000000 = IMEM[0x69]
Info: McodeAccelerator:: 0xe8000000 = IMEM[0x6a]
Info: McodeAccelerator:: 0x68000000 = IMEM[0x6b]
Info: McodeAccelerator:: 0xe8000000 = IMEM[0x6c]
Info: McodeAccelerator:: 0x68000000 = IMEM[0x6d]
Info: McodeAccelerator:: 0x68000000 = IMEM[0x6e]
Info: McodeAccelerator:: 0x68000000 = IMEM[0x6f]
Info: McodeMachine:Run_Machine PC=0x68
Info: McodeMachine:Run_Machine: new bundle pc=0x68 (size=1)
LOG:Get_Operands: 0x68  McodeHaltInstruction
Info: 104: Halt!
LOG:Execute     : 0x68  McodeHaltInstruction
LOG:Set_Results  : 0x68  McodeHaltInstruction
RunLog[0]: l_104 pc=0x68  McodeInstructionBundle
RunLog[0]: 0x68 $halt        -> 
Info: Stopped after 71 ticks.
Info: number of non-null instructions executed = 82
Info: number of null instructions executed = 223
Warning: Unknown verify line keyword reg
Warning: Unknown verify line keyword mem
Warning: Unknown verify line keyword mem
Warning: Unknown verify line keyword mem
Warning: Unknown verify line keyword mem
Warning: Unknown verify line keyword mem
Warning: Unknown verify line keyword mem
Warning: Unknown verify line keyword mem
Warning: Unknown verify line keyword mem
Warning: Unknown verify line keyword mem
Warning: Unknown verify line keyword mem
